Energy	Efficiency(GR)	alpha(norm)	alpha	beta	Cff
500	0.009010144611	75.82364478	14.17636	16.735553032941	1.17577026432641
502	0.00827279581	75.8880181	14.11198	16.6713642059187	1.17662360156545
504	0.007544309981	75.95193083	14.04807	16.6076544199587	1.17747901516844
506	0.007130496295	76.01685556	13.98314	16.5431583098594	1.17837189466193
508	0.006421889327	76.07587194	13.92413	16.4837631141338	1.1791362468331
510	0.005636974541	76.13880106	13.8612	16.4211191816006	1.18000708146274
512	0.004859821666	76.20184229	13.79816	16.3584601130517	1.18089388467086
514	0.004432067705	76.2607776	13.73922	16.2993486577096	1.18169303123046
516	0.003822540991	76.32207201	13.67793	16.2383230697863	1.18256256858225
518	0.003209797603	76.37913528	13.62086	16.1809394261877	1.18333929872482
520	0.002526734092	76.43641706	13.56358	16.1234492938996	1.18413280440169
522	0.002055169397	76.48886641	13.51113	16.0701065461923	1.184814908884
524	0.001635711886	76.5466706	13.45333	16.0123169733803	1.18564428721044
526	0.001172309556	76.59479085	13.40521	15.96275826732	1.18623535979449
528	8.617186462E-4	76.64591366	13.35409	15.910733344735	1.18691311580508
530	5.704354599E-4	76.6896076	13.31039	15.8650207906058	1.18740617352132
532	4.016686944E-4	76.74085943	13.25914	15.8130105554386	1.18810554884438
534	3.480624731E-4	76.81531083	13.18469	15.7415538867011	1.18943277689967
536	4.552787433E-4	76.92205679	13.07794	15.6430796285143	1.19165789569026
538	8.360681179E-4	77.00937312	12.99063	15.5610722147481	1.1933953170949
540	0.001363483761	77.07718146	12.92282	15.4955119692083	1.19462031821519
542	0.002084930426	77.13456209	12.86544	15.4387619230177	1.19557065892945
544	0.0033804201	77.19717207	12.80283	15.3777127221189	1.19668353378915
546	0.005100919495	77.25161064	12.74839	15.3235642276216	1.19757869607337
548	0.007335020699	77.30999062	12.69001	15.2661962098079	1.19860065465315
550	0.01019043265	77.36840213	12.6316	15.2088763510785	1.19963845879841
552	0.01317406543	77.42569848	12.5743	15.1525542968579	1.20065872263705
554	0.01906945773	77.48693904	12.51306	15.0930255296767	1.20181115118366
556	0.02564431349	77.54723086	12.45277	15.0343644656796	1.20295231364558
558	0.03330356023	77.60732997	12.39267	14.9759378792007	1.20410472404016
560	0.0419213444	77.66308941	12.33691	14.9211889253024	1.20514112000624
562	0.05848960241	77.72982094	12.27018	14.8574166520276	1.20653239223348
564	0.0835743754	77.80206256	12.19794	14.7891721540734	1.20811897847302
566	0.1114237166	77.8780132	12.12199	14.7179619056304	1.2098506842126
568	0.1411325026	77.94967765	12.05032	14.6503945876882	1.21147483348648
570	0.1760412479	78.0243822	11.97562	14.5804308585492	1.21322571296527
572	0.3704708378	78.25871952	11.74128	14.3794750854227	1.22040172983306
574	0.1802248566	78.37437979	11.62562	14.2764381418562	1.22372713714585
576	0.1012273676	78.29538699	11.70461	14.3327300873313	1.22027554950736
578	0.0666056937	78.22044217	11.77956	14.3859732040591	1.21702969464689
580	0.05034244036	78.1906193	11.80938	14.402309303882	1.21534946177801
582	0.04772016913	78.21783799	11.78216	14.3717838610271	1.21559007975785
584	0.04527381783	78.24611473	11.75389	14.3404381966973	1.21587072513883
586	0.04317500625	78.27411974	11.72588	14.3093497659305	1.21614745395122
588	0.04144111748	78.3018564	11.69814	14.2785263504932	1.21641984515278
590	0.04059393735	78.33757309	11.66243	14.2411958072288	1.21696884226858
592	0.03998401757	78.37184387	11.62816	14.2050949000453	1.21747564218327
594	0.03954613745	78.40986872	11.59013	14.1659527508862	1.21811891168984
596	0.03916513254	78.44309897	11.5569	14.1307976795464	1.21860384648691
598	0.0389186194	78.47647705	11.52352	14.0955641146942	1.21910049382016
600	0.03881612483	78.51714641	11.48285	14.0543982662819	1.21985929056978
602	0.03876318303	78.5542209	11.44578	14.0162323736465	1.22050059246538
604	0.03869259427	78.59088506	11.40911	13.9784410083757	1.22113579614298
606	0.03874044407	78.62678997	11.37321	13.9413263548617	1.22175151083902
608	0.03881169043	78.66289147	11.33711	13.9040937632512	1.22238215795596
610	0.03888740043	78.70362796	11.29637	13.8631132457416	1.22318836533182
612	0.03901602723	78.74117097	11.25883	13.8247973146303	1.22388822314828
614	0.03917151235	78.77871626	11.22128	13.7865199740934	1.2245971197151
616	0.03937722397	78.81554412	11.18446	13.7488850626278	1.2252878876884
618	0.03950493949	78.85064614	11.14935	13.7126908421213	1.225923815419
620	0.0397054372	78.88897374	11.11103	13.6739239029363	1.22668718395639
622	0.03994249245	78.92618743	11.07381	13.636100256741	1.22741865002142
624	0.04014862912	78.96355325	11.03645	13.5982085493591	1.22816432589286
626	0.04034509265	78.99963203	11.00037	13.5614044077123	1.22887045718098
628	0.0405901316	79.03597089	10.96403	13.52443345684	1.22959507691401
630	0.04079313064	79.07428481	10.92572	13.4859061511299	1.23040421769492
632	0.04105833739	79.11144703	10.88855	13.448351504192	1.23117903184959
634	0.04111628975	79.14767033	10.85233	13.4116134633928	1.2319261619573
636	0.04144181201	79.18443312	10.81557	13.374481786843	1.23270341452702
638	0.04179358789	79.22087616	10.77912	13.3376463319085	1.23347773841695
640	0.04188895777	79.25651496	10.74349	13.3015197634119	1.23422873606346
642	0.04212377479	79.29768346	10.70232	13.2609513358193	1.23521015912391
644	0.04256413188	79.33343206	10.66657	13.2248176152763	1.23598529338285
646	0.04281304501	79.36951843	10.63048	13.1884525999776	1.23678336528058
648	0.04296830933	79.40487659	10.59512	13.1527213504878	1.2375610899281
650	0.04341070484	79.43995084	10.56005	13.1172673677859	1.23833604842222
652	0.043758347	79.47587673	10.52412	13.0811620740003	1.23915559600907
654	0.04387979651	79.51007201	10.48993	13.0465036272528	1.23991243430684
656	0.04427150742	79.54576287	10.45424	13.0106778963188	1.24074079328274
658	0.04454393478	79.58092334	10.41908	12.9753222459812	1.24155651007879
660	0.04477881969	79.61460645	10.38539	12.9411924197364	1.24231942993718
662	0.04509908643	79.64967663	10.35032	12.9059934903114	1.24314995045508
664	0.04520477415	79.68474932	10.31525	12.8708369462592	1.24399008048548
666	0.0455063861	79.71857062	10.28143	12.8367269129059	1.24478593786844
668	0.04586177592	79.75304211	10.24696	12.802136008828	1.24561914540455
670	0.04606203219	79.78536939	10.21463	12.7693036320843	1.24636834168605
672	0.0464042475	79.82000252	10.18	12.7346664365423	1.24722718437682
674	0.04671810051	79.85464028	10.14536	12.70006292131	1.24809630082086
676	0.04694147309	79.88637375	10.11363	12.6678311103405	1.24884567323607
678	0.04743950273	79.91988087	10.08012	12.6342134694676	1.24968323318255
680	0.04763477115	79.95122318	10.04878	12.6023715059252	1.25043238280315
682	0.04808361639	79.98435453	10.01565	12.5691370195909	1.2512710931248
684	0.04851612703	80.01710439	9.9829	12.53624586615	1.25210187482514
686	0.04874265102	80.04807545	9.95192	12.5048068303544	1.2528606408531
688	0.04922537249	80.08065937	9.91934000000001	12.4721290711228	1.2537017293449
690	0.04947925886	80.11105746	9.88894000000001	12.4412281794562	1.25445082841514
692	0.04995735994	80.14328294	9.85672	12.4089142286714	1.25529326238378
694	0.05028066609	80.17415109	9.82585	12.3777136734224	1.25608149875268
696	0.05064461896	80.20511099	9.79489	12.346478710633	1.25688263441476
698	0.05103835316	80.23588457	9.76412000000001	12.3154320559621	1.25768349177669
700	0.05143416776	80.26647752	9.73352	12.284557476993	1.25848494585637
702	0.05181537433	80.29688086	9.70312	12.2538784874562	1.25928548443795
704	0.05220494294	80.32710533	9.67289	12.2233709253242	1.2600864681475
706	0.05259819066	80.35715353	9.64285	12.1930503443757	1.26088685337121
708	0.05303645941	80.38701783	9.61297999999999	12.1629005551472	1.26168753417693
710	0.05344215311	80.41670906	9.58329000000001	12.1329291716519	1.26248794694978
712	0.0538556418	80.45022934	9.54977	12.0999618662167	1.2634870605769
714	0.0542762743	80.47958206	9.52042	12.0703325207937	1.2642888534796
716	0.0547309367	80.50876622	9.49123	12.0408648261212	1.26509115522965
718	0.05516436063	80.53778277	9.46222	12.0115742916982	1.26589288992069
720	0.05560529097	80.56663135	9.43337	11.9824448093229	1.266694990595
722	0.0563808638	80.59391318	9.40609000000001	11.9545885504689	1.26742532522346
724	0.05684309469	80.62243045	9.37757000000001	11.9257874884796	1.26822702873633
726	0.05730082884	80.65078573	9.34921	11.8971466055448	1.26902888811467
728	0.05776868871	80.67898082	9.32102	11.8686734899909	1.26983031425198
730	0.05859376874	80.70559673	9.2944	11.8414696870305	1.27055805381929
732	0.05907730074	80.73346573	9.26653	11.8133147789636	1.27135901229813
734	0.05957107023	80.76117863	9.23882	11.7853188974192	1.272159837589
736	0.06007191504	80.78873572	9.21126	11.7574739022597	1.27296098866863
738	0.06095824165	80.81470383	9.1853	11.7309179189226	1.27368491854199
740	0.06148048533	80.84194956	9.15805	11.7033810203861	1.27448555561608
742	0.06200786935	80.86904171	9.13096	11.6760020349294	1.27528577565715
744	0.06254842982	80.89597986	9.10402000000001	11.648772843915	1.276086046278
746	0.06313222705	80.9227695	9.07723	11.6216931804618	1.27688630008345
748	0.06370924847	80.94941001	9.05059	11.5947627782112	1.27768646892401
750	0.06427663355	80.97590125	9.0241	11.5679813713277	1.27848648389625
752	0.06485276745	81.00224781	8.99775	11.5413408776431	1.2792868307211
754	0.06499263346	81.02991418	8.97009	11.513708347745	1.28016843760962
756	0.06557903486	81.05597182	8.94403	11.4873574454977	1.28096914587123
758	0.06617709256	81.08188825	8.91811	11.461146697011	1.2817699952141
760	0.06682387266	81.10766302	8.89234	11.4350836504201	1.28257035434233
762	0.06748910808	81.13329549	8.86669999999999	11.409152458956	1.28337129179016
764	0.06795985728	81.15906352	8.84094	11.3831582127125	1.28418710389317
766	0.06824415649	81.18563629	8.81435999999999	11.3565563191646	1.28505838495462
768	0.06893644783	81.21085452	8.78915000000001	11.3310511079755	1.28585885107582
770	0.06961022412	81.23993799	8.76006	11.3025604689633	1.28689382385114
772	0.07028785269	81.26488738	8.73511000000001	11.277318738716	1.28769614424958
774	0.07042383965	81.28720569	8.71279	11.2541477840749	1.28835108195056
776	0.07111415941	81.31188992	8.68810999999999	11.2291732165622	1.2891523913895
778	0.07180166066	81.33644344	8.66356	11.2043286019823	1.28995378710095
780	0.0718716588	81.36238014	8.63762	11.1784361471999	1.29084637328192
782	0.07261002498	81.38667296	8.61333	11.1538514811296	1.29164824012589
784	0.07336873584	81.41083812	8.58916000000001	11.1293883424523	1.29245061579877
786	0.07383605238	81.43511428	8.56489000000001	11.1048764045938	1.29326685540874
788	0.07410421063	81.46031636	8.53968	11.0796666879186	1.29414859932067
790	0.074784896	81.48810417	8.5119	11.0525021099812	1.29519742122294
792	0.07554256931	81.51176458	8.48824	11.0285487177474	1.29600119569745
794	0.07569360401	81.53684597	8.46315	11.0035205560514	1.29690183422233
796	0.07647322333	81.5602627	8.43974	10.9798162608396	1.29770587029687
798	0.07726850182	81.58355706	8.41643999999999	10.9562242617773	1.29851063884867
800	0.07742507987	81.60828746	8.39171	10.9315591676263	1.29941365924252
802	0.07823825115	81.63134353	8.36866000000001	10.908214978875	1.30021834112426
804	0.0785259354	81.65534378	8.34466	10.8841677461697	1.30109146940227
806	0.07913235281	81.67866625	8.32133	10.860663171869	1.30192977717907
808	0.07978871636	81.7013675	8.29863	10.8376695243214	1.30273523472302
810	0.07995909421	81.72553342	8.27446999999999	10.813582584856	1.30364324447937
812	0.08082147132	81.74800464	8.252	10.7908192984159	1.30444932808101
814	0.08170436653	81.77036118	8.22964	10.7681666856056	1.30525570824403
816	0.08187986231	81.79419709	8.2058	10.7444072017756	1.30616741790999
818	0.08243757756	81.81632987	8.18367000000001	10.72198375812	1.30697409968417
820	0.08334993491	81.83834839	8.16164999999999	10.6996703974723	1.30778091275259
822	0.08353348361	81.86186103	8.13814000000001	10.6762442851403	1.30869521201282
824	0.0844781758	81.88366289	8.11633999999999	10.6541512663338	1.30950266291593
826	0.08543916848	81.90535061	8.09465	10.6321677524814	1.31031008129603
828	0.08522421372	81.92854767	8.07145	10.6090580166723	1.3112278617373
830	0.08620518988	81.95002442	8.04998000000001	10.587293698523	1.3120355962641
832	0.08720192488	81.97138998	8.02861	10.5656306932833	1.31284381804785
834	0.08740335167	81.99427818	8.00572	10.5428356741964	1.31376464441493
836	0.08820452397	82.01543623	7.98456	10.5213831317824	1.31457355675456
838	0.0891481282	82.0364879	7.96351	10.500038966085	1.315382107129
840	0.08928654924	82.05907479	7.94092999999999	10.4775570216308	1.31630553599908
842	0.09027481061	82.07992135	7.92008	10.4564146206951	1.31711516242917
844	0.09106243347	82.10109155	7.89891	10.4350537792659	1.31795480027411
846	0.09142482351	82.12295853	7.87703999999999	10.4131867993948	1.31885197962638
848	0.09245643978	82.14350024	7.8565	10.3923529325076	1.31966185534058
850	0.09260064138	82.16560509	7.83439	10.3703541295988	1.32059219216227
852	0.09364987627	82.18594924	7.81404999999999	10.3497202762142	1.32140264665985
854	0.09465442389	82.20627049	7.79373	10.3291252763528	1.32221884773407
856	0.09481952427	82.22801368	7.77199	10.3074807106152	1.32314625583204
858	0.09589512444	82.24806616	7.75193	10.2871300837802	1.32395837186324
860	0.09601460363	82.26970087	7.7303	10.2656177773011	1.32489377407417
862	0.09711340756	82.28956062	7.71044000000001	10.2454654655419	1.3257059739536
864	0.09723916529	82.30701772	7.69298000000001	10.227145641464	1.32634611282785
866	0.0983460753	82.33068945	7.66931	10.2041679694129	1.32745767815731
868	0.09843763132	82.34796628	7.65203	10.1860280989867	1.32809735468001
870	0.09955734987	82.36745381	7.63254999999999	10.1662534989182	1.32890918261099
872	0.09965847702	82.38855786	7.61144	10.1452757858769	1.32985216725563
874	0.1007916429	82.40786031	7.59214	10.12568247446	1.33066499138617
876	0.1011542644	82.42836408	7.57164	10.1052103653586	1.33157712394971
878	0.1020568271	82.44791519	7.55208	10.0854672891521	1.33242460601584
880	0.1027857464	82.46764824	7.53234999999999	10.065619319579	1.33329262758449
882	0.1032958748	82.48762105	7.51237999999999	10.0456142151128	1.33418690330805
884	0.1044724607	82.50647899	7.49352	10.0264635116731	1.3350018813911
886	0.1045416017	82.52698748	7.47301	10.0060995469646	1.33595387436252
888	0.1051326193	82.54659542	7.4534	9.98643228682552	1.33684287774441
890	0.1058036595	82.56601049	7.43398999999999	9.96693707840251	1.33772361511608
892	0.1070183613	82.58453377	7.41547	9.94812908009536	1.33854070982281
894	0.1070689715	82.6047042	7.39530000000001	9.92811066512576	1.33949736724061
896	0.1077509793	82.62379111	7.37621	9.90892103944028	1.34037504045888
898	0.1082555649	82.6430681	7.35693000000001	9.88961170073572	1.34127561580435
900	0.1085159067	82.66263175	7.33737000000001	9.87011586115575	1.3422067252821
902	0.1094629313	82.68111008	7.31889	9.8514465128423	1.34305723027778
904	0.1105843466	82.69927458	7.30073	9.83303656535626	1.34388853234001
906	0.1106826741	82.71882978	7.28117	9.81360652085403	1.34484269675661
908	0.1115069514	82.73727874	7.26272	9.79502362292378	1.34571264364512
910	0.111869016	82.75623629	7.24375999999999	9.77608318665582	1.34663252605795
912	0.1124121804	82.77487362	7.22512999999999	9.75740931717262	1.34753244663371
914	0.113036449	82.79333365	7.20667	9.73888284662759	1.34842556558974
916	0.1142888556	82.81086634	7.18913000000001	9.72105935617011	1.34924811240484
918	0.1142126391	82.83012307	7.16988000000001	9.70198958191692	1.35022318030645
920	0.1154842436	82.8474985	7.1525	9.68432575797624	1.35104631264484
922	0.115402023	82.86661218	7.13339000000001	9.66540234803394	1.35202507217289
924	0.1166624451	82.88383421	7.11617	9.6478976499843	1.35284861707109
926	0.1165477803	82.90280198	7.0972	9.62912010318082	1.35383093621598
928	0.1178259978	82.91987349	7.08013	9.61176660994623	1.35465559010075
930	0.1177009855	82.93870212	7.0613	9.5931344316228	1.35564133790432
932	0.1189949556	82.9556223	7.04438	9.57593162976165	1.35646694133815
934	0.1188577557	82.97430842	7.02569	9.55744432638954	1.3574559834824
936	0.1201706918	82.9910825	7.00892	9.54039170389516	1.35828237364387
938	0.120020762	83.00963308	6.99037	9.5220487830481	1.35927457241784
940	0.1213228097	83.02626015	6.97374000000001	9.50513847694359	1.36010248136541
942	0.1211369419	83.04467308	6.95533	9.48693945264982	1.36109770020853
944	0.1224551982	83.06115851	6.93884	9.47017097791349	1.36192697936982
946	0.1237047183	83.07767792	6.92232	9.45339944346706	1.36276562632542
948	0.123597879	83.09578073	6.90422	9.43548823822776	1.36375557594781
950	0.124949127	83.11205136	6.88795	9.41893851935959	1.36458533419973
952	0.124746931	83.13013231	6.86987000000001	9.4010819688361	1.36558889687475
954	0.1261184439	83.14626486	6.85374	9.38467286991297	1.36641963307448
956	0.1258923704	83.16421385	6.83579	9.36695123539314	1.36742666329226
958	0.1272786106	83.1802085	6.81979	9.35067497202603	1.36825915849898
960	0.127045326	83.19803255	6.80197	9.33308780266512	1.36926953155921
962	0.1284521369	83.21389222	6.78610999999999	9.31695122313818	1.37010270270469
964	0.1292684356	83.23037592	6.76962	9.30037329934897	1.37100225690137
966	0.1296341757	83.24731346	6.75269	9.2834934057842	1.37195092545958
968	0.1310804249	83.26297218	6.73703	9.26755776279244	1.37278537649863
970	0.1308009658	83.28048168	6.71952	9.25029334400275	1.3738045156753
972	0.1322408087	83.29600712	6.70399	9.2344889511923	1.37464021604122
974	0.1319434558	83.31339572	6.6866	9.21735017251237	1.37566321948265
976	0.1334060466	83.32879425	6.67121	9.20168385302026	1.37649904869742
978	0.1330998495	83.34606242	6.65394000000001	9.18467028749952	1.37752579557062
980	0.1345718475	83.36133051	6.63867	9.16912706680535	1.37836355581004
982	0.1347225559	83.37798281	6.62202000000001	9.15260078372817	1.37934440695512
984	0.1357460199	83.39362495	6.60638	9.13682500717	1.38023250093147
986	0.1371597936	83.40878407	6.59122000000001	9.12141453933545	1.38107949769723
988	0.1368632877	83.42567701	6.57432	9.10476234542831	1.38210761710983
990	0.138357741	83.44063288	6.55937	9.0895390876273	1.38294720866426
992	0.1379858291	83.45349468	6.54651	9.07584335979064	1.38358167460871
994	0.1394943689	83.46832736	6.53167000000001	9.06073275131764	1.38442202842275
996	0.1391101189	83.48507337	6.51493000000001	9.04426758825132	1.38546266886296
998	0.1406393957	83.49978575	6.50021	9.02927821125722	1.38630433603133
1000	0.1416944942	83.51492624	6.48506999999999	9.01400283907143	1.38719560853008
1002	0.1417202751	83.5310163	6.46898	8.99806023783867	1.38819192301866
1004	0.1432195794	83.54554785	6.45444999999999	8.983258714794	1.38903383961997
1006	0.1427476235	83.56201852	6.43798	8.96707804111699	1.39008454437937
1008	0.1442718825	83.57643532	6.42355999999999	8.95238953672295	1.39092846385091
1010	0.1437835858	83.59279886	6.4072	8.93632364893144	1.39198300301531
1012	0.1453153865	83.6070976	6.3929	8.92175496383452	1.39282774789582
1014	0.1449116075	83.62325175	6.37675	8.90587522063095	1.39387537759758
1016	0.1463552498	83.63754183	6.36246	8.89134704088125	1.39473250024411
1018	0.1478740355	83.65166951	6.34833	8.87694973207897	1.39557884296765
1020	0.1472885442	83.66776678	6.33223	8.86115785353503	1.39664356222928
1022	0.1488208183	83.68178173	6.31822	8.84687938258659	1.39749037919015
1024	0.1482209951	83.69777893	6.30222000000001	8.83119382879663	1.39855963496376
1026	0.1497677382	83.71168406	6.28832	8.81702665469743	1.39940786910615
1028	0.1509611476	83.72587613	6.27412	8.80266102420074	1.4002952084712
1030	0.1507043385	83.74137179	6.25863	8.78739082775513	1.40133109277338
1032	0.1522840503	83.75511095	6.24489	8.77338589312182	1.40218130528617
1034	0.1516202408	83.77085604	6.22914	8.75796405642722	1.40326093603049
1036	0.1531822949	83.78448604	6.21550999999999	8.74406950245849	1.40411224770544
1038	0.1543332905	83.7984444	6.20156	8.72996264666876	1.40500559311992
1040	0.1540638579	83.81365758	6.18634	8.71496822785391	1.40604835471862
1042	0.1556561886	83.82712985	6.17287	8.70123455272251	1.40690115714451
1044	0.1549498692	83.84262918	6.15737	8.68607425186462	1.40799052369918
1046	0.1565606331	83.85599583	6.14400000000001	8.67244294913359	1.40884523113251
1048	0.1559051399	83.87134288	6.12866	8.65742944542114	1.40993166845321
1050	0.1574594807	83.88466813	6.11533	8.64385761819026	1.41079503857806
1052	0.1590941969	83.89787962	6.10212	8.63038586989412	1.41165075360548
1054	0.1583198296	83.91314309	6.08686	8.61547787795967	1.4127503589355
1056	0.1598994611	83.92625342	6.07375	8.60210763985199	1.41360767287236
1058	0.1601834961	83.94044463	6.05956	8.5879887278462	1.41459744470657
1060	0.160636437	83.95443953	6.04555999999999	8.57401985180996	1.4155721082738
1062	0.1622495493	83.9673984	6.0326	8.56080080111903	1.41643111237549
1064	0.1613662657	83.98243568	6.01756	8.54612894077157	1.41754270316262
1066	0.1629887299	83.99529846	6.0047	8.53301056617023	1.41840300891481
1068	0.1646068026	84.00811189	5.99189	8.51994194769723	1.41926341830284
1070	0.1636513514	84.0230133	5.97699	8.50541622736459	1.42038073524617
1072	0.1652641536	84.03572752	5.96427	8.49244074778586	1.42124346131435
1074	0.165360626	84.04966051	5.95034	8.47862881960259	1.42225871849266
1076	0.1659249966	84.06316523	5.93683	8.46512745980447	1.42323023053009
1078	0.1675700072	84.07573564	5.92426	8.45230118804732	1.42409390255334
1080	0.166555991	84.09042085	5.90958000000001	8.4380084861835	1.42522230999383
1082	0.1682111023	84.10289839	5.89709999999999	8.4252745654893	1.42608801864174
1084	0.1698666959	84.11532812	5.88467	8.41258975067212	1.42695357121555
1086	0.168787181	84.12988758	5.87011	8.39842729977708	1.42808959195544
1088	0.1704277901	84.14222359	5.85778000000001	8.38584137463838	1.42895576997403
1090	0.1717689878	84.1547606	5.84524	8.37312246847922	1.4298542301886
1092	0.1709776276	84.16494673	5.83505	8.36206027020531	1.43046370146932
1094	0.1726429952	84.17714745	5.82285	8.3496059478333	1.43133062975146
1096	0.172776466	84.19051639	5.80947999999999	8.33634846379669	1.43235160782337
1098	0.1731951965	84.20361037	5.79639	8.32330111297333	1.43334420882694
1100	0.1748800086	84.21567494	5.78433	8.31098639642826	1.43421228863291
1102	0.1739206804	84.22973681	5.77025999999999	8.29728474483346	1.43534393733411
1104	0.1753539823	84.24188599	5.75811	8.28493530914376	1.43623651060153
1106	0.1770220648	84.25381581	5.74618	8.27275255713766	1.43710675988374
1108	0.1757951899	84.26792885	5.73206999999999	8.25906733593657	1.43826584558474
1110	0.1774735818	84.27977436	5.72023	8.24697482195857	1.43913732984838
1112	0.1791658539	84.29157564	5.70842	8.23491642952743	1.4400107973697
1114	0.1778990499	84.30557152	5.69443	8.22135847958715	1.44117660858237
1116	0.1795952244	84.31728596	5.68271	8.20938990198761	1.44205115588889
1118	0.1813046126	84.32895682	5.67104	8.19746911678608	1.44292497813681
1120	0.1799703438	84.34284022	5.65716	8.18403089082275	1.44409865044327
1122	0.1816587022	84.3544287	5.64557000000001	8.1721925544436	1.44497470086693
1124	0.1833468395	84.3659731	5.63403	8.16040178504859	1.44584992211973
1126	0.1819638347	84.37974374	5.62026	8.14708269588491	1.44703129214889
1128	0.1836648497	84.39120769	5.60879	8.13536705294003	1.44790993423811
1130	0.1853835249	84.40262978	5.59737	8.12369876086494	1.44878765070246
1132	0.1839550424	84.41628966	5.58371	8.11049823425313	1.44997656113508
1134	0.1856719447	84.42762854	5.57237000000001	8.09891157480562	1.45085619837007
1136	0.1874161051	84.43892622	5.56107	8.0873651543335	1.45173617503807
1138	0.1859201591	84.45247954	5.54752000000001	8.07428261197068	1.45293245546904
1140	0.187628998	84.46369905	5.5363	8.06281742526598	1.45381420065885
1142	0.1893356485	84.47487531	5.52512	8.0513922772069	1.45469620088515
1144	0.1877846416	84.48832109	5.51168	8.03842714798528	1.455899680618
1146	0.1895155426	84.49942091	5.50058	8.02708283627277	1.45678329258985
1148	0.1912506347	84.51048083	5.48952	8.01577836373184	1.45766707298689
1150	0.1896514128	84.52382348	5.47618	8.00292322344763	1.45887898904736
1152	0.1913956742	84.53480465	5.4652	7.99169919540194	1.45976422504962
1154	0.1931498077	84.54574672	5.45425	7.98050796163077	1.4606509656109
1156	0.1914818615	84.55898728	5.44101000000001	7.96776228154628	1.46187118148225
1158	0.1931263267	84.56991228	5.43009000000001	7.95661693390546	1.46276641926811
1160	0.1938753668	84.58140948	5.41858999999999	7.94508749673228	1.46375114566509
1162	0.1945237071	84.59293563	5.40706	7.93355024072103	1.46474671629238
1164	0.195172121	84.60442379	5.39558	7.92205977690533	1.46574158875061
1166	0.1958407396	84.61587442	5.38413	7.91060238961453	1.46673863640263
1168	0.1965008419	84.62728666	5.37271	7.89917802676587	1.46773784697341
1170	0.1971635998	84.63865872	5.36134	7.88780025348664	1.46873626454312
1172	0.1978263375	84.64999311	5.35001	7.87646218608372	1.46973531897488
1174	0.1984862464	84.66128844	5.33871000000001	7.86515695946302	1.47073646321198
1176	0.19913651	84.67254346	5.32746	7.85389811117953	1.47173670547976
1178	0.1997785721	84.68376079	5.31623999999999	7.84267198158863	1.47273898751857
1180	0.2004216261	84.69493966	5.30506	7.83148530444168	1.47374179461199
1182	0.2010756135	84.70608202	5.29392	7.82033801424526	1.47474509520611
1184	0.2017304748	84.71718818	5.28281	7.80922326936201	1.47575037044348
1186	0.202391972	84.72825881	5.27173999999999	7.79814778988547	1.47675608714604
1188	0.2030440101	84.73929136	5.26071	7.78711151052994	1.47776221296867
1190	0.2037032619	84.75028645	5.24970999999999	7.7761076037039	1.47877024617299
1192	0.204369818	84.76124654	5.23875	7.7651427758576	1.47977863496802
1194	0.2050164476	84.77216629	5.22783	7.75421696191218	1.48078734621102
1196	0.205656549	84.78305061	5.21695	7.74333009686287	1.48179634647912
1198	0.2062956251	84.79389781	5.20610000000001	7.73247537181012	1.4828071570477
1200	0.2069474253	84.80070929	5.19929	7.72435579009683	1.48319437300648
1202	0.2076075473	84.8114862	5.18850999999999	7.71357008470537	1.48420475439885
1204	0.208270785	84.82222871	5.17777	7.70282308944928	1.48521530770648
1206	0.2089356143	84.83293709	5.16706000000001	7.69210801127562	1.48622757457007
1208	0.2095984841	84.84360929	5.15639	7.68143152325626	1.48723995589556
1210	0.2102606284	84.85424639	5.14575000000001	7.67078684163335	1.48825400503234
1212	0.2109307873	84.86484846	5.13515	7.66018063044199	1.48926811018473
1214	0.2115738607	84.8754126	5.12459	7.64961282534466	1.49028223560492
1216	0.2122221767	84.88594275	5.11405999999999	7.63907665650864	1.4912979522915
1218	0.2128774539	84.89643752	5.10356	7.6285720734414	1.49231524247742
1220	0.2135203225	84.90689895	5.09310000000001	7.61810572213925	1.49333246877473
1222	0.2141810532	84.91732756	5.08266999999999	7.60767084666263	1.49435122001166
1224	0.2148424826	84.92772367	5.07228000000001	7.59727408400114	1.49536984590391
1226	0.2155032785	84.93808709	5.06191	7.58690200472136	1.49639158535862
1228	0.2161689141	84.94841509	5.05158	7.57656792867548	1.49741314953109
1230	0.21683024	84.95870983	5.04129	7.56627179204493	1.49843450056669
1232	0.2174892798	84.96897007	5.03103	7.55600686200625	1.49945725730592
1234	0.2181392543	84.97919439	5.02081	7.54577975306408	1.50047973695248
1236	0.2187860974	84.98938692	5.01061	7.53557708163425	1.50150524007057
1238	0.2194345112	84.999546	5.00045	7.52541212232276	1.50253041380156
1240	0.220089436	85.00967273	4.99033	7.51528481164179	1.50355521895399
1242	0.220745844	85.01976888	4.98023000000001	7.50518179344993	1.50458299346498
1244	0.2214122939	85.02983348	4.97017	7.49511631526778	1.50561034569257
1246	0.2220807531	85.03986698	4.96013000000001	7.4850750392234	1.50664063868267
1248	0.2227460284	85.04986803	4.95013	7.475071194793	1.50767045479915
1250	0.2234104598	85.05983754	4.94016000000001	7.46509809058025	1.50870146793132
1252	0.2240658222	85.06977411	4.93022999999999	7.45516230075325	1.5097319357879
1254	0.2247114898	85.07967685	4.92032	7.44525052393842	1.51076527197642
1256	0.225366936	85.08954945	4.91045	7.43537595358093	1.51179800642081
1258	0.2260216629	85.09938925	4.90061	7.42553191663885	1.51283183788022
1260	0.2266731128	85.10919822	4.8908	7.41571836381282	1.5138667440428
1262	0.2273334631	85.11897748	4.88102000000001	7.40593524585776	1.51490270238743
1264	0.2279926632	85.12872717	4.87127	7.39618251358222	1.51593969018288
1266	0.2286576197	85.13844744	4.86154999999999	7.38646011784829	1.51697768448707
1268	0.2293176151	85.14813639	4.85186	7.37676800957166	1.51801666214643
1270	0.2299849129	85.15779543	4.84220000000001	7.36710613972105	1.51905659979505
1272	0.230640712	85.16742363	4.83257999999999	7.35748103784789	1.52009568747829
1274	0.2312843823	85.1770195	4.82298	7.34787949346292	1.52113746751033
1276	0.2319385324	85.18658691	4.81341	7.33830804073103	1.52218013613689
1278	0.2325870275	85.19612449	4.80388000000001	7.32877319586079	1.52322186278456
1280	0.2332374182	85.20563243	4.79437	7.31926177553173	1.52426622902487
1282	0.2338859734	85.21511184	4.78489	7.30978030055832	1.52531141053088
1284	0.2345590888	85.22431389	4.77569	7.30049251336922	1.5263117233302
1286	0.2352239159	85.23346145	4.76654000000001	7.2912474496108	1.52730880463685
1288	0.2359012853	85.24257948	4.75742	7.28203194894626	1.52830626747888
1290	0.2365631073	85.25166718	4.74833	7.27284596316437	1.52930408515429
1292	0.2372295667	85.26072697	4.73927	7.26368944411815	1.53030223075496
1294	0.2378710332	85.26975366	4.73025	7.25456887412524	1.53129881834037
1296	0.2385206916	85.27875348	4.72125	7.24547114011104	1.532297531686
1298	0.239155183	85.28772497	4.71228000000001	7.23640272878337	1.53329649098086
1300	0.2397930839	85.29666755	4.70332999999999	7.22735707460906	1.53429754702107
1302	0.2404341928	85.30558277	4.69441999999999	7.21834716929626	1.53529692139643
1304	0.2410755517	85.31447095	4.68553	7.20935993403825	1.53629834964715
1306	0.2417223378	85.32333235	4.67667	7.20040183877128	1.53729992492241
1308	0.2423727169	85.33216675	4.66783	7.19146633518042	1.5383035237109
1310	0.2430253692	85.34097339	4.65903	7.18256638126161	1.53930531389456
1312	0.2436720014	85.34975215	4.65025	7.17368893238659	1.54030908324773
1314	0.2443182043	85.36250118	4.6375	7.16224590013686	1.54208371439964
1316	0.2449675076	85.37122187	4.62878000000001	7.15342801087897	1.54309022742337
1318	0.2456213627	85.37991632	4.62008	7.1446325066471	1.54409867372624
1320	0.2462766804	85.38858373	4.61142	7.13587229689546	1.5451051452317
1322	0.2469244755	85.39722305	4.60278	7.12713438604438	1.54611350370685
1324	0.2475745057	85.40583657	4.59416	7.11841873955851	1.54712373924501
1326	0.248228031	85.41442436	4.58557999999999	7.10973824173728	1.54813190264418
1328	0.2488785477	85.42298682	4.57701	7.10107346731503	1.54914387208222
1330	0.2495379547	85.43152292	4.56847999999999	7.09244374745522	1.55015370800875
1332	0.2501947868	85.44003177	4.55997000000001	7.08383612904253	1.55116533905378
1334	0.2508433143	85.44851416	4.55149	7.07525702035549	1.5521767576442
1336	0.2514681931	85.45696667	4.54303	7.0666999361904	1.55318993615132
1338	0.252087492	85.46539297	4.53461	7.05817771069861	1.55420084231418
1340	0.2527195335	85.47379462	4.52621000000001	7.04967742462667	1.55521345874571
1342	0.2533430714	85.48217052	4.51783	7.04119904388751	1.55622777412061
1344	0.2539703914	85.490521	4.50948	7.03274895605211	1.5572417456313
1346	0.2546053495	85.4988472	4.50115	7.02432069715109	1.55825737918479
1348	0.2552365167	85.5071486	4.49285	7.01592064648997	1.55927261778023
1350	0.2558727951	85.51542576	4.48457000000001	7.0075423485724	1.56028948085293
1352	0.2564964696	85.52367817	4.47632	6.99919217444923	1.56130589714653
1354	0.2571477001	85.53590389	4.4641	6.98831046332134	1.56314920192325
1356	0.2578045508	85.54410398	4.4559	6.98001166913332	1.56416950654452
1358	0.258445152	85.55227582	4.44772	6.97173447628718	1.56519136657115
1360	0.2590816082	85.5604238	4.43958000000001	6.9634916207673	1.56621058572968
1362	0.2597198422	85.56854782	4.43145	6.95526390194866	1.5672334053583
1364	0.2603511806	85.57664691	4.42335	6.94706405175958	1.56825562177366
1366	0.2609870432	85.58472113	4.41528	6.938892024191	1.56927720053429
1368	0.2616197164	85.5927722	4.40723	6.93074140509154	1.57030022715821
1370	0.2622588132	85.60080021	4.39919999999999	6.92261216102373	1.57132468816069
1372	0.2629042127	85.60880472	4.3912	6.91451061850695	1.57234843546247
1374	0.2635341279	85.61678634	4.38321000000001	6.90642402022807	1.57337571707852
1376	0.2641729697	85.62474307	4.37526	6.89837140018675	1.57440009418299
1378	0.2648135643	85.63267529	4.36732000000001	6.89033365783785	1.57542797761448
1380	0.2654121813	85.64057988	4.35942	6.88232980243609	1.57645288509541
1382	0.26601799	85.64846134	4.35154	6.87434709759119	1.5774790998375
1384	0.2666328448	85.65632061	4.34368000000001	6.86638551019318	1.57850660727466
1386	0.2672459364	85.66415585	4.33584	6.85844500717825	1.57953539270924
1388	0.2678418155	85.67196658	4.32803	6.85053188238232	1.58056324910895
1390	0.2684484193	85.68375526	4.31623999999999	6.8401113747048	1.58247310910813
1392	0.2690964169	85.69152187	4.30848	6.83224820028026	1.58350413155677
1394	0.2697356701	85.69926607	4.30073	6.82439965074971	1.58453856906118
1396	0.2703873507	85.70698865	4.29301	6.81657831934452	1.58557197542434
1398	0.2710281464	85.71468731	4.28531	6.8087778581438	1.58660654670593
1400	0.271671425	85.72236246	4.27764000000001	6.80100453302764	1.58764002600254
1402	0.2722898098	85.73001186	4.26999000000001	6.79325200440268	1.58867462374292
1404	0.2729014691	85.73763871	4.26236	6.78552023958783	1.58971032383046
1406	0.2735185107	85.74524404	4.25476	6.77781549230497	1.59074484667151
1408	0.2741341886	85.75282706	4.24717	6.77012515314474	1.59178269516596
1410	0.2747434141	85.7603871	4.23961	6.76246175818823	1.59281931861216
1412	0.2753567312	85.76792569	4.23206999999999	6.75481898857481	1.59385696366851
1414	0.2759767518	85.77544312	4.22456	6.74720308185349	1.59489332028164
1416	0.276587223	85.7829395	4.21706	6.73960146151034	1.59593295038997
1418	0.277210085	85.7904149	4.20959000000001	6.73202663111623	1.59697124291797
1420	0.2778226833	85.79786859	4.20213	6.72446603056324	1.59801278952994
1422	0.2784385039	85.80530014	4.1947	6.71693214719495	1.59905294879362
1424	0.2790222731	85.81270573	4.18729	6.70941868692472	1.60009401134903
1426	0.2796053402	85.82008904	4.17991000000001	6.70193186312834	1.60113362100295
1428	0.2801859441	85.82745167	4.17255	6.69446538996242	1.60217408315186
1430	0.2808000735	85.83879388	4.16121	6.6845249821171	1.60415791703261
1432	0.2814199249	85.84611402	4.15389	6.67710073608532	1.60520308304591
1434	0.2820460462	85.85341301	4.14659	6.66969674363619	1.6062490536883
1436	0.2826677878	85.86069157	4.13930999999999	6.66231297276471	1.60729581042874
1438	0.2832918386	85.86795007	4.13205000000001	6.6549493915082	1.60834333459219
1440	0.283918231	85.87518873	4.12481	6.64760596794613	1.6093916073593
1442	0.2845313967	85.88240706	4.11759000000001	6.64028267020014	1.61044060976595
1444	0.2851585388	85.88960389	4.1104	6.63298567187436	1.61148790978604
1446	0.2857610197	85.89677813	4.10321999999999	6.62570252625109	1.61253830623567
1448	0.2863617218	85.90392812	4.09607	6.6184456084312	1.61358694609894
1450	0.2869422926	85.91105823	4.08893999999999	6.6112086812718	1.61463622269755
1452	0.2875364568	85.91816866	4.08183	6.60399171311226	1.61568611629009
1454	0.2881306723	85.92525928	4.07474000000001	6.59679467233406	1.61673660698881
1456	0.2887287522	85.93232911	4.06767000000001	6.58961752736057	1.61778767475916
1458	0.2893075238	85.93937937	4.06062	6.58246024665694	1.61883929941956
1460	0.2898909882	85.94641002	4.05359	6.57532279873022	1.61989146064109
1462	0.2904829889	85.95342161	4.04658000000001	6.56820515212917	1.62094413794722
1464	0.2910557503	85.96041432	4.03959	6.56110727544442	1.62199731071351
1466	0.2916438309	85.96738794	4.03261000000001	6.55402297607699	1.6230534572135
1468	0.2922559873	85.97834071	4.02166	6.54450241873658	1.62511154282261
1470	0.2928700414	85.98527033	4.01473	6.53746526730589	1.6261692650852
1472	0.2934606394	85.9921784	4.00782	6.53044775911702	1.62722740485192
1474	0.294059282	85.99906737	4.00093	6.52344986293822	1.62828594070926
1476	0.2946596471	86.00593772	3.99406	6.51647154757982	1.62934485109385
1478	0.2952573958	86.01278969	3.98721	6.50951278189341	1.630404114292
1480	0.2958589656	86.01962012	3.98038	6.50257353477261	1.63146370843972
1482	0.2964455101	86.02643262	3.97357	6.49565377515256	1.63252361152239
1484	0.297043649	86.03322648	3.96677	6.48874735050502	1.63358637842757
1486	0.2976411346	86.04000214	3.95999999999999	6.48186647683084	1.63464684081556
1488	0.2982422563	86.04675968	3.95323999999999	6.47499888415238	1.63571013845086
1490	0.2988531678	86.05349908	3.9465	6.46815066306485	1.63677367170429
1492	0.2994494097	86.0602186	3.93978	6.46132178269961	1.63783741784768
1494	0.3000388109	86.06691734	3.93308	6.45451221222976	1.63890135400087
1496	0.3006249017	86.07359595	3.9264	6.44772192087035	1.63996545713164
1498	0.3012194061	86.08025692	3.91974	6.44095087787814	1.64102970405558
1500	0.3018227903	86.08689988	3.9131	6.43419905255196	1.642094071436
1502	0.3024199171	86.09352496	3.90648	6.42746641423268	1.64315853578386
1504	0.3030465217	86.10413098	3.89587	6.41831488145472	1.6452904916716
1506	0.3036979808	86.11071915	3.88928	6.4116160308155	1.64636106025239
1508	0.3043546264	86.11728988	3.88271	6.40493628134011	1.64743167618473
1510	0.3050258659	86.12384312	3.87616	6.39827560249156	1.64850231535038
1512	0.3056829219	86.13037888	3.86962	6.39162790160512	1.64957565182227
1514	0.3063566353	86.13689749	3.8631	6.38499921827231	1.65064897951052
1516	0.3070223261	86.14339807	3.8566	6.37838952206724	1.65172227387316
1518	0.3076663047	86.14987853	3.85012	6.37179878260648	1.65279551021382
1520	0.3082955372	86.15633985	3.84366	6.36522696954887	1.65386866368164
1522	0.3089335176	86.16278474	3.83722	6.35867405259574	1.65494170927134
1524	0.309566504	86.16921205	3.83078999999999	6.35213396290233	1.65601737046599
1526	0.3102077052	86.17562307	3.82438	6.34561271667302	1.65709289017178
1528	0.3108333647	86.18201589	3.81798000000001	6.33910425297451	1.65817100850774
1530	0.311470392	86.18839097	3.81161	6.33262060706248	1.65924617724698
1532	0.3121119942	86.19474918	3.80525	6.32614969124954	1.66032391025481
1534	0.3127353788	86.2010911	3.79891000000001	6.31969750620586	1.66140141611748
1536	0.3133768434	86.20741647	3.79258	6.31325800678884	1.66248146836303
1538	0.3140159144	86.21372552	3.78627	6.30683718591677	1.66356125834534
1540	0.3146729068	86.22401686	3.77598	6.29803290625109	1.66576883018961
1542	0.3153482461	86.2302889	3.76971	6.29165091083967	1.6668514497279
1544	0.3159996288	86.23654096	3.76345999999999	6.28528750170054	1.66793373203937
1546	0.3166454769	86.24277706	3.75722	6.27893665741612	1.6690184998339
1548	0.3173066454	86.24899677	3.751	6.27260434748397	1.67010289386714
1550	0.3179676305	86.25520072	3.7448	6.2662905421054	1.67118688703001
1552	0.3186302017	86.26138829	3.73860999999999	6.25998923163685	1.67227332759446
1554	0.3192793127	86.26755865	3.73244	6.25370637400802	1.67335932998223
1556	0.3199311542	86.27371298	3.72629000000001	6.24744193953236	1.67444486664753
1558	0.3205916613	86.27985161	3.72015	6.24118993031191	1.67553281157109
1560	0.3212413359	86.28597444	3.71402999999999	6.23495629273635	1.67662025268967
1562	0.3218950355	86.29208158	3.70792	6.22873503672149	1.67771008122563
1564	0.3225611382	86.29817286	3.70183	6.22253210097332	1.67879936738647
1566	0.3232060352	86.30424679	3.69575	6.2163415032141	1.67989101971152
1568	0.3238255675	86.31030113	3.6897	6.21017512338134	1.68097914497167
1570	0.3244361857	86.31633892	3.68366	6.20402103036424	1.6820695970425
1572	0.325055209	86.32236146	3.67764	6.19788514754318	1.68315941041203
1574	0.3256842038	86.32836841	3.67162999999999	6.19176150821072	1.68425152837438
1576	0.3262988844	86.33436029	3.66564	6.18565602810605	1.68534296749524
1578	0.326970016	86.34433573	3.65566	6.17719172473457	1.68763420793944
1580	0.3276454694	86.35029448	3.64971	6.17112401257033	1.68872777614473
1582	0.3283202376	86.35623842	3.64376	6.1650625333208	1.68982661204537
1584	0.3289852983	86.36216658	3.63782999999999	6.15901910869693	1.69092469073647
1586	0.3296535319	86.3680805	3.63191999999999	6.15299370952542	1.69202198241605
1588	0.3303333689	86.37397951	3.62602	6.1469804004231	1.69312149967812
1590	0.3310187324	86.37986311	3.62014000000001	6.14098506621484	1.69422018789828
1592	0.3316745785	86.38572901	3.61427	6.13500177924993	1.69532107747228
1594	0.3323156703	86.39157602	3.60842	6.12903641674927	1.69642109546972
1596	0.3329450579	86.39740799	3.60259000000001	6.12308894972467	1.69752021135639
1598	0.3335832424	86.40322518	3.59677000000001	6.1171534621026	1.6986214823262
1600	0.334223191	86.40902821	3.59097	6.11123581973287	1.69972180784833
1602	0.3348639413	86.41481636	3.58517999999999	6.10533011423672	1.70082426307364
1604	0.3355020679	86.42058932	3.57941	6.09944220389786	1.70192572900666
1606	0.3361418328	86.42634664	3.57365	6.09356618802053	1.70302929882373
1608	0.3367729608	86.43208988	3.56791	6.08770791733405	1.70413183499473
1610	0.3374097723	86.43781878	3.56218	6.08186149881352	1.70523644878924
1612	0.3380465713	86.4475331	3.55247	6.07368944333122	1.70760246617569
1614	0.3387457025	86.45323351	3.54677	6.06787404945422	1.70871175498269
1616	0.339448423	86.45891894	3.54107999999999	6.06207044915182	1.70982310133047
1618	0.3401282375	86.46458785	3.53541	6.05628446994458	1.71093331264808
1620	0.3408092886	86.47023921	3.52976	6.05051608323235	1.7120423565671
1622	0.341462054	86.47587601	3.52412	6.04475942326992	1.713153407462
1624	0.3421303791	86.48149881	3.5185	6.0390203062972	1.71426324443028
1626	0.3428079485	86.48710785	3.51289	6.03329287420067	1.71537506027559
1628	0.3434775026	86.49270291	3.5073	6.02758293571774	1.71648561514854
1630	0.3441490776	86.49828332	3.50172000000001	6.02188464035232	1.71759812034631
1632	0.3448156475	86.50384866	3.49615	6.01619797103998	1.71871257084265
1634	0.3454848725	86.50939964	3.4906	6.01052872528116	1.71982569825891
1636	0.3461612213	86.51493696	3.48506	6.00487106398274	1.72094074179651
1638	0.3468402015	86.52046092	3.47954	5.99923077716914	1.72205441394641
1640	0.3475263031	86.52597143	3.47403	5.99360203333748	1.72316997258232
1642	0.3482308724	86.53146815	3.46853	5.98798481554927	1.72428741222392
1644	0.3489137737	86.53694806	3.46305	5.98238490263284	1.7254034165603
1646	0.3496548727	86.54641098	3.45359000000001	5.9744863560252	1.72784786302655
1648	0.3504487004	86.55185981	3.44814	5.96891667868525	1.72896805375016
1650	0.3513635842	86.55729561	3.4427	5.96335844537646	1.73009007495967
1652	0.3522306853	86.56271799	3.43728	5.95781741556916	1.73121056259185
1654	0.3528054273	86.56812692	3.43187	5.95228778866536	1.7323328494487
1656	0.3533906732	86.57352281	3.42648	5.94677531670922	1.73345355195881
1658	0.3539827125	86.57890438	3.4211	5.94127420664323	1.73457602196547
1660	0.3545765445	86.58427288	3.41573	5.93578444173431	1.73570025312257
1662	0.3551567655	86.58962834	3.41037	5.93030600527494	1.73682623902021
1664	0.3557359967	86.59497082	3.40503	5.92484463448074	1.73795055690221
1666	0.3563247584	86.60030035	3.3997	5.91939455133404	1.7390765969679
1668	0.3569246839	86.60561699	3.39438	5.91395573919968	1.74020435253577
1670	0.3574951372	86.61091846	3.38908000000001	5.9085339241975	1.74133037124227
1672	0.3580469942	86.61620354	3.38379999999999	5.90312907859207	1.74245461683311
1674	0.358591512	86.62147383	3.37853	5.89773543937227	1.74358051810431
1676	0.3591293918	86.62673138	3.37327000000001	5.89235298999747	1.74470806795702
1678	0.359691627	86.63197671	3.36802	5.88698171395132	1.74583725922556
1680	0.3602221377	86.63720922	3.36279	5.88162731895087	1.74696458987926
1682	0.3607722598	86.64242861	3.35757	5.8762840569145	1.74809352760542
1684	0.3613120642	86.64763568	3.35236	5.87095191139719	1.74922406495991
1686	0.3618963947	86.65682891	3.34317	5.86335224603537	1.75176443815605
1688	0.3625042339	86.66200985	3.33799	5.85804946605992	1.75289859354994
1690	0.3630958457	86.66717864	3.33282	5.85275774615191	1.75403431588114
1692	0.3637035582	86.67233514	3.32765999999999	5.84747706994605	1.75517159735242
1694	0.3642950699	86.67747887	3.32252	5.84221311486063	1.75630685568602
1696	0.3649023495	86.68260986	3.31739	5.83696016343979	1.75744363720894
1698	0.3654774683	86.68772577	3.31227	5.83171819938776	1.75858193383823
1700	0.3660408412	86.69282457	3.30718	5.82649857188883	1.75971452816092
1702	0.366586483	86.69791156	3.30209000000001	5.82128420547674	1.76085219547323
1704	0.3671445315	86.70298632	3.29701	5.81608077033086	1.76199133287253
1706	0.3677024199	86.70804872	3.29195	5.81089392197898	1.7631282969213
1708	0.3682507117	86.71309934	3.2869	5.80571796517853	1.76426669375802
1710	0.3688051366	86.71813783	3.28185999999999	5.80055288377226	1.76540651472192
1712	0.3693491406	86.72316319	3.27684000000001	5.79540432238992	1.7665440855632
1714	0.3698961067	86.72817583	3.27182000000001	5.79026093973207	1.76768671827679
1716	0.3704408028	86.73317659	3.26682	5.78513403759107	1.76882706269645
1718	0.3709701264	86.73816529	3.26183	5.78001793913678	1.76996877531212
1720	0.3715318672	86.74714289	3.25286	5.77266074710362	1.77259284131932
1722	0.3721341508	86.75210803	3.24789	5.76756766405512	1.77374138198766
1724	0.3727369513	86.75706158	3.24294	5.76249097060729	1.77488753521596
1726	0.3733370105	86.76199916	3.238	5.75742500932238	1.7760350086535
1728	0.373909445	86.76692301	3.23308	5.75237539111829	1.77718003434402
1730	0.3744907208	86.77183537	3.22816	5.74733084263818	1.77833010926413
1732	0.3750607058	86.7767359	3.22326	5.74230259810401	1.77947769639619
1734	0.3756374488	86.78162494	3.21838	5.73729063073633	1.78062275472535
1736	0.3761997838	86.78650297	3.2135	5.73228368901849	1.78177284335096
1738	0.3767659085	86.79136923	3.20863	5.72728737672617	1.7829241730651
1740	0.3773151949	86.79622298	3.20377999999999	5.72230728317075	1.7840729127297
1742	0.3778805806	86.80106513	3.19893	5.71733217862431	1.78522668397861
1744	0.3784390672	86.80589627	3.19410000000001	5.7123732539783	1.78637782384419
1746	0.3789788906	86.81071583	3.18928	5.70742488831927	1.78753014313729
1748	0.3795385711	86.81552417	3.18447999999999	5.70249265661071	1.78867976819407
1750	0.3800810267	86.82032133	3.17968	5.69756535810195	1.78983440448888
1752	0.3806282184	86.8251065	3.17489	5.69264857140702	1.79099018877146
1754	0.3811591052	86.82987751	3.17012	5.68774786074875	1.79214321531887
1756	0.3817375186	86.83863462	3.16137000000001	5.68063363877896	1.79485799913256
1758	0.3823098509	86.84338039	3.15662	5.675755292799	1.79601748694475
1760	0.3828930239	86.84811516	3.15188000000001	5.67088738834159	1.79717806739436
1762	0.3834712702	86.8528387	3.14716	5.66603547048784	1.79833578017
1764	0.3840469502	86.85755181	3.14245	5.6611939557849	1.79949454191591
1766	0.3846190755	86.86225405	3.13775	5.65636282866931	1.8006543413666
1768	0.3851908013	86.86694499	3.13306	5.65154207359863	1.80181516717552
1770	0.3857494387	86.87162447	3.12838000000001	5.64673167505129	1.80297700791476
1772	0.3863182224	86.8762936	3.12371	5.64193161752654	1.8041398520748
1774	0.3868799279	86.88095199	3.11905	5.63714188554447	1.80530368806424
1776	0.3874389401	86.88559942	3.1144	5.63236246364573	1.80646850420952
1778	0.387979672	86.89023616	3.10975999999999	5.6275933363917	1.80763428875468
1780	0.3885277724	86.89486207	3.10514000000001	5.62284001689461	1.80879698312742
1782	0.3890584238	86.89947372	3.10053000000001	5.61809695410577	1.80996060028449
1784	0.3895732272	86.90407209	3.09593	5.61336413265334	1.81112512815564
1786	0.3900796627	86.90865928	3.09134	5.60864153718626	1.81229055458748
1788	0.3905809163	86.91323598	3.08676	5.60392915237383	1.81345686734323
1790	0.3911323205	86.92180244	3.0782	5.59702915222615	1.81626299505276
1792	0.3917103095	86.92635809	3.07364	5.59233855862715	1.81743545042217
1794	0.3922813892	86.93090375	3.06910000000001	5.58766362773592	1.81860462757994
1796	0.392871022	86.93543854	3.06456	5.58299334330978	1.81977877461054
1798	0.3934394918	86.93996269	3.06004	5.57833868400307	1.82094959590876
1800	0.3940165334	86.94447656	3.05552	5.57368864778006	1.82212538377739
1802	0.3945757575	86.94898018	3.05101999999999	5.56905419917759	1.82329779796716
1804	0.3951489871	86.9534732	3.04653	5.56442983138443	1.82447098358789
1806	0.395717822	86.95795623	3.04204	5.55981005173327	1.82564913031762
1808	0.3962781392	86.9624291	3.03757	5.5552058036296	1.82682383065328
1810	0.3968371264	86.96689119	3.03310999999999	5.55061159092192	1.82799926291382
1812	0.3973595859	86.97133735	3.02866	5.54602739851358	1.82917541375128
1814	0.3978654128	86.97577279	3.02423	5.54145867476353	1.83034802200767
1816	0.398382495	86.98019835	3.0198	5.53689447423155	1.8315255583186
1818	0.3988823305	86.98461416	3.01539	5.53234570525726	1.83269950233006
1820	0.3993568886	86.98901943	3.01098	5.52780143646562	1.83387836960085
1822	0.3998620774	86.99341477	3.00659	5.52327256222147	1.8350535944249
1824	0.4003967265	87.00180067	2.9982	5.51657081494433	1.83795809373492
1826	0.4009706112	87.00617648	2.99382	5.51205773436947	1.83914342642719
1828	0.4015429544	87.01054138	2.98945999999999	5.50755998678749	1.84032503538016
1830	0.4020994869	87.01489649	2.9851	5.50306668613172	1.84151157571023
1832	0.4026566544	87.01924234	2.98076	5.49858868163905	1.84269434090229
1834	0.4032247708	87.02357838	2.97642	5.49411510126171	1.84388203176379
1836	0.4037820074	87.02790432	2.9721	5.48965678030859	1.84506589565446
1838	0.4043375294	87.03222098	2.96778	5.48520286072813	1.84625467923074
1840	0.4048636473	87.03652426	2.96348	5.48076416392405	1.84743958356864
1842	0.4053899376	87.0408157	2.95918	5.47632984581759	1.84862940133004
1844	0.4058944349	87.04509625	2.95489999999999	5.47191071393076	1.84981528715021
1846	0.4063982322	87.04936737	2.95063	5.46750134060792	1.85100163557289
1848	0.4068874064	87.05362898	2.94637	5.4631017111037	1.85218843156914
1850	0.4073721661	87.05788109	2.94212	5.45871181069284	1.85337566002035
1852	0.40784881	87.06212375	2.93788000000001	5.45433162466976	1.85456330571802
1854	0.4083011394	87.06635699	2.93364	5.44995574970243	1.85575584425622
1856	0.4087495707	87.07058048	2.92941999999999	5.44559495186653	1.8569442901614
1858	0.4092705488	87.07879427	2.92121	5.43909217251632	1.8599416691501
1860	0.4097693055	87.08299842	2.917	5.43474670595848	1.86114008778218
1862	0.4102658615	87.08719339	2.91280999999999	5.43041625569012	1.86233432512373
1864	0.4107480525	87.09137908	2.90862	5.42609006444613	1.86353345786491
1866	0.4112112903	87.09555551	2.90443999999999	5.42177349069023	1.86473292987397
1868	0.4116709199	87.09972256	2.90028	5.4174718791055	1.86592813746768
1870	0.4120874507	87.10387621	2.89612	5.41317449318005	1.86712822823299
1872	0.4124931932	87.10801946	2.89198	5.40889203346852	1.86832399862256
1874	0.4128906284	87.11215306	2.88785	5.40461912621098	1.86952002014486
1876	0.4132790681	87.11627775	2.88372	5.40035041138402	1.87072091189329
1878	0.4136615294	87.12039297	2.87961	5.39609656901961	1.87191739851127
1880	0.4140619802	87.1244992	2.8755	5.39184689701736	1.87311874637202
1882	0.4144547328	87.12859652	2.87139999999999	5.38760672648111	1.87432030347042
1884	0.4148714317	87.13268507	2.86731	5.38337604299544	1.87552205314643
1886	0.4152552055	87.13676331	2.86324	5.37916016060495	1.87671928311662
1888	0.4156964439	87.14083181	2.85917000000001	5.37494840464132	1.87792135551894
1890	0.4161258711	87.14489076	2.85511	5.37074609260371	1.87912356994548
1892	0.4165999098	87.1529411	2.84706	5.36442699044008	1.882221662924
1894	0.4171544189	87.15698241	2.84302	5.36024488414763	1.88342897324639
1896	0.4177122258	87.16101476	2.83899	5.3560721771965	1.88463638090579
1898	0.418283815	87.1650382	2.83496	5.35190355263387	1.88584865215116
1900	0.41885661	87.16904999	2.83095	5.34774960489813	1.88705621453883
1902	0.4194144215	87.17305186	2.82695	5.3436050136787	1.88826382191019
1904	0.4199944389	87.17704419	2.82295999999999	5.33946976474208	1.88947145662132
1908	0.421119521	87.18500224	2.815	5.33122195115998	1.89189158201575
1912	0.4222606451	87.19292551	2.80707	5.32300607094021	1.89431652176622
1916	0.4233843232	87.20081481	2.79919	5.31483257552651	1.8967364168334
1920	0.4244505963	87.20866839	2.79133	5.30668553536176	1.89916580511888
1924	0.4255284072	87.22048759	2.77951	5.29647299245053	1.90357578030329
1928	0.4267289139	87.2282726	2.77173000000001	5.28840232654524	1.90601426506034
1932	0.4278646893	87.2360188	2.76398	5.28036308932283	1.90845709283376
1936	0.4288969808	87.24372483	2.75628	5.27236565530846	1.91089411501287
1940	0.429903394	87.25139724	2.7486	5.26439421348971	1.9133402868826
1944	0.4308810211	87.25903673	2.74096	5.25645913225232	1.91578543191461
1948	0.4318291894	87.26664304	2.73336	5.24856030060875	1.91822939385235
1952	0.4327768973	87.27421567	2.72578	5.24068719490252	1.92068229126587
1956	0.4337807504	87.28575542	2.71424	5.23077132322942	1.92520281678976
1960	0.4348955009	87.29326203	2.70674	5.22297286661301	1.92766308819518
1964	0.4359431143	87.30073047	2.69927	5.21520505555088	1.93012689329961
1968	0.4369629256	87.30816225	2.69184	5.20747297463012	1.93258888691182
1972	0.437962871	87.31556195	2.68444	5.19977134668178	1.93505418872902
1976	0.4389174914	87.32293027	2.67707	5.1921000823993	1.93752271021902
1980	0.4398341762	87.33026687	2.66973	5.18445909271616	1.93999436174058
1984	0.4407437294	87.33757076	2.66243	5.17685343689918	1.94246368835283
1988	0.441707507	87.34884392	2.65116	5.16722238261226	1.9470958399254
1992	0.4427947856	87.35608586	2.64391000000001	5.15967429386166	1.94958694410842
1996	0.4437988467	87.36328919	2.63670999999999	5.15216636758869	1.95206991987096
2000	0.4447441486	87.37045891	2.62954000000001	5.14468824419599	1.95455548934364
2004	0.4456903948	87.37759844	2.6224	5.13723983600254	1.95704355532571
2008	0.4466023274	87.38470798	2.61529	5.1298210555642	1.95953401946919
2012	0.4474915005	87.39178769	2.60821	5.12243181567224	1.96202678227401
2016	0.4483426694	87.39883602	2.60115999999999	5.11507202935373	1.96452174308398
2020	0.4492463963	87.40985458	2.59014999999999	5.10571431714757	1.96926697564054
2024	0.4502435527	87.41684368	2.58316000000001	5.09841575450075	1.97177696436513
2028	0.4512027523	87.42379637	2.5762	5.09114638132861	1.97428887622666
2032	0.452123836	87.43071605	2.56928000000001	5.08391117017884	1.97679687857807
2036	0.4530068096	87.43760601	2.56238999999999	5.07670496362703	1.97930653618638
2040	0.4538376967	87.44446749	2.55553	5.06952767604307	1.98181774079886
2044	0.4546527114	87.4513	2.5487	5.06237922203078	1.98433038297522
2048	0.4554628967	87.45810432	2.5419	5.05525951642792	1.98684435208453
2052	0.4563409258	87.46888009	2.53112	5.04615394243491	1.99171610403242
2056	0.4573572081	87.47562796	2.52437	5.03908901377235	1.99424960220818
2060	0.4583413581	87.48234309	2.51766000000001	5.032057594777	1.99677823265283
2064	0.4592566469	87.48902488	2.51098	5.02505458033316	1.99930776680493
2068	0.4601803871	87.49567791	2.50432000000001	5.01807489094594	2.00184408840046
2072	0.4610785653	87.50230385	2.49769999999999	5.01112843986643	2.0043751062766
2076	0.4619821894	87.50890252	2.4911	5.00420515895954	2.0069127312489
2080	0.4628438891	87.51547334	2.48453000000001	4.99730996019081	2.00945084213495
2084	0.4637983854	87.52601595	2.47398	4.98845092315126	2.01444614549323
2088	0.4648400762	87.53253096	2.46747000000001	4.98161415360565	2.01699648624426
2092	0.4658490773	87.53901674	2.46098000000001	4.97480025948305	2.01955316934847
2096	0.4667812789	87.5454711	2.45453000000001	4.96801906762349	2.02210370595017
2100	0.4676665096	87.55189843	2.4481	4.96126059869315	2.02466039073176
2104	0.4685451554	87.55829917	2.4417	4.95452972210943	2.02721689950583
2108	0.469347421	87.56467422	2.43532999999999	4.94782635592617	2.02977310298733
2112	0.470139283	87.57102232	2.42898	4.9411454979765	2.03233521383596
2116	0.4710997574	87.58134278	2.41866	4.93252752970455	2.03745069602055
2120	0.4720950502	87.58763634	2.41236000000001	4.92589888114664	2.04003001214845
2124	0.4730548842	87.59390416	2.4061	4.91930233094483	2.04260218266353
2128	0.4739482755	87.60014012	2.39986	4.9127280005389	2.04517995483563
2132	0.4747931308	87.60634913	2.39364999999999	4.90618071108804	2.04775676532043
2136	0.475583568	87.61253278	2.38746999999999	4.89966038209143	2.0503324759798
2140	0.4763611905	87.61869109	2.38131	4.89316206215217	2.05291352466854
2144	0.4771987295	87.62882461	2.37118	4.8847458013043	2.05814131396956
2148	0.4781747757	87.63493282	2.36507	4.8782986141358	2.06073846590942
2152	0.4791186755	87.64101529	2.35898	4.87187323795662	2.0633407928715
2156	0.4800281909	87.64707303	2.35293	4.8654792923617	2.06593479278044
2160	0.4809029972	87.65310397	2.34690000000001	4.85910701109389	2.0685337389747
2164	0.4817103013	87.65910579	2.34089	4.85275633329374	2.07113757726197
2168	0.4824837156	87.66508276	2.33492	4.84643684268401	2.07373261653831
2172	0.4832214851	87.6710357	2.32896	4.84013399393753	2.07633916158625
2176	0.4841647483	87.6809648	2.31904	4.83193938874968	2.08169409330203
2180	0.48511343	87.68686994	2.31313	4.82568650550764	2.08431552800331
2184	0.4860291727	87.69275052	2.30725	4.81945968961856	2.08693452270082
2188	0.4868943568	87.69860507	2.30139	4.81325407743198	2.08955792453638
2192	0.4877411045	87.70443617	2.29555999999999	4.80707438893264	2.09217863907272
2196	0.4885469812	87.71024036	2.28976	4.80092054660256	2.09479650912681
2200	0.4892793011	87.71601805	2.28398	4.7947877053951	2.09741847379187
2204	0.490092326	87.72577225	2.27423	4.78677713371339	2.10289476177627
2208	0.4910398925	87.73150302	2.2685	4.78069324572463	2.10553041825287
2212	0.4919357243	87.73721135	2.26279	4.77463016743857	2.10816995675061
2216	0.4928012525	87.74289727	2.25709999999999	4.76858784010577	2.11081331072047
2220	0.4936372685	87.74855939	2.25144	4.76257093672234	2.11345312535308
2224	0.4943948013	87.75419803	2.2458	4.75657465543703	2.1160965544645
2228	0.4951382288	87.75981432	2.24019	4.75060365778774	2.11873617584526
2232	0.4958671563	87.76940318	2.2306	4.74276890182104	2.12433937210387
2236	0.4967711559	87.7749674	2.22503	4.73684118606978	2.12699896312527
2240	0.4976403197	87.78050861	2.21948999999999	4.73093854127052	2.1296543824546
2244	0.4984634613	87.78602791	2.21397	4.7250562024518	2.13231297181552
2248	0.4992400179	87.79152561	2.20847000000001	4.71919411213739	2.13497465690059
2252	0.4999872077	87.7970017	2.203	4.71335689107426	2.13763178087011
2256	0.5007149899	87.80245548	2.19754	4.70753512013833	2.14029939748533
2260	0.501405228	87.80788611	2.19211	4.70173809265792	2.1429622327596
2264	0.5023072418	87.81729515	2.1827	4.69409815307218	2.1487071089915
2268	0.5032637236	87.82267901	2.17731999999999	4.68834805220096	2.15138114921377
2272	0.5041323037	87.82803877	2.17196	4.68261783161568	2.15405772683046
2276	0.5049596059	87.83337732	2.16661999999999	4.6769074349206	2.1567367606925
2280	0.5057635739	87.83869465	2.16131	4.67122143676088	2.1594103182928
2284	0.5065240113	87.84399128	2.15600999999999	4.66555051353199	2.16209398331161
2288	0.5072557121	87.84926727	2.15073	4.65989924594561	2.16477985579773
2292	0.5081265798	87.85852216	2.14148	4.65242806870807	2.17064802790797
2296	0.5090872014	87.863756	2.13624	4.64681822960455	2.17335195265406
2300	0.509979711	87.86896959	2.13103	4.64123247074435	2.17604981157174
2304	0.5108225434	87.87415899	2.12584	4.63566612986521	2.17874950360458
2308	0.5116249278	87.87932555	2.12067	4.63011915176929	2.18145093996494
2312	0.5123550094	87.88447047	2.11553000000001	4.62459605985174	2.18414586892674
2316	0.5130293385	87.88959393	2.11041	4.61909220947245	2.18684229136386
2320	0.5137728792	87.89869759	2.10129999999999	4.61177749232438	2.1928483402054
2324	0.5146737904	87.90378165	2.09622	4.60631421848893	2.19556172859706
2328	0.5155395758	87.9088459	2.09115	4.60086546898367	2.19828470873631
2332	0.516413543	87.91388889	2.08611000000001	4.59544029312791	2.2010005440737
2336	0.5171921664	87.91891152	2.08109	4.5900340821257	2.20371744188243
2340	0.5178945189	87.92391225	2.07608999999999	4.5846467819679	2.20643530549343
2344	0.5185497556	87.92889046	2.07111	4.57927833879723	2.20915403731848
2348	0.5192429735	87.9378482	2.06215	4.57212167082804	2.21528842041979
2352	0.5201008266	87.9427862	2.05721	4.56679300444466	2.21802316024479
2356	0.5209296861	87.94770485	2.0523	4.56148753237476	2.22074987667769
2360	0.5217116997	87.95260456	2.0474	4.55619618981314	2.22348568846134
2364	0.5224722759	87.9574855	2.04250999999999	4.55091894021851	2.22623060311938
2368	0.5231595896	87.96234781	2.03765	4.54566471990681	2.22896714981627
2372	0.5237990717	87.9671901	2.03281	4.54042897858404	2.23170388934649
2376	0.5244771122	87.9760137	2.02399	4.53342291910193	2.23797359782716
2380	0.525330944	87.98081383	2.01918999999999	4.52822617022234	2.2407253093739
2384	0.5261018403	87.985594	2.01441	4.52304773720675	2.24347692736234
2388	0.5268741831	87.99035518	2.00964	4.51788311583805	2.24623730693102
2392	0.5276201689	87.9950975	2.00490000000001	4.51274116319165	2.24898844836937
2396	0.5282782825	87.99982162	2.00018	4.5076173698943	2.25173916737387
2400	0.5288809468	88.00452776	1.99547	4.50250724849727	2.2544984294486
2404	0.5295583751	88.01321619	1.98678	4.49564456322929	2.26091120634903
2408	0.5303989965	88.01788566	1.98211000000001	4.49057268842841	2.26368447911755
2412	0.5311976802	88.0225367	1.97745999999999	4.48551877127338	2.26645698408379
2416	0.5319402384	88.0271678	1.97283	4.48048276039911	2.26922860560693
2420	0.5326144632	88.03177816	1.96822	4.47546460459239	2.27199922708582
2424	0.5332364062	88.03636936	1.96362999999999	4.47046425279207	2.27476873095939
2428	0.5338189328	88.04094188	1.95905999999999	4.46548165408942	2.2775369987077
2432	0.5345389579	88.04949558	1.95050000000001	4.45875967809429	2.28409185084102
2436	0.535342296	88.05403191	1.94597	4.45381456600957	2.28687289725603
2440	0.53606346	88.05855103	1.94145	4.44888268136264	2.28966191893084
2444	0.5367120506	88.06305291	1.93695	4.44396835185903	2.29244932567492
2448	0.5373311678	88.0675367	1.93246000000001	4.43906717039709	2.29524461834032
2452	0.5377788691	88.07200308	1.928	4.43418780583556	2.29802846261303
2456	0.538102906	88.07645008	1.92355000000001	4.42932149979938	2.30082002163299
2460	0.5385760462	88.08487687	1.91512	4.42273762333792	2.30751577788907
2464	0.5389659282	88.08928657	1.91070999999999	4.41790809958033	2.31031908561037
2468	0.5392055185	88.09367918	1.90631999999999	4.41309583531704	2.31312012555769
2472	0.5393299863	88.09805545	1.90194	4.40829646316317	2.31592867596339
2476	0.5393258149	88.10241518	1.89758	4.40351426218341	2.31873477825427
2480	0.5392543553	88.10675841	1.89324000000001	4.39874918318103	2.32153830073672
2484	0.5391248605	88.11108468	1.88892	4.39400117711341	2.32433911074856
2488	0.5391245941	88.11939314	1.88061	4.3875485433415	2.33118445554318
2492	0.539292942	88.12368425	1.87632000000001	4.38283232164954	2.33400590282143
2496	0.5395408412	88.12795545	1.87204	4.37812875045466	2.33683453482457
2500	0.5397902347	88.13220859	1.86779	4.37344634496877	2.33964985814201
2504	0.540124765	88.13644452	1.86356000000001	4.36878077233561	2.34246189244856
2508	0.5405955372	88.14066379	1.85934	4.36412772043354	2.34528082079453
2512	0.5411692425	88.14486665	1.85513	4.35948715652637	2.34810662711039
2516	0.5419334574	88.1530532	1.84695000000001	4.35316759928237	2.3550902614439
2520	0.54306581	88.15722419	1.84278	4.34856244022879	2.3579254608724
2524	0.5442820366	88.16137918	1.83862000000001	4.34396965103632	2.36076738777995
2528	0.5455136141	88.16551795	1.83448	4.33939343015308	2.36360544399552
2532	0.5467403093	88.16964037	1.83036	4.33483373005307	2.36643948438459
2536	0.5478918214	88.17374484	1.82626	4.3302905033678	2.36926936284905
2540	0.5489729114	88.18183126	1.81816999999999	4.32407474442808	2.37639841623405
2544	0.5503310865	88.18590168	1.8141	4.31956213055593	2.37924730232522
2548	0.5516038663	88.18995638	1.81004	4.31506165294249	2.38210252419051
2552	0.5526600601	88.19399439	1.80601	4.31058166568963	2.38494228792784
2556	0.5536039673	88.19801756	1.80198	4.30610954314385	2.3877990993975
2560	0.5543700356	88.20202529	1.79797000000001	4.3016536346248	2.39065112043496
2564	0.5550302901	88.20601797	1.79398	4.29721389362873	2.39349819773246
2568	0.5559565795	88.21399546	1.786	4.29111843750815	2.40078518439629
2572	0.5567975181	88.21795635	1.78203999999999	4.28670871326858	2.40365041126699
2576	0.5575440804	88.22190049	1.77809999999999	4.28231501943379	2.40651032556174
2580	0.5582018997	88.22582763	1.77417	4.27793315955169	2.4093760120274
2584	0.5588006225	88.2297385	1.77025999999999	4.27356724807854	2.41223615654181
2588	0.5593499743	88.23363433	1.76636999999999	4.26921723928394	2.41509059938073
2592	0.5601435388	88.24151541	1.75848000000001	4.2632220873582	2.42252290574127
2596	0.5609955051	88.24538211	1.75462	4.25890157892598	2.42539461924651
2600	0.5617909122	88.24923419	1.75077	4.25459271968448	2.42827175984377
2604	0.5625293855	88.25307148	1.74693000000001	4.25029547901373	2.43115429658245
2608	0.5631986205	88.25689474	1.74311	4.24601393478516	2.43403058945363
2612	0.563771593	88.26070119	1.7393	4.24174393842037	2.43691212562298
2616	0.5644382721	88.26849135	1.73151	4.23585164381239	2.44447815484697
2620	0.565242436	88.27226554	1.72772999999999	4.23161067668878	2.44737634034406
2624	0.5659843919	88.27602325	1.72398	4.2273893181854	2.45025594734036
2628	0.5666430262	88.27976651	1.72023	4.22317528015621	2.45315234707937
2632	0.5672010584	88.28349548	1.7165	4.21897669019742	2.45604176396992
2636	0.5676914153	88.2872103	1.71279	4.21479350401535	2.45892402542891
2640	0.5681606438	88.29091111	1.70909	4.21062161542222	2.4618109871724
2644	0.5689045021	88.29859791	1.70140000000001	4.20483967165439	2.46954492233459
2648	0.5696540386	88.30227077	1.69773000000001	4.20069624085995	2.47244743039646
2652	0.5703323682	88.30592978	1.69407	4.19656400776415	2.47535449343437
2656	0.5709337352	88.30957385	1.69043000000001	4.19244697797186	2.47825379676539
2660	0.5714700004	88.31320174	1.68680000000001	4.18834107753045	2.48115748291476
2664	0.5719296483	88.31681378	1.68319	4.18425030280675	2.48405314299738
2668	0.5725947663	88.32441093	1.67559	4.17856380203934	2.49193168849033
2672	0.5733432256	88.32799426	1.67201	4.17450100753096	2.49484195475181
2676	0.5739889446	88.3315636	1.66844	4.17044920519847	2.49775630929178
2680	0.5745851908	88.33511884	1.66488	4.16640836607222	2.50067470859125
2684	0.575083006	88.3386602	1.66134	4.16238245552949	2.5035844413757
2688	0.5755123858	88.34218816	1.65781	4.15836744119829	2.50649803561623
2692	0.5760759361	88.34970271	1.6503	4.15277489646737	2.51452078647705
2696	0.5767815144	88.35320364	1.6468	4.14878741181229	2.51744817183723
2700	0.5773824478	88.35669032	1.64331	4.1448107262942	2.52037924302545
2704	0.5779085123	88.36016185	1.63984000000001	4.14084877449171	2.52330098007409
2708	0.5783098062	88.36361705	1.63638	4.13689755576186	2.5262262113622
2712	0.5786995343	88.36705876	1.63294	4.13296099571021	2.52914181933611
2716	0.5791982771	88.37448753	1.62551000000001	4.12745699948761	2.5373214113413
2720	0.5799023799	88.37790346	1.6221	4.12354750605647	2.5402497527681
2724	0.5805004283	88.38130627	1.61869	4.11964468052719	2.54319453521232
2728	0.5810354534	88.38469598	1.6153	4.11575636361019	2.54612918787302
2732	0.5814962516	88.38807275	1.61193	4.11188251382277	2.5490535119752
2736	0.5818453124	88.39143696	1.60856	4.10801525280948	2.55199416924148
2740	0.5822837395	88.39878715	1.60120999999999	4.10259844293605	2.56033075568009
2744	0.5827429528	88.40212316	1.59788	4.09876173511795	2.56326983892197
2748	0.5829647369	88.40544346	1.59456	4.0949354402909	2.56621161692806
2752	0.5829364533	88.4087492	1.59125	4.09111953097416	2.56915603392383
2756	0.5826202836	88.4120417	1.58796	4.0873178676461	2.57208928266999
2760	0.5820242806	88.41532167	1.58468000000001	4.08352652621951	2.57502495755952
2764	0.5812848144	88.42258992	1.57741	4.07819553471695	2.58351832424746
2768	0.5804088464	88.42584596	1.57415	4.07442652542638	2.58647877671788
2772	0.5792274616	88.4290897	1.57091	4.07067161577458	2.58942750532753
2776	0.5777636615	88.43232082	1.56768	4.0669269080838	2.59237837643355
2780	0.5760921542	88.43553961	1.56446	4.0631923754348	2.59533132960116
2784	0.5742991831	88.43874625	1.56125	4.05946799098632	2.59828630386561
2788	0.5724042964	88.44193823	1.55806	4.05575757230151	2.60122900795226
2792	0.5705361096	88.44511616	1.55488	4.05205723965422	2.6041735077513
2796	0.5689754776	88.4522788	1.54772	4.04683822092131	2.61285381996018
2800	0.5677758107	88.45542936	1.54456999999999	4.04316353426328	2.61580772474224
2804	0.5668705803	88.45856784	1.54143000000001	4.03949884250274	2.61876318045282
2808	0.566350144	88.4616942	1.53831	4.03584793357732	2.62170555682303
2812	0.5662581622	88.46480841	1.53519	4.03220314830195	2.62466386660509
2816	0.5665891982	88.46791055	1.53209	4.02857208480638	2.62760886167192
2820	0.5673403336	88.47100047	1.529	4.02495090268191	2.63055503993081
2824	0.5686032034	88.47807873	1.52191999999999	4.01982239061533	2.63942767310377
2828	0.5705334965	88.48114528	1.51885	4.01622259395682	2.64239687339629
2832	0.572688959	88.48419983	1.5158	4.01263637777369	2.64535213786487
2836	0.5749857089	88.48724103	1.51276	4.00905992756784	2.64830825167133
2840	0.5772915164	88.49026883	1.50973	4.00549321760685	2.65126514424315
2844	0.5797568634	88.49728399	1.50272	4.00043466603385	2.66027167081404
2848	0.5824625678	88.50028728	1.49970999999999	3.99688903539573	2.66325103355529
2852	0.5849137031	88.5032787	1.49672	3.99335681547774	2.66621569387481
2856	0.5870811825	88.5062576	1.49374	3.9898342218422	2.66918078172062
2860	0.5889299787	88.50922457	1.49078	3.9863249714518	2.67213080713945
2864	0.5907224217	88.51617968	1.48381999999999	3.98132800704001	2.68130199746569
2868	0.5924769102	88.5191235	1.48088	3.97783951976271	2.68427374650761
2872	0.5939100139	88.52205602	1.47794	3.97435682466771	2.6872612232583
2876	0.595008578	88.52497632	1.47502	3.97088734334839	2.69023307219764
2880	0.5958524703	88.52788409	1.47212	3.96743103848679	2.69318905394819
2884	0.5966935006	88.53477842	1.46522	3.96249860638984	2.70251035854737
2888	0.5976556108	88.53765976	1.46234	3.95906276800965	2.70548745723048
2892	0.5984833044	88.54052922	1.45947	3.95563630660923	2.70846415644844
2896	0.5991844499	88.54338744	1.45661	3.95221919750022	2.71144037566172
2900	0.599792035	88.54623453	1.45377000000001	3.94881510011359	2.71439989459601
2904	0.6003037665	88.54907053	1.45093	3.94541661778791	2.71737485505495
2908	0.6011276439	88.55589506	1.44410000000001	3.94055877184516	2.72686786225862
2912	0.6019924887	88.55870851	1.44129	3.93718409323939	2.72984700959398
2916	0.6027866374	88.56151119	1.43849	3.93381863262158	2.73282519049967
2920	0.6034675869	88.56430257	1.4357	3.93046236574986	2.73580232028163
2924	0.6040156579	88.56708269	1.43292	3.92711526845658	2.73877831368027
2928	0.604490877	88.57384911	1.42615000000001	3.9223201657366	2.748421984424
2932	0.6053168448	88.57660374	1.4234	3.91899655248586	2.75140106613925
2936	0.605995897	88.57934562	1.42064999999999	3.91567839414072	2.75439550712333
2940	0.6065625278	88.58207666	1.41792	3.91237293189333	2.7573716065909
2944	0.60701937	88.58479691	1.4152	3.90907650744641	2.76034605390359
2948	0.6073631778	88.58750617	1.41249000000001	3.90578909707811	2.76331875962254
2952	0.6079514468	88.59420468	1.4058	3.90107008710928	2.77311697479512
2956	0.6086262214	88.59689263	1.40311	3.89780218246138	2.77610856058014
2960	0.609211783	88.59956977	1.40043	3.89454321680886	2.77909816211502
2964	0.6097265726	88.60223607	1.39776000000001	3.89129316669483	2.78208568711257
2968	0.6101077315	88.60489171	1.39511	3.88805559931981	2.78505365159448
2972	0.6106758649	88.61153675	1.38845999999999	3.88339040142485	2.79503739333281
2976	0.6114705053	88.61416923	1.38583	3.88017206228146	2.79802350403656
2980	0.6121421795	88.61679057	1.38321000000001	3.87696253343131	2.80100707437405
2984	0.6127084235	88.61939981	1.3806	3.87376179178899	2.80398800840157
2988	0.6131512592	88.62199873	1.378	3.87056981434297	2.80696620961505
2992	0.6135048282	88.62458734	1.37541	3.86738657815507	2.80994158095144
2996	0.6142121693	88.63116445	1.36884000000001	3.86279540413088	2.82007907766899
3000	0.6148178487	88.63373088	1.36627	3.85963107976239	2.8230717399512
3004	0.6153213979	88.63628658	1.36371	3.85647542355553	2.82606129996239
3008	0.6156812686	88.63883185	1.36117	3.85333194760568	2.82902946892546
3012	0.6159376223	88.64136657	1.35863000000001	3.85019355604915	2.83201246519725
3016	0.6161848225	88.64789118	1.35211	3.84565816721819	2.84231908519533
3020	0.616737244	88.65040571	1.34959000000001	3.84253843186747	2.84531874534409
3024	0.6171797471	88.65290761	1.34708999999999	3.83943075803272	2.8482962772106
3028	0.6175386264	88.65539849	1.3446	3.83633160517055	2.85126999834091
3032	0.6178001293	88.65787776	1.34211999999999	3.83324095105383	2.8542398045626
3036	0.6179716383	88.66034689	1.33965000000001	3.83015877352883	2.85720559115993
3040	0.6186079486	88.66680614	1.33319	3.82568836777399	2.86770173768729
3044	0.6191722258	88.66925474	1.33074999999999	3.82262800735077	2.8706640594172
3048	0.6196573707	88.67169231	1.32831	3.81957256529019	2.87364095412516
3052	0.620018579	88.67411955	1.32588	3.81652550682695	2.87661341812625
3056	0.6203209901	88.68053655	1.31946000000001	3.81209956618791	2.88726023004366
3060	0.6210640741	88.68294362	1.31706	3.80907409944939	2.89022832317146
3064	0.6216510535	88.68534076	1.31466	3.80605348236801	2.89321092939294
3068	0.6220679046	88.68772782	1.31227	3.8030411568204	2.89618867931402
3072	0.6223560169	88.69010473	1.3099	3.8000405505391	2.89914196061305
3076	0.6224560471	88.69246895	1.30753	3.79704473994819	2.90210960316637
3080	0.6229439463	88.69882319	1.30118	3.79268554801364	2.91292685879421
3084	0.6233127536	88.70116715	1.29883	3.78970756892793	2.91590837726039
3088	0.6235163661	88.70350132	1.29649999999999	3.78674119494744	2.91886461211307
3092	0.6236401183	88.70582573	1.29416999999999	3.78377954941821	2.92183513284692
3096	0.6236367839	88.70814019	1.29186	3.78082945972263	2.92478001758178
3100	0.6237902095	88.71444473	1.28556	3.77652310009975	2.9357679455802
3104	0.6241693564	88.71673955	1.28326	3.77358717358454	2.93874577781205
3108	0.6244515683	88.71902468	1.28098	3.77066271472612	2.94169731066779
3112	0.6246624969	88.72130035	1.2787	3.76774290045173	2.94466298900199
3116	0.6247810092	88.72356646	1.27643	3.76483111278244	2.94762244369978
3120	0.6249920174	88.72982106	1.27018	3.76057692737283	2.95878167867816
3124	0.6254390758	88.73206582	1.26793000000001	3.75768248185892	2.96175322702221
3128	0.6255909815	88.7342979	1.2657	3.75479936829904	2.96469743056675
3132	0.6254504436	88.73652036	1.26348	3.75192418644111	2.96763480292176
3136	0.6250206371	88.73873309	1.26127	3.74905691586465	2.97056522202192
3140	0.6247187631	88.74493632	1.25506	3.74485085741753	2.98191673850952
3144	0.6240259645	88.74712997	1.25287	3.7420006716457	2.98485800353287
3148	0.6228024999	88.74931415	1.25069000000001	3.73915833044062	2.98779193831122
3152	0.6210277889	88.75148884	1.24851	3.73632046998305	2.99073969573525
3156	0.6187365051	88.75365404	1.24635000000001	3.73349376078698	2.99365865755438
3160	0.6161715425	88.75980965	1.24019	3.72933855635105	3.0051821468545
3164	0.6132802674	88.76195602	1.23804	3.72652536877562	3.0081325199845
3168	0.6099528297	88.76409326	1.23591	3.72372324723823	3.01105337001569
3172	0.6062669791	88.76622008	1.23378	3.72092552647988	3.01398786021904
3176	0.6023443487	88.76833591	1.23166000000001	3.71813551105279	3.01691424785678
3180	0.5983221235	88.77044209	1.22956000000001	3.71535649270388	3.01981053489921
3184	0.5943306879	88.77253849	1.22745999999999	3.71258182570464	3.02272026542502
3188	0.5905547769	88.77462567	1.22537	3.70981480515368	3.02562150431049
3192	0.5871965397	88.78070362	1.2193	3.70573984897976	3.03734626087253
3196	0.5846613964	88.78277225	1.21723	3.70298931817275	3.04025562707194
3200	0.5827069505	88.78483153	1.21517	3.7002463693493	3.04315608827919
3204	0.5814227831	88.78688143	1.21312	3.69751098322084	3.04604751156217
3208	0.5808632137	88.78892192	1.21108	3.69478314057337	3.04892976359553
3212	0.5810442593	88.79095343	1.20905	3.69206282226779	3.05180271066848
3216	0.5820606554	88.79697597	1.20302	3.68803921126777	3.06375935418538
3220	0.5842256261	88.79898908	1.20101	3.6853351117278	3.06663905610976
3224	0.586922369	88.80099271	1.19901	3.68263847311551	3.06950902199431
3228	0.5900611864	88.80298599	1.19701000000001	3.67994602175828	3.07239206499797
3232	0.5935345026	88.80896852	1.19103	3.67596548845115	3.08448043985814
3236	0.5978653012	88.81094215	1.18906	3.67329232466218	3.08734631071982
3240	0.6021473483	88.81290695	1.18709	3.67062330419286	3.09022517248545
3244	0.6063162833	88.81486263	1.18514	3.66796488346983	3.09307033611882
3248	0.6105529073	88.82080909	1.17919000000001	3.66402051225995	3.10533686857014
3252	0.6147315568	88.82274612	1.17725	3.66137472240814	3.1082104572042
3256	0.618403394	88.82467308	1.17533	3.65873945150359	3.11104952756299
3260	0.6215462224	88.82659119	1.17341	3.65610824955779	3.11390134523994
3264	0.6244748446	88.83250062	1.1675	3.65220289047377	3.12632353067444
3268	0.6272200603	88.83440117	1.1656	3.6495873721233	3.1291794013624
3272	0.6294036922	88.83629283	1.16370999999999	3.64697907860169	3.13202387906333
3276	0.6311046137	88.83817541	1.16182000000001	3.64437480188782	3.13488105754155
3280	0.6322983216	88.84004599	1.15994999999999	3.64178090668303	3.13770238115753
3284	0.6334283336	88.84590777	1.15409	3.63792248193859	3.15029544430059
3288	0.6345540261	88.84776051	1.15224000000001	3.63534404573871	3.15311937101995
3292	0.6353861125	88.84960447	1.1504	3.63277273771902	3.15593113039854
3296	0.6359583567	88.85143971	1.14856	3.63020537432167	3.15875532211423
3300	0.6363371024	88.85326621	1.14673000000001	3.62764510930421	3.16156718411374
3304	0.6369342786	88.8590836	1.14091999999999	3.62383298769891	3.17433014389054
3308	0.6376809075	88.86089215	1.13911	3.62128797784204	3.17714346891099
3312	0.6382815456	88.86269196	1.13731	3.61875000664437	3.17994396458739
3316	0.6387630372	88.86448305	1.13552	3.61621905666756	3.18273148061889
3320	0.6393813179	88.87026548	1.12973	3.61243829145631	3.19570105646374
3324	0.6403133426	88.87203927	1.12796	3.60992242386046	3.19848894253095
3328	0.6410945126	88.87380364	1.1262	3.60741351845079	3.2012633358969
3332	0.641706879	88.87555773	1.12444000000001	3.60490843700672	3.20404980437418
3336	0.6424474291	88.88130306	1.1187	3.60116806342683	3.21715043294896
3340	0.643406024	88.88303904	1.11696000000001	3.59867790285996	3.2199363218843
3344	0.6441754792	88.88476643	1.11523	3.59619463433157	3.22270817419622
3348	0.6447624487	88.8864855	1.11351000000001	3.59371824091171	3.22546583463127
3352	0.6451593735	88.88819601	1.1118	3.59124870574803	3.22820914780804
3356	0.6459302399	88.89389754	1.1061	3.58754999912142	3.24150524056295
3360	0.6466139517	88.89559043	1.10441	3.58509517109765	3.24424633434687
3364	0.6471108289	88.89727464	1.10272999999999	3.58264714383401	3.24697253990906
3368	0.6474631176	88.89895024	1.10105	3.58020282355263	3.24971042108563
3372	0.6476030322	88.90061744	1.09938	3.57776527610039	3.25243323400846
3376	0.6480112852	88.90627633	1.09372	3.5741076879183	3.26592464868579
3380	0.6485027156	88.90792631	1.09207000000001	3.57168465399699	3.2686439348652
3384	0.6488118303	88.90956568	1.09043	3.56926833620597	3.27134759689392
3388	0.6489587375	88.9111966	1.08880000000001	3.56685871828563	3.27403547479389
3392	0.6489323437	88.91281721	1.08718	3.56445578405474	3.27670740856774
3396	0.64930766	88.91842927	1.08157	3.56084180748406	3.29036618371557
3400	0.6496932118	88.92003309	1.07997	3.55845317509438	3.29303273540859
3404	0.6499189622	88.92162859	1.07837000000001	3.5560681363921	3.29571052213733
3408	0.6499670633	88.92321573	1.07678	3.55368971461549	3.29837176798369
3412	0.6505316891	88.92879451	1.07120999999999	3.55011121297115	3.31218599453055
3416	0.6510517683	88.93036499	1.06964000000001	3.5477469405949	3.31484076721916
3420	0.6513676779	88.93192736	1.06807000000001	3.54538621569541	3.3175066557838
3424	0.6516397526	88.93748139	1.06252000000001	3.54183233560466	3.33149485944385
3428	0.6524269426	88.93902711	1.06097	3.53948565029986	3.33415363927587
3432	0.6530354041	88.9405645	1.05944	3.53714847380506	3.33676616875194
3436	0.6534217819	88.9420926	1.05791000000001	3.53481479445879	3.33938955053107
3440	0.6536153568	88.94361173	1.05638999999999	3.53248759610906	3.34199501847168
3444	0.6543462963	88.94912191	1.05088000000001	3.52897296505633	3.35617756517915
3448	0.6548953378	88.95062216	1.04938	3.52665960238009	3.35877394987885
3452	0.65525473	88.95211414	1.04789	3.52435266692505	3.36135181204254
3456	0.6554338882	88.95359783	1.04640000000001	3.52204917084129	3.36394029242988
3460	0.6554235785	88.95507327	1.04492999999999	3.51975504675546	3.36648067507975
3464	0.6559128761	88.96054061	1.03946000000001	3.51627912764103	3.38085646033685
3468	0.6562549579	88.9619998	1.038	3.513995682157	3.38341545368639
3472	0.6564148909	88.96345093	1.03655000000001	3.51171858529211	3.38595510319115
3476	0.6563827771	88.96489425	1.03511	3.50944782223118	3.38847523968999
3480	0.656238012	88.97032934	1.02967	3.50600292284009	3.4030358993495
3484	0.6566157538	88.97175599	1.02824	3.50374271296803	3.40557393942413
3488	0.6568272978	88.97317442	1.02683	3.5014917232295	3.40806163350019
3492	0.6568200572	88.97458356	1.02542	3.49924406848514	3.41055941146117
3496	0.6567381129	88.97998371	1.02002	3.49583278709736	3.42527476229752
3500	0.6571657088	88.98137533	1.01862	3.49359555900765	3.42778962844707
3504	0.6574133499	88.98275731	1.01724	3.49136747017878	3.43025294485365
3508	0.6574489723	88.98413113	1.01587000000001	3.48914558687247	3.43269526011256
3512	0.6579635747	88.98949681	1.01049999999999	3.48576465235662	3.44759560503871
3516	0.6584526764	88.99085436	1.00915000000001	3.48355595415463	3.450022442743
3520	0.6587177817	88.99220386	1.0078	3.4813505142018	3.45245900553819
3524	0.6589430861	88.99754536	1.00245	3.47799265923997	3.46753898002341
3528	0.6596726571	88.99887874	1.00112	3.47580029990986	3.46995919067321
3532	0.6601474928	89.0002041	0.999799999999993	3.47361404904782	3.47235720805989
3536	0.6604555897	89.00152135	0.998480000000001	3.47143101493241	3.47476477788348
3540	0.6605191279	89.00283061	0.997169999999997	3.46925406565905	3.47714994222949
3544	0.6611901173	89.00813185	0.991870000000006	3.46593572001873	3.49238843434827
3548	0.6616802912	89.00942479	0.990579999999994	3.46377167347985	3.49475526278848
3552	0.6619343252	89.01070768	0.989289999999997	3.46161080279372	3.4971314644563
3556	0.6619851108	89.01198249	0.988020000000006	3.45945881536624	3.49945201048734
3560	0.6618287811	89.01324847	0.986750000000001	3.45730998067127	3.50178171544752
3564	0.6620764022	89.01850595	0.981489999999994	3.45402774975531	3.51720839570066
3568	0.6622673308	89.01975534	0.980239999999995	3.45189164411544	3.51951777807398
3572	0.6622134055	89.02099655	0.978999999999999	3.44976150208171	3.52180316451671
3576	0.6619573005	89.0222297	0.977770000000007	3.44763731049236	3.5240643801977
3580	0.6618383009	89.02745511	0.972539999999995	3.44438403522726	3.53967455909756
3584	0.6618921506	89.02867263	0.971329999999995	3.44227241992511	3.54191343874789
3588	0.6617127063	89.0298821	0.970119999999994	3.44016388568939	3.54416106998752
3592	0.6613701097	89.03508352	0.964920000000006	3.43693547909272	3.55991899214664
3596	0.6615920541	89.0362769	0.963719999999995	3.43483661135142	3.56217722625713
3600	0.6615381997	89.03746238	0.962540000000004	3.43274641144562	3.56437602059034
3604	0.6613177179	89.04263991	0.957359999999994	3.42953988289386	3.58031652977732
3608	0.6617331069	89.04380902	0.956190000000007	3.42745924933202	3.58252485099205
3612	0.6619026865	89.04496727	0.955029999999994	3.42538443114418	3.58470712605549
3616	0.6618697723	89.04611751	0.953879999999998	3.42331541580786	3.58686317822613
3620	0.6621329961	89.05125949	0.948740000000001	3.4201398308561	3.60295263305225
3624	0.6626311111	89.05239328	0.947609999999997	3.41808303820849	3.60508192616363
3628	0.6629015055	89.05351907	0.946479999999994	3.41602923006704	3.60721944768807
3632	0.6629712637	89.05463688	0.945359999999994	3.41398116967349	3.60932996871887
3636	0.6629121357	89.05974669	0.940250000000006	3.41083341213786	3.62560190646296
3640	0.6633639817	89.06084875	0.939149999999998	3.4087974424629	3.62768394658344
3644	0.6634991419	89.06194311	0.938059999999993	3.40676717508569	3.62973824337172
3648	0.6632802824	89.06302948	0.936970000000002	3.40473984458384	3.63180044515753
3652	0.6627037059	89.06410774	0.935890000000001	3.40271819561462	3.6338346826993
3656	0.6618718506	89.06917798	0.930819999999997	3.39960423462208	3.65028608558341
3660	0.6611599035	89.07024014	0.929760000000002	3.39759451286071	3.65228949266039
3664	0.6598994432	89.07129401	0.928709999999995	3.3955904280853	3.65426418403657
3668	0.6580725451	89.07233989	0.927660000000003	3.3935892336229	3.65624645237704
3672	0.6556518928	89.07337688	0.92662	3.39159365589931	3.65819978485237
3676	0.6529686552	89.07840536	0.921589999999995	3.38851301021756	3.67482730630873
3680	0.6500151874	89.07942587	0.920569999999998	3.38652919849933	3.67674738856024
3684	0.6464554506	89.0804384	0.919560000000004	3.38455095988527	3.67863777590497
3688	0.6423744769	89.08144296	0.918559999999999	3.38257828310401	3.68049829642054
3692	0.637957032	89.0864395	0.913560000000004	3.37952437706602	3.69730310353362
3696	0.6335882826	89.08742796	0.912570000000002	3.37756062074995	3.69916552933537
3700	0.6288996082	89.08840844	0.911590000000004	3.37560238613578	3.70099744748659
3704	0.6240111839	89.08938014	0.910619999999994	3.37364966220897	3.70279868708409
3708	0.6191352445	89.09434351	0.905659999999997	3.37062489210267	3.71974177904936
3712	0.6149339035	89.09529891	0.904700000000005	3.36868097794491	3.72154350436325
3716	0.6109565811	89.09624634	0.903750000000002	3.36674253493441	3.72331390205457
3720	0.6073402254	89.0971858	0.902810000000002	3.3648095523155	3.72505280252451
3724	0.6041518647	89.09811699	0.901880000000006	3.36288201942031	3.72676003765611
3728	0.6022363012	89.10303956	0.896960000000007	3.35988930062415	3.74386944840887
3732	0.6010698264	89.10395416	0.896050000000002	3.35797310961151	3.74553639320653
3736	0.6004789883	89.10486077	0.895139999999998	3.35605965852604	3.74720977948172
3740	0.6004629876	89.10575939	0.894239999999996	3.35415160800786	3.74885067802124
3744	0.6017001756	89.11065003	0.889349999999993	3.35118463036059	3.76613113770032
3748	0.6036891549	89.11153267	0.888469999999998	3.3492877993341	3.76772968824266
3752	0.6059773894	89.11240733	0.887590000000003	3.34739367544265	3.76933444995049
3756	0.6086415709	89.11727398	0.882729999999995	3.34444901657249	3.78675512039779
3760	0.6124417548	89.11813246	0.881870000000006	3.3425660198767	3.78831599234733
3764	0.6162426786	89.11898295	0.881020000000007	3.34068834562756	3.78984292575042
3768	0.6200538736	89.12382536	0.876170000000002	3.33776055171081	3.80748374492699
3772	0.6247085841	89.12465962	0.875339999999994	3.33589390087806	3.80896477705197
3776	0.6289604857	89.12548589	0.874510000000001	3.33402990878926	3.81045165225431
3780	0.6336046302	89.13030389	0.869699999999995	3.3311266974648	3.82819160856547
3784	0.6380302964	89.1311137	0.868889999999993	3.32927363698467	3.82963091039523
3788	0.6424079743	89.13591551	0.864080000000001	3.32638136190874	3.84760564544651
3792	0.6466849988	89.13670815	0.863290000000006	3.32453915974127	3.84899591798408
3796	0.6501981926	89.13749253	0.86251	3.32270217505148	3.85035013483648
3800	0.6532558678	89.1422689	0.857730000000004	3.31983155102402	3.86846466705326
3804	0.6564393408	89.1430372	0.856960000000001	3.31800273698875	3.86980974807317
3808	0.658851047	89.14379749	0.856200000000001	3.31617910439549	3.87111807691136
3812	0.6606492592	89.14454976	0.855450000000005	3.31436064411008	3.87238949909084
3816	0.6619455304	89.14929402	0.850710000000007	3.31151697837523	3.89062691066957
3820	0.6636107315	89.15003025	0.849969999999999	3.30970658657628	3.89188744414466
3824	0.6647400359	89.15075853	0.849239999999995	3.30790133167074	3.89311037057742
3828	0.6654108953	89.15147894	0.848519999999994	3.30610120479527	3.89429553925884
3832	0.6657295438	89.15219129	0.847809999999996	3.30430619717867	3.89544280174506
3836	0.6660625963	89.15689558	0.843100000000007	3.30148946131997	3.91386771188368
3840	0.6666650408	89.15759179	0.842410000000001	3.29970495038041	3.91495834337107
3844	0.6669257925	89.15827992	0.841719999999995	3.29792296905949	3.91605376001527
3848	0.6668675446	89.15895925	0.841040000000007	3.29614606388999	3.91711042477277
3852	0.6667737703	89.16363005	0.836370000000002	3.29335560297823	3.93564964544362
3856	0.6671574652	89.16429276	0.835710000000006	3.29158908123728	3.93664721150638
3860	0.6672133603	89.16494684	0.835049999999995	3.28982506078006	3.93764934167081
3864	0.6671835813	89.16959262	0.830410000000001	3.28705529377879	3.95631975717513
3868	0.6676493706	89.17023032	0.829769999999996	3.28530157167016	3.95726094304263
3872	0.6678003938	89.17485991	0.825140000000005	3.28254456971796	3.97612837267626
3876	0.6686910378	89.1754814	0.824520000000007	3.28080107542435	3.97700686424883
3880	0.6691857963	89.17609477	0.823909999999998	3.27906256227878	3.97784443345667
3884	0.6701737449	89.18070015	0.819299999999998	3.27632344085066	3.99688735855574
3888	0.6710650045	89.18129742	0.818700000000007	3.27459255783652	3.99770555179091
3892	0.6715462167	89.18188654	0.818110000000004	3.27286662327326	3.99848210901706
3896	0.6723950785	89.18646758	0.81353	3.27014772839789	4.01765442203109
3900	0.6732721704	89.18704045	0.812960000000004	3.26843184251534	4.01836387682479
3904	0.6737765631	89.18760515	0.812389999999994	3.26671838381863	4.01907730685294
3908	0.6738232141	89.18816106	0.811840000000004	3.26501232164233	4.01970180924205
3912	0.6742643837	89.19270877	0.807289999999995	3.26231603140249	4.03902128104937
3916	0.6748150949	89.19324828	0.806749999999994	3.26061742295147	4.03962247590018
3920	0.6749821341	89.1937789	0.806219999999996	3.25892369096344	4.04018040196586
3924	0.6747709484	89.19430131	0.805700000000002	3.25723482837288	4.04069494434804
3928	0.6744400033	89.19881551	0.801180000000002	3.25456086071222	4.06015748988194
3932	0.6747126127	89.19932146	0.80068	3.25288182227631	4.06059906467501
3936	0.6746227867	89.19981918	0.800179999999997	3.25120515942385	4.0610441522259
3940	0.6741878233	89.20030865	0.799689999999998	3.24953332834619	4.06144504068815
3944	0.6736710396	89.20478978	0.795209999999997	3.24688385347948	4.08099810505298
3948	0.6736739536	89.20526263	0.794740000000004	3.24522174287975	4.08132330437169
3952	0.6733029849	89.20572721	0.794269999999997	3.24356198347935	4.08165184092387
3956	0.6729266898	89.21018332	0.789820000000006	3.24093185160009	4.10132238023408
3960	0.6729519864	89.21063112	0.789370000000005	3.23928173428107	4.1015731454845
3964	0.6730048236	89.21507061	0.784930000000003	3.23666352773534	4.12144208579147
3968	0.6733550997	89.21550153	0.784499999999994	3.23502298638666	4.1216130639037
3972	0.6738626752	89.21992409	0.780079999999998	3.23241905935379	4.14163220717085
3976	0.6745966491	89.2203383	0.779660000000007	3.23078561371721	4.14177134419615
3980	0.6748582319	89.22074368	0.779259999999994	3.22915930789152	4.14181347894905
3984	0.6756921405	89.2251406	0.774860000000004	3.22657189322795	4.16199708672126
3988	0.6764214693	89.22552914	0.774469999999994	3.22495260680665	4.16200523414098
3992	0.6766614448	89.22590926	0.774090000000001	3.22333801725607	4.16196568156518
3996	0.6768817046	89.23028097	0.769720000000007	3.22076935611225	4.18226138489476
4000	0.6776964209	89.23064426	0.769360000000006	3.21916411330176	4.18213500302417
4004	0.6780509445	89.23099913	0.769000000000005	3.21756114833439	4.18201145721676
4008	0.6779430544	89.23134555	0.768649999999994	3.2159628467899	4.18183944788278
4012	0.6774263473	89.23168352	0.768320000000003	3.21437159471418	4.18156759404698
4016	0.6778324092	89.23601292	0.763990000000007	3.21182831302887	4.20194187461122
4020	0.6778590412	89.23633374	0.763670000000005	3.21024389842756	4.20163096522017
4024	0.677406021	89.23664607	0.763350000000003	3.20866173493946	4.20132273654813
4028	0.6765882095	89.23694987	0.763050000000007	3.20708657775816	4.20091330955041
4032	0.6766311492	89.24124507	0.758750000000006	3.20456375134645	4.2213995174621
4036	0.6762781659	89.24153174	0.758470000000003	3.20299771773762	4.22089625575483
4040	0.6754924351	89.24180983	0.758189999999999	3.20143391525636	4.22039555750173
4044	0.6751558112	89.24607917	0.753919999999994	3.19892916756684	4.24098013698919
4048	0.674749712	89.24633994	0.753659999999996	3.19737441724365	4.2403833394166
4052	0.6744512915	89.25059211	0.749409999999997	3.19488315275055	4.26111048795061
4056	0.6743167303	89.25083571	0.749160000000003	3.19333504633139	4.26046906476449
4060	0.6748729999	89.25507068	0.744929999999997	3.19085718340874	4.28133904167396
4064	0.6749761225	89.25529699	0.744699999999995	3.1893180181241	4.28059757400758
4068	0.6759763267	89.25951463	0.740489999999994	3.18685346391963	4.30161000550157
4072	0.6764077116	89.25972358	0.740279999999998	3.18532317957558	4.30076617119006
4076	0.6764742407	89.26392382	0.736080000000001	3.18286952774541	4.32197620856376
4080	0.6774854202	89.26411527	0.735879999999995	3.18134574993204	4.32108323347417
4084	0.6779209078	89.26429792	0.735699999999994	3.17982878103397	4.32008157302564
4088	0.6777978394	89.26447181	0.735529999999997	3.17831630353278	4.31902679905411
4092	0.6779792573	89.2686369	0.731359999999995	3.17588202267477	4.34032786804654
4096	0.6784885825	89.26879317	0.731210000000004	3.17437826833383	4.33916476461335
4100	0.6784219152	89.26894061	0.731059999999999	3.1728766778741	4.33800413641743
4104	0.6778525004	89.26907923	0.730919999999998	3.17137955181124	4.33678979683325
4108	0.6777979908	89.27320876	0.726789999999994	3.16896666718866	4.35811743785672
4112	0.677817978	89.27332944	0.726669999999999	3.16747817959947	4.35679179301023
4116	0.6773510887	89.27344126	0.726560000000006	3.16599413499175	4.3554118701023
4120	0.6763520135	89.27354415	0.726460000000003	3.1645145302855	4.35397769725037
4124	0.6762491615	89.27763812	0.722359999999995	3.16212046026964	4.37537958711301
4128	0.6757739808	89.27772316	0.722279999999998	3.16064940092314	4.37383053728514
4132	0.6747949338	89.27779925	0.722200000000001	3.1591804739912	4.37228408967147
4136	0.6743745165	89.28186637	0.718130000000002	3.15680317620259	4.39375723050564
4140	0.6737643628	89.28192448	0.71808	3.15534500792224	4.39203553043678
4144	0.6733365499	89.28597358	0.714029999999994	3.15298027272976	4.41363910621625
4148	0.6732666979	89.29001365	0.709990000000005	3.1506240171046	4.43543861016647
4152	0.6734764147	89.29004463	0.709959999999995	3.1491760039798	4.43358948330206
4156	0.6740910865	89.29406652	0.705929999999995	3.1468299365457	4.45558014418304
4160	0.6745807819	89.29407928	0.705920000000006	3.14539025649517	4.45360684264152
4164	0.6745967277	89.29808289	0.701920000000001	3.14305878780317	4.47566848971519
4168	0.6756002938	89.29807733	0.701920000000001	3.14162515260546	4.47362906152043
4172	0.6758886319	89.29806259	0.701939999999993	3.14019808722749	4.47147157599129
4176	0.6758707068	89.29803867	0.70196	3.13877311807733	4.4693171924677
4180	0.676572207	89.30200554	0.697990000000004	3.1364594683116	4.49142648540093
4184	0.676841282	89.30196316	0.698040000000006	3.13504493053391	4.48908132611246
4188	0.6764299939	89.30191159	0.698089999999993	3.13363248085191	4.48673948677113
4192	0.6761217558	89.30585074	0.694149999999993	3.13133478019425	4.50889976569525
4196	0.6764248844	89.3057806	0.694220000000001	3.12993046719837	4.50642524886978
4200	0.6760399663	89.30570114	0.694299999999998	3.12853045260369	4.50389254298766
4204	0.6750357496	89.30561232	0.694389999999999	3.12713473521642	4.50130177588821
4208	0.674959852	89.30951413	0.690489999999997	3.12485659374642	4.52343013851019
4212	0.6745827962	89.30940652	0.69059	3.12346672125595	4.52076551616421
4216	0.6736092006	89.30928929	0.690709999999996	3.12208334161909	4.51798023073832
4220	0.6729033819	89.31316257	0.686840000000004	3.11982077409077	4.54014619807071
4224	0.6723757273	89.31302633	0.686970000000002	3.11844318378363	4.5372846856695
4228	0.6712726411	89.31288056	0.687119999999993	3.11707206399732	4.5343016794367
4232	0.6706690645	89.31672523	0.683269999999993	3.11482270489794	4.55656248420216
4236	0.6698312765	89.31656029	0.683440000000004	3.1134595148194	4.55343742827534
4240	0.6694921449	89.32038573	0.679609999999997	3.11122177041686	4.57580958938039
4244	0.6697618819	89.32420187	0.675799999999995	3.10899412588091	4.59831418269737
4248	0.6700541417	89.32800834	0.671989999999994	3.10677219379108	4.62108245587358
4252	0.6706062183	89.32780511	0.672190000000001	3.10542190681401	4.61770170292979
4256	0.6704156457	89.3275923	0.672409999999999	3.10407800153466	4.6141951946457
4260	0.6712507078	89.33136985	0.668629999999993	3.1018710559212	4.63698373150229
4264	0.6714898667	89.33113763	0.668859999999995	3.10053274485985	4.63339129161761
4268	0.6709650057	89.33089561	0.6691	3.09919863669755	4.62973840003644
4272	0.6716857752	89.33464376	0.665360000000007	3.09700867169915	4.65247439747822
4276	0.6717957578	89.33438204	0.665620000000004	3.0956822675363	4.64866729054377
4280	0.6710431607	89.33411042	0.665890000000005	3.09436005556395	4.64479968964468
4284	0.6712383908	89.3378288	0.662170000000003	3.092182597758	4.66760885554509
4288	0.671221369	89.33753714	0.662459999999996	3.09086803209037	4.66358411735476
4292	0.670332095	89.33723546	0.662760000000006	3.0895576487592	4.65949889804303
4296	0.6698639426	89.34092373	0.659080000000003	3.0873968315133	4.6822403967796
4300	0.6696720466	89.34060209	0.659400000000005	3.08609404202683	4.67799535753017
4304	0.6686482339	89.34027038	0.659729999999996	3.08479542594457	4.67368991056543
4308	0.6676858162	89.34392852	0.65607	3.08264680698769	4.69649143564309
4312	0.6671810829	89.34357657	0.656419999999997	3.08135573007863	4.6920233544579
4316	0.665894858	89.34321473	0.656790000000001	3.0800709518569	4.68742687423804
4320	0.6648435771	89.34684266	0.65316	3.07793650846357	4.710213340025
4324	0.6638959707	89.34646032	0.653540000000007	3.07665708700831	4.70551981281818
4328	0.6625149717	89.35006775	0.649929999999998	3.07453338410495	4.72839227972777
4332	0.6616417771	89.3496649	0.65034	3.07326352671741	4.72346160468716
4336	0.661088157	89.35725166	0.642750000000007	3.07031022366202	4.77464856910558
4340	0.6614686947	89.356828	0.643169999999998	3.06904476451681	4.76956602764708
4344	0.6615455883	89.36039393	0.639610000000005	3.06694845945182	4.79283895938506
4348	0.661813141	89.35994936	0.640050000000002	3.06569034576869	4.78758140127907
4352	0.6611721263	89.36349424	0.636510000000001	3.06360450616202	4.81093442909701
4356	0.661953472	89.36302863	0.636970000000005	3.06235369892687	4.80549934607932
4360	0.6616711984	89.36255267	0.637450000000001	3.06110908901234	4.7999312174742
4364	0.6612299997	89.36606605	0.633930000000007	3.05903470648886	4.82331486509693
4368	0.6615626962	89.36556874	0.634429999999995	3.05779735012415	4.81756611712114
4372	0.6608014845	89.36506109	0.63494	3.05656410881473	4.81175711211583
4376	0.6602058415	89.36854302	0.631460000000004	3.05450518037042	4.83501779085518
4380	0.6600427006	89.36801415	0.631990000000002	3.05327915180626	4.82902597469063
4384	0.6587881618	89.36747445	0.632530000000003	3.05205723557336	4.82297444298826
4388	0.6577846775	89.37092391	0.629080000000002	3.05001153046122	4.84617616817225
4392	0.6570748051	89.37036245	0.629639999999995	3.0487967854466	4.83993959021045
4396	0.6552513716	89.36979003	0.630210000000005	3.04758615096997	4.83364391025744
4400	0.6536890049	89.37320658	0.62679	3.04555352383472	4.85677861642049
4404	0.6522935305	89.37261204	0.627390000000005	3.04435208249862	4.85022173801365
4408	0.6497898386	89.37200638	0.627989999999997	3.04315269188078	4.84368064776121
4412	0.6477038701	89.37538955	0.624610000000004	3.04113504443165	4.86666481825916
4416	0.6455305062	89.37476158	0.625240000000005	3.03994480766281	4.85986029179908
4420	0.6420757773	89.37412252	0.625879999999995	3.03875868650755	4.85299849190085
4424	0.6397224688	89.37747216	0.622529999999998	3.03675379960425	4.87589665091799
4428	0.6364932952	89.37681044	0.623189999999994	3.03557473470832	4.86884358821261
4432	0.6329059733	89.38013754	0.619860000000003	3.03357956179798	4.89178457070992
4436	0.6297203462	89.37945346	0.620549999999994	3.03240956928948	4.88446271742597
4440	0.6257300773	89.38275789	0.617239999999995	3.03042402727868	4.90744265900453
4444	0.6224882447	89.38205078	0.617949999999993	3.02926102605944	4.89992498371947
4448	0.6189592587	89.3853327	0.614670000000004	3.02728707337571	4.92286395648357
4452	0.6156276173	89.38460341	0.615399999999994	3.02613103715389	4.91514865176989
4456	0.6130383271	89.38786247	0.612139999999997	3.02416655433703	4.93811886690595
4460	0.6106154214	89.39110981	0.608890000000002	3.02220866837686	4.96126439299933
4464	0.6085056365	89.39034514	0.609650000000002	3.02106236990551	4.95320215191164
4468	0.6071260599	89.39356856	0.606430000000003	3.01911584680488	4.97629608638738
4472	0.6055873087	89.39278009	0.607219999999998	3.01797844684007	4.96795154875368
4476	0.6051529017	89.39597967	0.604020000000006	3.01604118154673	4.9910670670247
4480	0.6042476304	89.39516726	0.604830000000007	3.0149106380387	4.98251654284578
4484	0.6046912616	89.39834279	0.601659999999995	3.01298455826966	5.00557032968106
4488	0.6048012142	89.4015062	0.598489999999998	3.01106289028948	5.02887569499113
4492	0.60600549	89.40065743	0.599339999999998	3.00994387260394	5.01987932815771
4496	0.6068890909	89.40379783	0.596199999999996	3.00803325258543	5.04311620735308
4500	0.6080838061	89.4029261	0.597070000000002	3.006921017515	5.03390777967259
4504	0.6102018198	89.40604205	0.593959999999996	3.00502135670824	5.05707063066783
4508	0.6125620789	89.40914564	0.590850000000003	3.00312599680198	5.08048459169621
4512	0.614397327	89.40823786	0.591759999999994	3.00202512316948	5.07081435571299
4516	0.617738926	89.41131764	0.588679999999997	3.0001405878502	5.09414718585576
4520	0.619654198	89.41438491	0.585620000000006	2.99826420740682	5.1175645902781
4524	0.6228603355	89.41343958	0.586560000000006	2.99717263217278	5.10750518689828
4528	0.624316024	89.41648138	0.583519999999993	2.99530497519329	5.13091679004605
4532	0.6273144887	89.41551045	0.584490000000002	2.99422202732386	5.12055167733306
4536	0.6279177565	89.41852673	0.581469999999996	2.99236301922864	5.1439527597377
4540	0.630802019	89.41753016	0.582470000000001	2.99128867299911	5.13327980426306
4544	0.6309720327	89.41651963	0.583479999999994	2.99021846308344	5.12256271958479
4548	0.6331465883	89.41949607	0.580500000000001	2.98837247104788	5.1456827864607
4552	0.6331955414	89.41845941	0.581540000000004	2.98731085073355	5.13465771132958
4556	0.6343250091	89.4214096	0.578590000000005	2.98547526433169	5.1576681275211
4560	0.6344108244	89.42034698	0.579650000000001	2.98442027267294	5.14641906260942
4564	0.6344676046	89.4232711	0.576729999999998	2.98259501143483	5.16931402954164
4568	0.6346232504	89.42218185	0.577820000000003	2.98154857534155	5.15775437670854
4572	0.6338577273	89.42507916	0.574920000000006	2.97973162119379	5.18061400122771
4576	0.63406466	89.42396507	0.576030000000003	2.97869178678947	5.16882861700551
4580	0.632707983	89.42683769	0.573160000000001	2.97688500465401	5.1915616530718
4584	0.6328529844	89.42569672	0.574299999999994	2.97585369285921	5.17946323672948
4588	0.6313340334	89.42854208	0.571460000000002	2.97405699738047	5.20206303432673
4592	0.6312837597	89.42737535	0.572620000000001	2.97303226945561	5.18973800537264
4596	0.6298578977	89.43019524	0.569800000000001	2.97124366650749	5.21228687976633
4600	0.6294243265	89.42900129	0.570999999999998	2.9702293567599	5.19955920681184
4604	0.628415083	89.43179343	0.568209999999993	2.96845068591524	5.2219628589542
4608	0.6277419577	89.43457018	0.565430000000006	2.96667764159189	5.2445047944312
4612	0.6276346777	89.43733217	0.562669999999997	2.96491209867307	5.26709558118764
4616	0.6271964558	89.43607995	0.563919999999996	2.96391089118868	5.25364767820562
4620	0.6277381216	89.43881343	0.561189999999996	2.96215509326795	5.27607950618037
4624	0.6276458691	89.4415324	0.55847	2.96040480320539	5.29864562059142
4628	0.6280650079	89.44023678	0.559759999999997	2.95941429596362	5.28466777707597
4632	0.6276681283	89.4429266	0.557069999999996	2.95767362598905	5.307065191817
4636	0.6276840882	89.44160178	0.558400000000006	2.95669341353432	5.29267211034668
4640	0.6273211439	89.44426305	0.55574	2.95496227920956	5.31489330159576
4644	0.626840409	89.442911	0.557090000000002	2.95398858661927	5.30026856528107
4648	0.6265198945	89.44554411	0.554460000000006	2.95226692094338	5.32230777806135
4652	0.6257174371	89.44416229	0.555840000000003	2.95130163297824	5.30735999175864
4656	0.6254180921	89.44676577	0.553229999999999	2.94958748609158	5.3293036223888
4660	0.6241521709	89.44535613	0.554640000000006	2.94863059963042	5.31403296323338
4664	0.6239203216	89.44793135	0.552070000000001	2.94692766018501	5.3356895043282
4668	0.6221947957	89.44649132	0.553510000000003	2.94597918460526	5.32009738994355
4672	0.622083645	89.44903595	0.550960000000003	2.94428362606957	5.34164610881902
4676	0.6199128068	89.44756582	0.552430000000001	2.94334356168491	5.32573311381934
4680	0.619919676	89.45008025	0.54992	2.94165906703529	5.34698143587146
4684	0.6181303993	89.45257907	0.547420000000002	2.93997969004197	5.36833588616502
4688	0.6174349803	89.45106219	0.548940000000002	2.93905204958036	5.35178388415842
4692	0.6160355657	89.4535293	0.546469999999999	2.93738173984643	5.37292020165274
4696	0.6146611091	89.45198038	0.548019999999994	2.93646251780418	5.35604891573161
4700	0.6135974367	89.45441544	0.545580000000001	2.93480121049935	5.37696098997247
4704	0.6121322435	89.45683439	0.543170000000003	2.93314860516268	5.39777882122344
4708	0.6111752357	89.45923707	0.540760000000006	2.93149910079969	5.41878793629179
4712	0.6106523426	89.46162332	0.538380000000004	2.92985821228348	5.43969801215504
4716	0.6097214091	89.46399313	0.536010000000005	2.92822221309869	5.46070101576382
4720	0.6093472009	89.4623464	0.537649999999999	2.92732341275116	5.44237510050873
4724	0.6089965172	89.46468302	0.535319999999999	2.92569798181997	5.46303008791717
4728	0.6075633784	89.46300266	0.537000000000006	2.9248094283561	5.44428701211393
4732	0.6077388314	89.46530541	0.534689999999998	2.92319083278384	5.46478379304458
4736	0.606587565	89.46759118	0.532409999999999	2.92158065798517	5.48516515738505
4740	0.6058917854	89.46585984	0.534139999999994	2.92070438903217	5.46576162053198
4744	0.6053978892	89.46811272	0.531890000000004	2.91910277100602	5.48587488919951
4748	0.6033869005	89.46634916	0.533649999999994	2.91823495834884	5.46615866795355
4752	0.603960663	89.4685682	0.53143	2.91664184387438	5.4859984391373
4756	0.60237982	89.47076973	0.529229999999998	2.91505518275686	5.50580877063675
4760	0.6012873925	89.46895476	0.531049999999993	2.91420149656886	5.48533446395428
4764	0.6003959487	89.47112604	0.528869999999998	2.91262141453077	5.50496050671994
4768	0.5978635824	89.47327955	0.526719999999997	2.91104952614071	5.52444989124028
4772	0.5974717219	89.47141518	0.528580000000005	2.91020632668404	5.50341748279167
4776	0.5957769741	89.4735328	0.526470000000003	2.90864455407146	5.52251087964269
4780	0.5935570396	89.47163234	0.528369999999995	2.90781172262097	5.50107846400201
4784	0.5926924137	89.47371364	0.526290000000003	2.90625819749483	5.51987109109956
4788	0.5906477037	89.47577655	0.52422	2.90470910427412	5.53871563913792
4792	0.5885953952	89.47382094	0.526179999999997	2.90389044963219	5.5165308472682
4796	0.5874656026	89.47584555	0.524150000000006	2.90235132034738	5.53496272363446
4800	0.5856432714	89.47784898	0.522149999999996	2.90082015285878	5.55323408549147
4804	0.5838386185	89.47983341	0.520169999999993	2.8992950978928	5.57144347263523
4808	0.5823819594	89.48179871	0.518199999999993	2.89777433018379	5.58969241095798
4812	0.5812433983	89.48374472	0.516260000000003	2.89626139762111	5.60776990812506
4816	0.5807392721	89.48167223	0.518330000000006	2.89546636856584	5.58384346440811
4820	0.5802598808	89.48358039	0.516419999999997	2.89396137318043	5.60158436369854
4824	0.5803773643	89.48546887	0.514529999999993	2.89246234723112	5.6192501420806
4828	0.5801770647	89.48733752	0.512659999999997	2.89096925595242	5.63683783341559
4832	0.5786681073	89.48518685	0.514809999999997	2.89019216809183	5.61178978301531
4836	0.5793166364	89.48701764	0.512979999999999	2.88870867200662	5.62892041107954
4840	0.5788882311	89.4888282	0.511170000000007	2.88723103230576	5.64596423520441
4844	0.5779261866	89.49061839	0.509379999999993	2.88575921558256	5.66291825693059
4848	0.5769923808	89.48838805	0.511610000000005	2.88500012959844	5.63675358463856
4852	0.5772659592	89.49013772	0.509860000000003	2.88353778912652	5.65323565772375
4856	0.5766347302	89.49186684	0.508129999999994	2.88208119766293	5.66961940354871
4860	0.5745151257	89.49357497	0.506429999999995	2.88063208193229	5.68579300733066
4864	0.5746569519	89.49126195	0.508740000000003	2.87989109321259	5.65852190342792
4868	0.5737495285	89.49292779	0.507069999999999	2.87844958331813	5.67431809448433
4872	0.5725681419	89.49457339	0.505430000000004	2.87701547835265	5.68989557119815
4876	0.5709620393	89.49219738	0.507800000000003	2.87628900670729	5.6619115861617
4880	0.5703128953	89.49379957	0.506200000000007	2.87486421185204	5.67699614247359
4884	0.5696036229	89.4953798	0.504620000000003	2.87344498896057	5.69196178979214
4888	0.5904938068	89.4969399	0.503060000000005	2.8720313086646	5.70680556443083
4892	0.5882701056	89.49847986	0.501519999999999	2.87062314193924	5.72152449543742
4896	0.5870441913	89.49599742	0.504000000000005	2.86992050006445	5.69197928332433
4900	0.5855444674	89.4974924	0.502510000000001	2.86852327551839	5.70607918152316
4904	0.5836743988	89.49896462	0.501040000000003	2.86713149583693	5.72004546624332
4908	0.5818463539	89.50041507	0.499579999999995	2.8657433896175	5.73398651030738
4912	0.5801565313	89.50184269	0.498159999999999	2.86436416182379	5.74756554844647
4916	0.5787880438	89.50324701	0.496750000000006	2.86298855374595	5.7611135223361
4920	0.5776013694	89.50462785	0.495369999999994	2.86162001480705	5.77440316264329
4924	0.5764341468	89.50598494	0.494020000000006	2.86025850722069	5.78742980695119
4928	0.5749745476	89.50731743	0.492679999999993	2.85890054594002	5.80041729773003
4932	0.5731634624	89.50862584	0.491370000000003	2.85754955789839	5.81313487450946
4936	0.5714237346	89.50590995	0.49409	2.856894853249	5.77981050647594
4940	0.5836138303	89.50716957	0.492829999999998	2.85555454927929	5.79187090357445
4944	0.5826759324	89.50840487	0.491600000000005	2.85422115955585	5.80365299179295
4948	0.5814106046	89.50961596	0.490380000000002	2.85289121131474	5.81538260503669
4952	0.5798024831	89.51080194	0.489199999999997	2.85156984067696	5.82671178404734
4956	0.577679425	89.51196261	0.488039999999998	2.85025357950016	5.83786696320222
4960	0.5753801893	89.51309773	0.486900000000006	2.84894240604709	5.84884547963799
4964	0.573858366	89.51020918	0.489789999999999	2.84832338243366	5.81307296170735
4968	0.572676284	89.51129621	0.488699999999994	2.84702280170021	5.82338011312988
4972	0.5712463279	89.51235712	0.487639999999999	2.84572897980561	5.83338829974334
4976	0.569478471	89.51339166	0.486609999999999	2.84444188808836	5.84309365791407
4980	0.5674867912	89.51439961	0.485600000000005	2.84315979009497	5.85260940838092
4984	0.5652421996	89.51538131	0.484620000000007	2.84188437288395	5.86181570793621
4988	0.5629430688	89.51633614	0.48366	2.8406139067418	5.87082676854724
4992	0.5605829461	89.51726368	0.482740000000007	2.83935177537454	5.87940371745893
4996	0.5588562471	89.51416368	0.485839999999996	2.83877666102401	5.8407075742844
5000	0.557177437	89.5150359	0.484960000000001	2.83752338424059	5.84872461721787
5004	0.5553849786	89.51587906	0.484120000000004	2.83627842132575	5.85630405926947
5008	0.5534052981	89.51669381	0.483310000000003	2.83504003795949	5.86355946844496
5012	0.5513556129	89.51747997	0.482519999999994	2.83380650938932	5.87060594974379
5016	0.5492365882	89.5182373	0.481759999999994	2.83257952244403	5.87732309837458
5020	0.5470866887	89.51896553	0.481030000000004	2.83135905725979	5.88370805533401
5024	0.5449109157	89.519665	0.480329999999995	2.83014509486096	5.88975807021626
5028	0.5427358372	89.52033484	0.479669999999999	2.82893931339733	5.89535113181971
5032	0.540602993	89.52097477	0.479029999999995	2.8277383016633	5.90072318353786
5036	0.5387559245	89.5255845	0.474419999999995	2.82586918647638	5.95412489714671
5040	0.5509500393	89.52616418	0.473839999999996	2.82468160010215	5.95890954426831
5044	0.5490835745	89.52671841	0.473280000000003	2.82349871771347	5.96346383366816
5048	0.5471911879	89.5272417	0.472759999999994	2.82232388059072	5.9675409677359
5052	0.5453203131	89.52773376	0.472269999999995	2.82115539784079	5.97126119034715
5056	0.5434153745	89.52819427	0.471810000000005	2.81999325761917	5.97462265476542
5060	0.5414539009	89.52862329	0.471379999999996	2.81883744899109	5.97762364573449
5064	0.5394937233	89.52902316	0.470979999999997	2.81768796193183	5.98026258121263
5068	0.5375189528	89.52939063	0.470609999999994	2.81654478732965	5.98253801399721
5072	0.535479057	89.5297254	0.470269999999999	2.81540791698806	5.98444863322534
5076	0.5333815582	89.53002713	0.469970000000004	2.81427901421109	5.98586944933189
5080	0.5312715213	89.53029534	0.469700000000003	2.81315640143165	5.98692305074556
5084	0.5290430527	89.53052831	0.469470000000001	2.81204174365098	5.98748460733669
5088	0.5267689754	89.53072721	0.469269999999995	2.81093336638549	5.98767727810912
5092	0.5243095724	89.53089171	0.469110000000001	2.80983293682372	5.98737647153048
5096	0.5217221175	89.53102145	0.468980000000002	2.8087387830955	5.98670584712395
5100	0.5190123047	89.53111609	0.468879999999999	2.80765090439278	5.98566522431033
5104	0.5167968259	89.53517536	0.464820000000003	2.80590530990752	6.03419528143443
5108	0.5149431165	89.53519881	0.464799999999997	2.80483310062099	6.03215084341592
5112	0.5130421066	89.53518607	0.46481	2.80376713068256	6.02973044525498
5116	0.5109512667	89.53513675	0.464860000000002	2.80270906283516	6.0268085048013
5120	0.5087356993	89.53505049	0.464950000000002	2.80165890424954	6.02338595343245
5124	0.5062901279	89.53493358	0.465069999999997	2.8006150025077	6.01958984456694
5128	0.5035864254	89.53477944	0.465220000000002	2.79957736456699	6.0154212166282
5132	0.500375492	89.53458732	0.465410000000006	2.79854766199719	6.01075567379867
5136	0.5118603643	89.53835685	0.461640000000003	2.79686264440824	6.05619589798946
5140	0.5102162622	89.53808759	0.461910000000003	2.79584822662493	6.05046240373416
5144	0.5083615388	89.53778105	0.462220000000002	2.79484173253233	6.04422963563894
5148	0.5062211312	89.53743538	0.462559999999996	2.79384152386703	6.03762719767526
5152	0.5033020788	89.53704971	0.462950000000006	2.7928509309629	6.0304038472486
5156	0.4989664005	89.53662363	0.463380000000001	2.7918683207813	6.02268993778305
5160	0.497280367	89.54015669	0.45984	2.79022979606488	6.0654945235486
5164	0.4954965586	89.53964729	0.460350000000005	2.78926225899332	6.05667571925127
5168	0.4926807342	89.53909547	0.460899999999995	2.78830272277125	6.04736890631257
5172	0.4885526286	89.54250138	0.457499999999996	2.78669313375396	6.08879603379939
5176	0.4870937898	89.54186457	0.45814	2.78575020525374	6.07823469786764
5180	0.4847462469	89.54118455	0.458820000000003	2.78481531698192	6.06719135785489
5184	0.4810426918	89.54446076	0.455539999999999	2.78323076182741	6.10740135517502
5188	0.4793148027	89.54369267	0.456310000000002	2.7823123873464	6.0950853833977
5192	0.4766757766	89.5428799	0.457120000000003	2.78140210961321	6.08229633598281
5196	0.4745592182	89.54602192	0.453980000000001	2.77984531956803	6.12093908084711
5200	0.4723057946	89.54511824	0.454880000000003	2.77895150337407	6.10686612996977
5204	0.4700103574	89.54816814	0.451830000000001	2.77741372620846	6.14468912975019
5208	0.4684695667	89.54717043	0.452830000000006	2.77653794461129	6.12918811639963
5212	0.4650072287	89.54612538	0.453869999999995	2.77567038532621	6.11323470910734
5216	0.4645649183	89.54903243	0.450969999999998	2.77416107907142	6.14920264259965
5220	0.4616919407	89.54789103	0.452110000000005	2.77331156762987	6.13182087478199
5224	0.4600578473	89.55070059	0.449299999999994	2.77182058908776	6.1668549537204
5228	0.4737603454	89.54946337	0.450540000000004	2.77098910696893	6.14803917409653
5232	0.4700351549	89.55217643	0.447819999999993	2.76951619377849	6.18209552720576
5236	0.4698810575	89.55083875	0.449160000000006	2.76870274230644	6.16184361470853
5240	0.4647210353	89.55344973	0.446550000000002	2.76725087778009	6.19461015383807
5244	0.4655087454	89.55200874	0.447990000000004	2.76645548954912	6.17292545819091
5248	0.4596235813	89.55451975	0.445480000000003	2.76502280695337	6.20449298054552
5252	0.4608424502	89.55298178	0.447019999999995	2.76424553067034	6.18138192107284
5256	0.4547785495	89.55539011	0.444609999999997	2.76283181014331	6.21171128479502
5260	0.4559701101	89.55374408	0.446259999999995	2.76207433193317	6.18704915255539
5264	0.4505298614	89.55604302	0.443960000000004	2.76068097526277	6.21596656257262
5268	0.4506637882	89.55428624	0.445710000000005	2.75994178269024	6.18990462608841
5272	0.4465921381	89.55647304	0.443529999999996	2.75857021217433	6.2172392517614
5276	0.4444833316	89.5546027	0.445400000000006	2.75785266522557	6.18952769457791
5280	0.4424712051	89.55667452	0.443330000000003	2.75650109047683	6.2153821173497
5284	0.4364271191	89.55868773	0.441310000000001	2.75515996248783	6.24079561731868
5288	0.4374962953	89.55664161	0.443359999999998	2.75447362568688	6.21039384921335
5292	0.4335087072	89.55854166	0.441460000000006	2.75315381115391	6.23413599993871
5296	0.4311367855	89.55689841	0.443100000000001	2.75240409709214	6.20937265815489
5300	0.4270858027	89.55689841	0.443100000000001	2.75139199669714	6.20709113408728
5304	0.4232739462	89.56089841	0.439099999999996	2.74973922549874	6.25987407321181
5308	0.4216632672	89.56089841	0.439099999999996	2.74872919779065	6.25757647569467
5312	0.4197267217	89.56089841	0.439099999999996	2.74772032105782	6.25528149445939
5316	0.4338199802	89.56089841	0.439099999999996	2.74671259313016	6.25298912457681
5320	0.4316558506	89.56089841	0.439099999999996	2.74570601184367	6.2506993611316
5324	0.4289756998	89.56089841	0.439099999999996	2.7447005750399	6.24841219922105
5328	0.4258285019	89.56089841	0.439099999999996	2.74369628056611	6.24612763395536
5332	0.4221492417	89.56089841	0.439099999999996	2.74269312627497	6.24384566045708
5336	0.4176658345	89.56489841	0.435100000000006	2.74105309000047	6.29748096597792
5340	0.4157481559	89.56489841	0.435100000000006	2.74005197677953	6.29518269467762
5344	0.4136545792	89.56489841	0.435100000000006	2.7390519974278	6.29288702449998
5348	0.411044254	89.56489841	0.435100000000006	2.73805314982029	6.29059395057388
5352	0.4078860906	89.56489841	0.435100000000006	2.73705543183788	6.28830346804157
5356	0.4042578744	89.56489841	0.435100000000006	2.73605884136698	6.28601557205801
5360	0.4000640064	89.56489841	0.435100000000006	2.73506337629942	6.28373025779054
5364	0.3979958311	89.56889841	0.431100000000001	2.73343509226574	6.33826051631989
5368	0.3966190365	89.56889841	0.431100000000001	2.73244164144437	6.33595865999328
5372	0.3946530225	89.56889841	0.431100000000001	2.73144930982712	6.33365939499566
5376	0.3920220983	89.56889841	0.431100000000001	2.73045809532771	6.33136271650017
5380	0.3886976399	89.56889841	0.431100000000001	2.72946799586522	6.32906861969231
5384	0.3847560191	89.56889841	0.431100000000001	2.72847900936424	6.32677709977038
5388	0.3799774041	89.56889841	0.431100000000001	2.7274911337546	6.32448815194473
5392	0.3748342289	89.56889841	0.431100000000001	2.72650436697182	6.32220177143889
5396	0.3739513382	89.57289841	0.427099999999996	2.72488865082324	6.37763241748872
5400	0.3895640971	89.57289841	0.427099999999996	2.72390386795927	6.37532925921169
5404	0.3877947209	89.57289841	0.427099999999996	2.72292018785048	6.37302867812015
5408	0.3852755586	89.57289841	0.427099999999996	2.72193760845369	6.37073066944261
5412	0.3821667813	89.57289841	0.427099999999996	2.72095612773056	6.36843522841886
5416	0.3783843991	89.57289841	0.427099999999996	2.71997574364839	6.36614235030186
5420	0.3742773959	89.57289841	0.427099999999996	2.71899645417948	6.36385203035625
5424	0.369064595	89.57289841	0.427099999999996	2.71801825730142	6.36156426385903
5428	0.3637121132	89.57289841	0.427099999999996	2.71704115099722	6.35927904609975
5432	0.3609517364	89.57689841	0.423100000000005	2.71543877956428	6.4156157550326
5436	0.3591654437	89.57689841	0.423100000000005	2.71446362358324	6.4133135327007
5440	0.3570242823	89.57689841	0.423100000000005	2.71348955224433	6.41101386921972
5444	0.3545600661	89.57689841	0.423100000000005	2.7125165635512	6.40871675988334
5448	0.3519498035	89.57689841	0.423100000000005	2.71154465551233	6.40642219999669
5452	0.3489621915	89.57689841	0.423100000000005	2.7105738261416	6.40413018487754
5456	0.345591807	89.57689841	0.423100000000005	2.70960407345764	6.40184070985492
5460	0.3418406994	89.57689841	0.423100000000005	2.70863539548453	6.39955377027064
5464	0.3371619518	89.57689841	0.423100000000005	2.70766779025111	6.39726936147777
5468	0.3313021902	89.57689841	0.423100000000005	2.70670125579159	6.39498747884201
5472	0.3283903096	89.58089841	0.4191	2.70511296330554	6.45223622959226
5476	0.3263780947	89.58089841	0.4191	2.70414834255795	6.44993712480886
5480	0.3407598798	89.58089841	0.4191	2.70318478680338	6.44764055653522
5484	0.33891675	89.58089841	0.4191	2.70222229409571	6.44534652013959
5488	0.336923379	89.58089841	0.4191	2.70126086249393	6.4430550110024
5492	0.3347647107	89.58089841	0.4191	2.70030049006202	6.44076602451588
5496	0.3321953616	89.58089841	0.4191	2.69934117486877	6.43847955608377
5500	0.3289356028	89.58089841	0.4191	2.69838291498783	6.43619560112135
5504	0.3244390906	89.58089841	0.4191	2.69742570849808	6.43391415505627
5508	0.3187148652	89.58089841	0.4191	2.69646955348304	6.43163521332734
5512	0.3139319428	89.58489841	0.415099999999995	2.69489519983788	6.48982229826082
5516	0.3122088262	89.58489841	0.415099999999995	2.69394092289769	6.48752591115603
5520	0.3098606993	89.58489841	0.415099999999995	2.69298769179712	6.48523203897956
5524	0.3072042453	89.58489841	0.415099999999995	2.69203550463911	6.48294067717282
5528	0.3041117496	89.58489841	0.415099999999995	2.69108435953125	6.48065182118839
5532	0.3004250314	89.58489841	0.415099999999995	2.69013425458602	6.47836546649061
5536	0.2961462118	89.58489841	0.415099999999995	2.68918518792061	6.47608160855513
5540	0.2909535622	89.58489841	0.415099999999995	2.68823715765727	6.47380024286971
5544	0.28813393	89.58889841	0.411100000000005	2.68667497686726	6.53299332010985
5548	0.2863857081	89.58889841	0.411100000000005	2.68572879727214	6.53069424924305
5552	0.2843775926	89.58889841	0.411100000000005	2.68478364855686	6.52839768147761
5556	0.2987040949	89.58889841	0.411100000000005	2.6838395288624	6.52610361230283
5560	0.2960557694	89.58889841	0.411100000000005	2.68289643633405	6.52381203721842
5564	0.2926451888	89.58889841	0.411100000000005	2.68195436912228	6.52152295173673
5568	0.2884609306	89.58889841	0.411100000000005	2.68101332538169	6.51923635138007
5572	0.2831967948	89.58889841	0.411100000000005	2.68007330327183	6.51695223168273
5576	0.2764784034	89.58889841	0.411100000000005	2.67913430095679	6.51467058819009
5580	0.2728103437	89.59289841	0.4071	2.67758502129331	6.57487849067915
5584	0.2720024724	89.59289841	0.4071	2.67664783924879	6.57257889085184
5588	0.2721678577	89.59289841	0.4071	2.67571167160101	6.57028177833342
5592	0.2710451742	89.59289841	0.4071	2.67477651653222	6.5679871486699
5596	0.2701364398	89.59289841	0.4071	2.6738423722294	6.56569499741887
5600	0.2679266273	89.59289841	0.4071	2.67290923688393	6.56340532014877
5604	0.2642080629	89.59289841	0.4071	2.67197710869182	6.56111811243925
5608	0.2581483805	89.59289841	0.4071	2.67104598585364	6.55883336988124
5612	0.2499703932	89.59289841	0.4071	2.67011586657436	6.55655108807635
5616	0.2415868098	89.59689841	0.403099999999995	2.66857938913653	6.61780373571361
5620	0.2433434498	89.59689841	0.403099999999995	2.66765106045054	6.61550323964032
5624	0.2445784425	89.59689841	0.403099999999995	2.66672373004555	6.61320521567842
5628	0.2456606393	89.59689841	0.403099999999995	2.66579739614425	6.61090965942974
5632	0.2657041065	89.59689841	0.403099999999995	2.6648720569737	6.60861656650688
5636	0.2662922566	89.59689841	0.403099999999995	2.66394771076556	6.60632593253388
5640	0.2649969993	89.59689841	0.403099999999995	2.66302435575588	6.60403775314558
5644	0.260247767	89.59689841	0.403099999999995	2.6621019901847	6.60175202398674
5648	0.2506096944	89.59689841	0.403099999999995	2.66118061229699	6.59946874071427
5652	0.2359205042	89.59689841	0.403099999999995	2.66026022034164	6.59718789899479
5656	0.2311936147	89.60089841	0.399100000000004	2.6587372249797	6.65949546873268
5660	0.2338341087	89.60089841	0.399100000000004	2.65781859123017	6.65719616369663
5664	0.2366176487	89.60089841	0.399100000000004	2.65690093826486	6.65489931181729
5668	0.2385773578	89.60089841	0.399100000000004	2.65598426435007	6.65260490876131
5672	0.2382091217	89.60089841	0.399100000000004	2.65506856775621	6.65031295020565
5676	0.2368086776	89.60089841	0.399100000000004	2.65415384675805	6.64802343183811
5680	0.2329317437	89.60089841	0.399100000000004	2.65324009963487	6.6457363493578
5684	0.2373610118	89.59689841	0.403099999999995	2.65293236957913	6.57902854472296
5688	0.2423809382	89.59689841	0.403099999999995	2.65202077293464	6.57676948375766
5692	0.2215746005	89.59289841	0.4071	2.65172150321407	6.51141553267969
5696	0.2580571188	89.59289841	0.4071	2.65081205183021	6.5091839297979
5700	0.2572152332	89.59289841	0.4071	2.64990356562336	6.50695469362058
5704	0.2238064011	89.59289841	0.4071	2.64899604289785	6.50472781999273
5708	0.2494493983	89.59289841	0.4071	2.64808948196225	6.50250330476967
5712	0.2254175814	89.60489841	0.395099999999999	2.64536439000056	6.69310451809342
5716	0.2242559721	89.60489841	0.395099999999999	2.64445912560111	6.69081571224048
5720	0.2474789033	89.60089841	0.399100000000004	2.6441558159285	6.62299855954528
5724	0.3004271493	89.60089841	0.399100000000004	2.64325266905048	6.62073799093153
5728	0.3195976928	89.60089841	0.399100000000004	2.642350475723	6.61847980740389
5732	0.3401129664	89.59689841	0.403099999999995	2.64205676855364	6.55207721187259
5736	0.3931485018	89.59689841	0.403099999999995	2.64115668427479	6.54984666055737
5740	0.6281010504	89.59689841	0.403099999999995	2.64025754848117	6.54761845812481
5744	0.518043949	89.59689841	0.403099999999995	2.6393593595184	6.54539260048075
5748	0.3615908354	89.59689841	0.403099999999995	2.63846211573587	6.54316908354035
5752	0.4337040516	89.59289841	0.4071	2.63818031021165	6.47818811683318
5756	0.538793882	89.59289841	0.4071	2.63728516032785	6.47599158286729
5760	0.5643232526	89.59289841	0.4071	2.63639095061917	6.47379735434086
5764	0.4990236467	89.59289841	0.4071	2.63549767945143	6.47160542724938
5768	0.4015572369	89.59289841	0.4071	2.63460534519404	6.46941579759715
5772	0.2874940753	89.60089841	0.399100000000004	2.632488809653	6.59379601998749
5776	0.3489388955	89.60089841	0.399100000000004	2.63159793007782	6.59156613541509
5780	0.3230439343	89.60089841	0.399100000000004	2.63070798269888	6.58933858255238
5784	0.215606707	89.59689841	0.403099999999995	2.63042918444993	6.52326209367924
5788	0.2929317282	89.59689841	0.403099999999995	2.62954130256982	6.5210617612939
5792	0.3910197838	89.59689841	0.403099999999995	2.62865434797685	6.51886372533078
5796	0.4754466873	89.59689841	0.403099999999995	2.62776831906811	6.51666798182304
5800	0.4899304618	89.59689841	0.403099999999995	2.62688321424423	6.51447452681253
5804	0.4079485245	89.59689841	0.403099999999995	2.62599903190978	6.51228335635087
5808	0.2862775773	89.59689841	0.403099999999995	2.62511577047342	6.51009446649982
5812	0.1992261882	89.59689841	0.403099999999995	2.62423342834741	6.50790785332998
5816	0.2114869486	89.59289841	0.4071	2.6239698249923	6.44331800086203
5820	0.2872109739	89.59289841	0.4071	2.623089523982	6.44115787871136
5824	0.3610528769	89.59289841	0.4071	2.62221013746589	6.43899999906949
5828	0.3993555183	89.59289841	0.4071	2.62133166387134	6.43684435808265
5832	0.3791999087	89.59289841	0.4071	2.62045410162988	6.4346909519073
5836	0.3205199423	89.59289841	0.4071	2.61957744917669	6.43253977670879
5840	0.253849919	89.59289841	0.4071	2.61870170495072	6.43039082866171
5844	0.2675512983	89.61289841	0.387100000000004	2.61479026186967	6.75252544834341
5848	0.2359400079	89.60889841	0.391099999999994	2.61451087772337	6.68275100661512
5852	0.340441591	89.60889841	0.391099999999994	2.61363703370086	6.68051899056651
5856	0.2757427016	89.59689841	0.403099999999995	2.61458788917925	6.48400425509237
5860	0.3360285799	89.59689841	0.403099999999995	2.61371645632058	6.48184465903661
5864	0.3362037806	89.59689841	0.403099999999995	2.61284592247641	6.47968728943297
5868	0.2690416232	89.59689841	0.403099999999995	2.61197628611183	6.47753214248278
5872	0.338068144	89.61689841	0.383099999999999	2.60809380600269	6.805566799353
5876	0.4754512685	89.61289841	0.387100000000004	2.60781590986413	6.73452709430865
5880	0.6062479146	89.61289841	0.387100000000004	2.60694815127802	6.73228770705704
5884	0.523661058	89.61289841	0.387100000000004	2.6060812843598	6.73005061935255
5888	0.4039993761	89.61289841	0.387100000000004	2.60521530759223	6.72781582728495
5892	0.2732335907	89.61289841	0.387100000000004	2.60435021946189	6.72558332695383
5896	0.2387431654	89.59289841	0.4071	2.60653578429329	6.40053728632138
5900	0.354560115	89.62089841	0.379099999999994	2.60144445890474	6.85985152170491
5904	0.4566234084	89.61689841	0.383099999999999	2.6011679446726	6.78750687303505
5908	0.5930295812	89.61689841	0.383099999999999	2.60030619990736	6.78525977418185
5912	0.6281409586	89.61689841	0.383099999999999	2.59944533633556	6.78301497160964
5916	0.5539275481	89.61689841	0.383099999999999	2.59858535246471	6.78077246143176
5920	0.4446565599	89.61689841	0.383099999999999	2.59772624680617	6.77853223977158
5924	0.4134640336	89.61289841	0.387100000000004	2.59746132489812	6.7078053617333
5928	0.5438333467	89.62089841	0.379099999999994	2.5954231924502	6.8439846809475
5932	0.484317101	89.61689841	0.383099999999999	2.59515418426928	6.77182526726471
5936	0.563517701	89.62489841	0.375100000000003	2.59312889708119	6.91085639789351
5940	0.5370223214	89.62089841	0.379099999999994	2.5928557869228	6.83721920171921
5944	0.4611596707	89.62889841	0.371099999999998	2.590843365237	6.97919329704668
5948	0.4881568723	89.62489841	0.375100000000003	2.59056613744732	6.90403113461705
5952	0.1968192617	89.62889841	0.371099999999998	2.58913708305715	6.97460005777013
5956	0.209786822	89.62889841	0.371099999999998	2.58828524045981	6.97230693130373
5960	0.2961113926	89.63289841	0.367099999999994	2.58686340474276	7.04440838629858
5964	0.1937082868	89.65289841	0.347099999999998	2.58324892401206	7.43990094685642
5968	0.1181263301	89.65689841	0.343100000000007	2.58186379721247	7.522604279947
5972	0.1006735319	89.64889841	0.351100000000002	2.58209011863531	7.35184377456644
5976	0.2106052823	89.65289841	0.347099999999998	2.58070044627149	7.43256615550895
5980	0.1845826117	89.65689841	0.343100000000007	2.57931736696626	7.51518993117889
5984	0.01089906036	89.66889841	0.331100000000006	2.57690043449099	7.78026610307479
5988	0.007981697931	89.66889841	0.331100000000006	2.57605367609369	7.77771126427876
5992	0.006938537322	89.66889841	0.331100000000006	2.5752077705354	7.77515899697181
5996	0.331100000000006	2.57351851224216	0.331100000000006	2.57436271639195	7.7726092968626
6000	0.005770850375	89.66889841	0.331100000000006	2.57351851224216	7.77006215966874