Energy(eV)	Delta	Beta
10	-0.660011614401858	0.794976190476191
10.0009990998101	-0.660382763558506	0.794540683729793
10.0019983992802	-0.66094809973112	0.793862280322656
10.0029978984702	-0.661513435903734	0.793183876915519
10.0039975974399	-0.662078772076348	0.792505473508382
10.0049974962494	-0.662644108248963	0.791827070101245
10.0059975949584	-0.663209444421577	0.791148666694108
10.006997893627	-0.66377478059419	0.790470263286972
10.0079983923151	-0.664340116766804	0.789791859879835
10.0089990910828	-0.664905452939419	0.789113456472698
10.00999998999	-0.665470789112033	0.788435053065561
10.0110010890968	-0.666036125284647	0.787756649658424
10.0120023884633	-0.666601461457261	0.787078246251287
10.0130038881495	-0.667166797629875	0.78639984284415
10.0140055882157	-0.667732133802489	0.785721439437013
10.0150074887219	-0.668297469975104	0.785043036029876
10.0160095897282	-0.668862806147718	0.784364632622739
10.017011891295	-0.669428142320332	0.783686229215602
10.0180143934824	-0.669993478492946	0.783007825808465
10.0190170963506	-0.67055881466556	0.782329422401328
10.0200199999599	-0.671124150838174	0.781651018994191
10.0210231043707	-0.671689487010788	0.780972615587054
10.0220264096431	-0.672254823183402	0.780294212179917
10.0230299158376	-0.672820159356016	0.77961580877278
10.0240336230145	-0.67338549552863	0.778937405365643
10.0250375312343	-0.673950831701245	0.778259001958507
10.0260416405572	-0.674516167873859	0.77758059855137
10.0270459510438	-0.675081504046473	0.776902195144233
10.0280504627544	-0.675646840219087	0.776223791737096
10.0290551757497	-0.676212176391701	0.775545388329958
10.03006009009	-0.676777512564315	0.774866984922821
10.031065205836	-0.67734284873693	0.774188581515684
10.0320705230481	-0.677908184909544	0.773510178108547
10.033076041787	-0.678473521082158	0.772831774701411
10.0340817621132	-0.679038857254771	0.772153371294274
10.0350876840874	-0.679604193427386	0.771474967887137
10.0360938077703	-0.6801695296	0.77079656448
10.0371001332224	-0.680734865772614	0.770118161072863
10.0381066605046	-0.681300201945228	0.769439757665726
10.0391133896775	-0.681865538117842	0.768761354258589
10.0401203208019	-0.682430874290456	0.768082950851452
10.0411274539386	-0.68299621046307	0.767404547444315
10.0421347891483	-0.683561546635685	0.766726144037178
10.0431423264919	-0.684126882808299	0.766047740630041
10.0441500660302	-0.684692218980913	0.765369337222904
10.0451580078242	-0.685257555153527	0.764690933815767
10.0461661519346	-0.685822891326141	0.76401253040863
10.0471744984224	-0.686388227498755	0.763334127001494
10.0481830473486	-0.686953563671369	0.762655723594357
10.0491917987742	-0.687518899843983	0.76197732018722
10.05020075276	-0.688084236016597	0.761298916780083
10.0512099093672	-0.688649572189211	0.760620513372946
10.0522192686568	-0.689214908361826	0.759942109965809
10.0532288306899	-0.68978024453444	0.759263706558672
10.0542385955274	-0.690345580707054	0.758585303151535
10.0552485632307	-0.690910916879668	0.757906899744398
10.0562587338607	-0.691476253052282	0.757228496337261
10.0572691074787	-0.692041589224896	0.756550092930124
10.0582796841459	-0.692606925397511	0.755871689522987
10.0592904639234	-0.693172261570125	0.75519328611585
10.0603014468726	-0.693737597742739	0.754514882708713
10.0613126330546	-0.694302933915352	0.753836479301577
10.0623240225308	-0.694868270087967	0.75315807589444
10.0633356153624	-0.695433606260581	0.752479672487303
10.0643474116109	-0.695998942433195	0.751801269080166
10.0653594113375	-0.696564278605809	0.751122865673029
10.0663716146037	-0.697129614778423	0.750444462265892
10.0673840214709	-0.697694950951037	0.749766058858755
10.0683966320005	-0.698260287123652	0.749087655451618
10.069409446254	-0.698825623296266	0.748409252044481
10.0704224642928	-0.69939095946888	0.747730848637344
10.0714356861785	-0.699956295641494	0.747052445230207
10.0724491119726	-0.700521631814108	0.74637404182307
10.0734627417367	-0.701086967986722	0.745695638415933
10.0744765755323	-0.701652304159336	0.745017235008797
10.0754906134211	-0.70221764033195	0.74433883160166
10.0765048554646	-0.702782976504564	0.743660428194523
10.0775193017247	-0.703348312677178	0.742982024787386
10.0785339522628	-0.703913648849792	0.742303621380249
10.0795488071408	-0.704478985022407	0.741625217973112
10.0805638664204	-0.705044321195021	0.740946814565975
10.0815791301634	-0.705609657367635	0.740268411158838
10.0825945984314	-0.706174993540249	0.739590007751701
10.0836102712864	-0.706740329712863	0.738911604344564
10.0846261487902	-0.707305665885477	0.738233200937427
10.0856422310046	-0.707871002058092	0.73755479753029
10.0866585179915	-0.708436338230706	0.736876394123153
10.0876750098128	-0.70900167440332	0.736197990716016
10.0886917065305	-0.709567010575934	0.73551958730888
10.0897086082064	-0.710132346748548	0.734841183901743
10.0907257149027	-0.710697682921162	0.734162780494606
10.0917430266813	-0.711263019093776	0.733484377087469
10.0927605436042	-0.71182835526639	0.732805973680332
10.0937782657335	-0.712393691439004	0.732127570273195
10.0947961931312	-0.712959027611618	0.731449166866058
10.0958143258596	-0.713524363784233	0.730770763458921
10.0968326639806	-0.714089699956847	0.730092360051784
10.0978512075566	-0.714655036129461	0.729413956644647
10.0988699566496	-0.715220372302075	0.72873555323751
10.0998889113219	-0.715785708474689	0.728057149830373
10.1009080716356	-0.716351044647303	0.727378746423236
10.1019274376532	-0.716916380819917	0.7267003430161
10.1029470094368	-0.717481716992531	0.726021939608963
10.1039667870487	-0.718047053165145	0.725343536201826
10.1049867705513	-0.718612389337759	0.724665132794689
10.106006960007	-0.719177725510374	0.723986729387552
10.1070273554781	-0.719743061682988	0.723308325980415
10.1080479570271	-0.720308397855602	0.722629922573278
10.1090687647163	-0.720873734028216	0.721951519166141
10.1100897786082	-0.72143907020083	0.721273115759004
10.1111109987654	-0.722004406373444	0.720594712351867
10.1121324252504	-0.722569742546059	0.71991630894473
10.1131540581256	-0.723135078718673	0.719237905537593
10.1141758974536	-0.723700414891287	0.718559502130456
10.115197943297	-0.724265751063901	0.717881098723319
10.1162201957185	-0.724831087236514	0.717202695316183
10.1172426547807	-0.725396423409129	0.716524291909046
10.1182653205461	-0.725961759581743	0.715845888501909
10.1192881930776	-0.726527095754357	0.715167485094772
10.1203112724379	-0.727092431926971	0.714489081687635
10.1213345586896	-0.727657768099585	0.713810678280498
10.1223580518955	-0.728223104272199	0.713132274873361
10.1233817521185	-0.728788440444814	0.712453871466224
10.1244056594213	-0.729353776617428	0.711775468059087
10.1254297738668	-0.729919112790042	0.71109706465195
10.1264540955178	-0.730484448962656	0.710418661244813
10.1274786244372	-0.73104978513527	0.709740257837676
10.1285033606881	-0.731615121307884	0.709061854430539
10.1295283043332	-0.732180457480498	0.708383451023402
10.1305534554355	-0.732745793653112	0.707705047616266
10.1315788140582	-0.733311129825726	0.707026644209129
10.1326043802641	-0.73387646599834	0.706348240801992
10.1336301541163	-0.734441802170955	0.705669837394855
10.1346561356779	-0.735007138343569	0.704991433987717
10.135682325012	-0.735572474516183	0.70431303058058
10.1367087221817	-0.736137810688797	0.703634627173443
10.1377353272502	-0.736703146861411	0.702956223766307
10.1387621402805	-0.737268483034025	0.70227782035917
10.139789161336	-0.73783381920664	0.701599416952033
10.1408163904798	-0.738399155379254	0.700921013544896
10.1418438277753	-0.738964491551868	0.700242610137759
10.1428714732856	-0.739529827724482	0.699564206730622
10.143899327074	-0.740095163897096	0.698885803323485
10.144927389204	-0.74066050006971	0.698207399916348
10.1459556597387	-0.741225836242324	0.697528996509211
10.1469841387417	-0.741791172414938	0.696850593102074
10.1480128262764	-0.742356508587552	0.696172189694937
10.1490417224061	-0.742921844760166	0.6954937862878
10.1500708271942	-0.743487180932781	0.694815382880663
10.1511001407044	-0.744052517105395	0.694136979473526
10.1521296630001	-0.744617853278009	0.693458576066389
10.1531593941447	-0.745183189450623	0.692780172659252
10.154189334202	-0.745748525623237	0.692101769252115
10.1552194832354	-0.746313861795851	0.691423365844978
10.1562498413086	-0.746879197968465	0.690744962437841
10.1572804084852	-0.747444534141079	0.690066559030705
10.1583111848288	-0.748009870313693	0.689388155623568
10.1593421704033	-0.748575206486307	0.688709752216431
10.1603733652721	-0.749140542658921	0.688031348809294
10.1614047694992	-0.749705878831536	0.687352945402157
10.1624363831482	-0.75027121500415	0.68667454199502
10.163468206283	-0.750836551176764	0.685996138587883
10.1645002389674	-0.751401887349378	0.685317735180746
10.1655324812652	-0.751967223521992	0.684639331773609
10.1665649332402	-0.752532559694606	0.683960928366472
10.1675975949565	-0.753097895867221	0.683282524959335
10.1686304664778	-0.753663232039835	0.682604121552198
10.1696635478682	-0.754228568212449	0.681925718145061
10.1706968391915	-0.754793904385063	0.681247314737924
10.1717303405119	-0.755359240557677	0.680568911330788
10.1727640518933	-0.755924576730291	0.679890507923651
10.1737979733998	-0.756489912902905	0.679212104516514
10.1748321050954	-0.757055249075519	0.678533701109377
10.1758664470443	-0.757620585248133	0.67785529770224
10.1769009993106	-0.758185921420747	0.677176894295103
10.1779357619584	-0.758751257593362	0.676498490887966
10.178970735052	-0.759316593765976	0.675820087480829
10.1800059186554	-0.75988192993859	0.675141684073692
10.1810413128331	-0.760447266111204	0.674463280666555
10.1820769176491	-0.761012602283818	0.673784877259418
10.1831127331678	-0.761577938456432	0.673106473852281
10.1841487594536	-0.762143274629047	0.672428070445144
10.1851849965706	-0.76270861080166	0.671749667038008
10.1862214445834	-0.763273946974274	0.671071263630871
10.1872581035563	-0.763839283146888	0.670392860223734
10.1882949735537	-0.764404619319503	0.669714456816597
10.1893320546401	-0.764969955492117	0.66903605340946
10.1903693468799	-0.765535291664731	0.668357650002323
10.1914068503376	-0.766100627837345	0.667679246595186
10.1924445650777	-0.766665964009959	0.667000843188049
10.1934824911648	-0.767231300182573	0.666322439780912
10.1945206286635	-0.767796636355187	0.665644036373775
10.1955589776383	-0.768361972527802	0.664965632966638
10.1965975381539	-0.768927308700416	0.664287229559501
10.1976363102749	-0.76949264487303	0.663608826152364
10.1986752940661	-0.769949187519999	0.663023712490667
10.199714489592	-0.769453747456	0.663254917853867
10.2007538969175	-0.768958307392	0.663486123217067
10.2017935161073	-0.768462867328	0.663717328580267
10.2028333472262	-0.767967427264	0.663948533943467
10.203873390339	-0.7674719872	0.664179739306667
10.2049136455105	-0.766976547135999	0.664410944669867
10.2059541128056	-0.766481107071999	0.664642150033067
10.2069947922892	-0.765985667007999	0.664873355396267
10.2080356840262	-0.765490226943999	0.665104560759467
10.2090767880815	-0.764994786879999	0.665335766122667
10.2101181045202	-0.764499346815999	0.665566971485867
10.2111596334071	-0.764003906751999	0.665798176849067
10.2122013748074	-0.763508466687999	0.666029382212267
10.2132433287861	-0.763013026624	0.666260587575467
10.2142854954082	-0.76251758656	0.666491792938667
10.2153278747388	-0.762022146496	0.666722998301867
10.2163704668432	-0.761526706432	0.666954203665067
10.2174132717864	-0.761031266368	0.667185409028267
10.2184562896336	-0.760535826304	0.667416614391467
10.21949952045	-0.760040386239999	0.667647819754667
10.2205429643009	-0.759544946175999	0.667879025117867
10.2215866212515	-0.759049506111999	0.668110230481067
10.2226304913671	-0.758554066047999	0.668341435844267
10.223674574713	-0.758058625983999	0.668572641207467
10.2247188713546	-0.757563185919999	0.668803846570667
10.2257633813573	-0.757067745855999	0.669035051933867
10.2268081047863	-0.756572305791999	0.669266257297067
10.2278530417072	-0.756076865728	0.669497462660267
10.2288981921855	-0.755581425664	0.669728668023467
10.2299435562864	-0.7550859856	0.669959873386667
10.2309891340757	-0.754590545536	0.670191078749867
10.2320349256187	-0.754095105472	0.670422284113067
10.2330809309811	-0.753599665407999	0.670653489476267
10.2341271502285	-0.753104225343999	0.670884694839467
10.2351735834264	-0.752608785279999	0.671115900202667
10.2362202306405	-0.752113345215999	0.671347105565867
10.2372670919364	-0.751617905151999	0.671578310929067
10.2383141673799	-0.751122465087999	0.671809516292267
10.2393614570366	-0.750627025023999	0.672040721655467
10.2404089609723	-0.750131584959999	0.672271927018667
10.2414566792527	-0.749636144896	0.672503132381867
10.2425046119438	-0.749140704832	0.672734337745067
10.2435527591112	-0.748645264768	0.672965543108267
10.2446011208208	-0.748149824704	0.673196748471467
10.2456496971386	-0.74765438464	0.673427953834667
10.2466984881304	-0.747158944576	0.673659159197867
10.2477474938621	-0.746663504511999	0.673890364561067
10.2487967143998	-0.746168064447999	0.674121569924267
10.2498461498093	-0.745672624383999	0.674352775287467
10.2508958001567	-0.745177184319999	0.674583980650667
10.2519456655081	-0.744681744255999	0.674815186013867
10.2529957459295	-0.744186304191999	0.675046391377067
10.2540460414871	-0.743690864127999	0.675277596740267
10.2550965522468	-0.743195424063999	0.675508802103467
10.2561472782749	-0.742699984	0.675740007466667
10.2571982196376	-0.742204543936	0.675971212829867
10.258249376401	-0.741709103872	0.676202418193067
10.2593007486314	-0.741213663808	0.676433623556267
10.2603523363951	-0.740718223744	0.676664828919467
10.2614041397583	-0.740222783679999	0.676896034282667
10.2624561587873	-0.739727343615999	0.677127239645867
10.2635083935485	-0.739231903551999	0.677358445009067
10.2645608441082	-0.738736463487999	0.677589650372267
10.2656135105329	-0.738241023423999	0.677820855735467
10.2666663928889	-0.737745583359999	0.678052061098667
10.2677194912427	-0.737250143295999	0.678283266461867
10.2687728056608	-0.736754703231999	0.678514471825067
10.2698263362097	-0.736259263168	0.678745677188267
10.2708800829558	-0.735763823104	0.678976882551467
10.2719340459659	-0.73526838304	0.679208087914667
10.2729882253064	-0.734772942976	0.679439293277867
10.2740426210439	-0.734277502912	0.679670498641067
10.2750972332451	-0.733782062848	0.679901704004267
10.2761520619767	-0.733286622783999	0.680132909367467
10.2772071073053	-0.732791182719999	0.680364114730667
10.2782623692978	-0.732295742655999	0.680595320093867
10.2793178480207	-0.731800302591999	0.680826525457067
10.2803735435409	-0.731304862527999	0.681057730820267
10.2814294559253	-0.730809422463999	0.681288936183467
10.2824855852405	-0.730313982399999	0.681520141546667
10.2835419315536	-0.729818542335999	0.681751346909867
10.2845984949313	-0.729323102272	0.681982552273067
10.2856552754406	-0.728827662208	0.682213757636267
10.2867122731484	-0.728332222144	0.682444962999467
10.2877694881217	-0.72783678208	0.682676168362667
10.2888269204276	-0.727341342016	0.682907373725867
10.2898845701329	-0.726845901951999	0.683138579089067
10.2909424373048	-0.726350461887999	0.683369784452267
10.2920005220103	-0.725855021823999	0.683600989815467
10.2930588243165	-0.725359581759999	0.683832195178667
10.2941173442907	-0.724864141695999	0.684063400541867
10.2951760819998	-0.724368701631999	0.684294605905067
10.2962350375112	-0.723873261567999	0.684525811268267
10.2972942108921	-0.723377821503999	0.684757016631467
10.2983536022096	-0.72288238144	0.684988221994667
10.2994132115311	-0.722386941376	0.685219427357867
10.3004730389238	-0.721891501312	0.685450632721067
10.3015330844552	-0.721396061248	0.685681838084267
10.3025933481924	-0.720900621184	0.685913043447467
10.303653830203	-0.72040518112	0.686144248810667
10.3047145305543	-0.719909741055999	0.686375454173867
10.3057754493138	-0.719414300991999	0.686606659537067
10.3068365865489	-0.718918860927999	0.686837864900267
10.3078979423271	-0.718423420863999	0.687069070263467
10.308959516716	-0.717927980799999	0.687300275626667
10.310021309783	-0.717432540735999	0.687531480989867
10.3110833215959	-0.716937100671999	0.687762686353067
10.3121455522221	-0.716441660607999	0.687993891716267
10.3132080017293	-0.715946220544	0.688225097079467
10.3142706701852	-0.71545078048	0.688456302442667
10.3153335576575	-0.714955340416	0.688687507805867
10.3163966642138	-0.714459900352	0.688918713169067
10.3174599899219	-0.713964460288	0.689149918532267
10.3185235348496	-0.713469020223999	0.689381123895467
10.3195872990647	-0.712973580159999	0.689612329258667
10.3206512826351	-0.712478140095999	0.689843534621867
10.3217154856285	-0.711982700031999	0.690074739985067
10.3227799081128	-0.711487259967999	0.690305945348267
10.323844550156	-0.710991819903999	0.690537150711467
10.324909411826	-0.710496379839999	0.690768356074667
10.3259744931908	-0.710000939775999	0.690999561437867
10.3270397943184	-0.710301065624353	0.691031988222587
10.3281053152768	-0.710602703410655	0.691064037237382
10.329171056134	-0.710904341196956	0.691096086252177
10.3302370169581	-0.711205978983257	0.691128135266971
10.3313031978173	-0.711507616769559	0.691160184281766
10.3323695987796	-0.71180925455586	0.69119223329656
10.3334362199133	-0.712110892342162	0.691224282311355
10.3345030612865	-0.712412530128463	0.691256331326149
10.3355701229674	-0.712714167914764	0.691288380340944
10.3366374050244	-0.713015805701066	0.691320429355738
10.3377049075256	-0.713317443487367	0.691352478370533
10.3387726305394	-0.713619081273669	0.691384527385327
10.3398405741341	-0.71392071905997	0.691416576400122
10.3409087383781	-0.714222356846271	0.691448625414916
10.3419771233398	-0.714523994632572	0.691480674429711
10.3430457290875	-0.714825632418874	0.691512723444505
10.3441145556898	-0.715127270205175	0.6915447724593
10.345183603215	-0.715428907991477	0.691576821474094
10.3462528717318	-0.715730545777778	0.691608870488889
10.3473223613086	-0.716032183564079	0.691640919503683
10.348392072014	-0.716333821350381	0.691672968518478
10.3494620039167	-0.716635459136682	0.691705017533272
10.3505321570851	-0.716937096922984	0.691737066548067
10.3516025315879	-0.717238734709285	0.691769115562861
10.3526731274939	-0.717540372495586	0.691801164577656
10.3537439448717	-0.717842010281888	0.691833213592451
10.3548149837901	-0.718143648068189	0.691865262607245
10.3558862443177	-0.71844528585449	0.691897311622039
10.3569577265235	-0.718746923640792	0.691929360636834
10.3580294304762	-0.719048561427093	0.691961409651629
10.3591013562446	-0.719350199213394	0.691993458666423
10.3601735038977	-0.719651836999696	0.692025507681218
10.3612458735043	-0.719953474785997	0.692057556696012
10.3623184651334	-0.720255112572299	0.692089605710807
10.3633912788539	-0.7205567503586	0.692121654725601
10.3644643147348	-0.720858388144901	0.692153703740396
10.3655375728451	-0.721160025931203	0.69218575275519
10.3666110532539	-0.721461663717504	0.692217801769985
10.3676847560302	-0.721763301503806	0.692249850784779
10.3687586812432	-0.722064939290107	0.692281899799574
10.3698328289619	-0.722366577076408	0.692313948814368
10.3709071992556	-0.722668214862709	0.692345997829163
10.3719817921934	-0.722969852649011	0.692378046843957
10.3730566078445	-0.723271490435312	0.692410095858752
10.3741316462782	-0.723573128221614	0.692442144873546
10.3752069075638	-0.723874766007915	0.692474193888341
10.3762823917704	-0.724176403794216	0.692506242903135
10.3773580989676	-0.724478041580518	0.69253829191793
10.3784340292246	-0.724779679366819	0.692570340932725
10.3795101826109	-0.725081317153121	0.692602389947519
10.3805865591958	-0.725382954939422	0.692634438962314
10.3816631590487	-0.725684592725723	0.692666487977108
10.3827399822393	-0.725986230512025	0.692698536991903
10.3838170288369	-0.726287868298326	0.692730586006697
10.3848942989111	-0.726589506084627	0.692762635021492
10.3859717925315	-0.726891143870929	0.692794684036286
10.3870495097676	-0.72719278165723	0.692826733051081
10.3881274506891	-0.727494419443531	0.692858782065875
10.3892056153656	-0.727796057229833	0.69289083108067
10.3902840038668	-0.728097695016134	0.692922880095464
10.3913626162625	-0.728399332802436	0.692954929110259
10.3924414526222	-0.728700970588737	0.692986978125053
10.3935205130159	-0.729002608375038	0.693019027139848
10.3945997975132	-0.72930424616134	0.693051076154642
10.395679306184	-0.729605883947641	0.693083125169437
10.3967590390983	-0.729907521733943	0.693115174184231
10.3978389963257	-0.730209159520244	0.693147223199026
10.3989191779363	-0.730510797306545	0.69317927221382
10.399999584	-0.730812435092846	0.693211321228615
10.4010802145868	-0.731114072879148	0.693243370243409
10.4021610697666	-0.731415710665449	0.693275419258204
10.4032421496094	-0.731717348451751	0.693307468272998
10.4043234541854	-0.732018986238052	0.693339517287793
10.4054049835647	-0.732320624024353	0.693371566302587
10.4064867378172	-0.732622261810655	0.693403615317382
10.4075687170132	-0.732923899596956	0.693435664332177
10.4086509212229	-0.733225537383258	0.693467713346971
10.4097333505163	-0.733527175169559	0.693499762361766
10.4108160049639	-0.73382881295586	0.69353181137656
10.4118988846357	-0.734130450742162	0.693563860391355
10.4129819896022	-0.734432088528463	0.693595909406149
10.4140653199336	-0.734733726314764	0.693627958420944
10.4151488757003	-0.735035364101066	0.693660007435738
10.4162326569726	-0.735337001887367	0.693692056450533
10.417316663821	-0.735638639673668	0.693724105465327
10.4184008963159	-0.73594027745997	0.693756154480122
10.4194853545277	-0.736241915246271	0.693788203494916
10.4205700385269	-0.736543553032573	0.693820252509711
10.4216549483842	-0.736845190818874	0.693852301524505
10.4227400841699	-0.737146828605175	0.6938843505393
10.4238254459547	-0.737448466391477	0.693916399554094
10.4249110338092	-0.737750104177778	0.693948448568889
10.4259968478041	-0.73805174196408	0.693980497583683
10.42708288801	-0.738353379750381	0.694012546598478
10.4281691544976	-0.738655017536682	0.694044595613272
10.4292556473376	-0.738956655322983	0.694076644628067
10.4303423666009	-0.739258293109285	0.694108693642861
10.4314293123581	-0.739559930895586	0.694140742657656
10.4325164846801	-0.739861568681888	0.69417279167245
10.4336038836378	-0.740163206468189	0.694204840687245
10.434691509302	-0.74046484425449	0.69423688970204
10.4357793617436	-0.740766482040792	0.694268938716834
10.4368674410335	-0.741068119827093	0.694300987731629
10.4379557472428	-0.741369757613395	0.694333036746423
10.4390442804424	-0.741671395399696	0.694365085761218
10.4401330407034	-0.741973033185997	0.694397134776012
10.4412220280967	-0.742274670972299	0.694429183790807
10.4423112426935	-0.7425763087586	0.694461232805601
10.4434006845649	-0.742877946544901	0.694493281820396
10.444490353782	-0.743179584331203	0.69452533083519
10.4455802504161	-0.743481222117504	0.694557379849985
10.4466703745382	-0.743782859903805	0.694589428864779
10.4477607262197	-0.744084497690107	0.694621477879574
10.4488513055317	-0.744386135476408	0.694653526894368
10.4499421125457	-0.74468777326271	0.694685575909163
10.4510331473328	-0.744989411049011	0.694717624923957
10.4521244099645	-0.745291048835312	0.694749673938752
10.4532159005121	-0.745592686621614	0.694781722953546
10.4543076190471	-0.745894324407915	0.694813771968341
10.4553995656409	-0.746195962194216	0.694845820983135
10.4564917403649	-0.746497599980518	0.69487786999793
10.4575841432907	-0.746799237766819	0.694909919012724
10.4586767744897	-0.74710087555312	0.694941968027519
10.4597696340336	-0.747402513339422	0.694974017042314
10.4608627219939	-0.747704151125723	0.695006066057108
10.4619560384422	-0.748005788912025	0.695038115071903
10.4630495834503	-0.748307426698326	0.695070164086697
10.4641433570897	-0.748609064484627	0.695102213101492
10.4652373594322	-0.748910702270929	0.695134262116286
10.4663315905496	-0.74921234005723	0.695166311131081
10.4674260505135	-0.749513977843532	0.695198360145875
10.4685207393958	-0.749815615629833	0.69523040916067
10.4696156572683	-0.750117253416134	0.695262458175464
10.4707108042029	-0.750418891202436	0.695294507190259
10.4718061802715	-0.750720528988737	0.695326556205053
10.472901785546	-0.751022166775038	0.695358605219848
10.4739976200983	-0.75132380456134	0.695390654234642
10.4750936840004	-0.751625442347641	0.695422703249437
10.4761899773243	-0.751927080133942	0.695454752264231
10.4772865001421	-0.752228717920244	0.695486801279026
10.4783832525258	-0.752530355706545	0.69551885029382
10.4794802345475	-0.752831993492847	0.695550899308615
10.4805774462794	-0.753133631279148	0.695582948323409
10.4816748877937	-0.753435269065449	0.695614997338204
10.4827725591624	-0.753736906851751	0.695647046352998
10.4838704604579	-0.754038544638052	0.695679095367793
10.4849685917523	-0.754340182424354	0.695711144382588
10.4860669531181	-0.754641820210655	0.695743193397382
10.4871655446273	-0.754943457996956	0.695775242412177
10.4882643663526	-0.755245095783257	0.695807291426971
10.4893634183661	-0.755546733569559	0.695839340441766
10.4904627007403	-0.75584837135586	0.69587138945656
10.4915622135476	-0.756150009142162	0.695903438471355
10.4926619568605	-0.756451646928463	0.695935487486149
10.4937619307515	-0.756753284714764	0.695967536500944
10.494862135293	-0.757054922501066	0.695999585515738
10.4959625705578	-0.757356560287367	0.696031634530533
10.4970632366183	-0.757658198073669	0.696063683545327
10.4981641335471	-0.75795983585997	0.696095732560122
10.499265261417	-0.758261473646271	0.696127781574916
10.5003666203006	-0.758563111432573	0.696159830589711
10.5014682102705	-0.758864749218874	0.696191879604505
10.5025700313995	-0.759166387005175	0.6962239286193
10.5036720837605	-0.759468024791477	0.696255977634094
10.5047743674261	-0.759769662577778	0.696288026648889
10.5058768824693	-0.760071300364079	0.696320075663683
10.5069796289628	-0.760372938150381	0.696352124678478
10.5080826069796	-0.760674575936682	0.696384173693272
10.5091858165926	-0.760976213722984	0.696416222708067
10.5102892578748	-0.761277851509285	0.696448271722862
10.511392930899	-0.761579489295586	0.696480320737656
10.5124968357385	-0.761881127081888	0.696512369752451
10.513600972466	-0.762182764868189	0.696544418767245
10.5147053411549	-0.76248440265449	0.69657646778204
10.5158099418781	-0.762786040440792	0.696608516796834
10.5169147747088	-0.763087678227093	0.696640565811629
10.5180198397201	-0.763389316013394	0.696672614826423
10.5191251369853	-0.763690953799696	0.696704663841218
10.5202306665776	-0.763992591585997	0.696736712856012
10.5213364285702	-0.764294229372299	0.696768761870807
10.5224424230365	-0.7645958671586	0.696800810885601
10.5235486500497	-0.764897504944901	0.696832859900396
10.5246551096832	-0.765199142731203	0.69686490891519
10.5257618020104	-0.765500780517504	0.696896957929985
10.5268687271047	-0.765802418303805	0.696929006944779
10.5279758850396	-0.766104056090107	0.696961055959574
10.5290832758884	-0.766405693876408	0.696993104974368
10.5301908997248	-0.76670733166271	0.697025153989163
10.5312987566222	-0.767008969449011	0.697057203003957
10.5324068466543	-0.767310607235312	0.697089252018752
10.5335151698945	-0.767612245021614	0.697121301033546
10.5346237264167	-0.767913882807915	0.697153350048341
10.5357325162943	-0.768215520594216	0.697185399063135
10.5368415396011	-0.768517158380518	0.69721744807793
10.5379507964109	-0.768818796166819	0.697249497092724
10.5390602867973	-0.76912043395312	0.697281546107519
10.5401700108342	-0.769422071739422	0.697313595122314
10.5412799685954	-0.769723709525723	0.697345644137108
10.5423901601547	-0.770025347312025	0.697377693151903
10.543500585586	-0.770326985098326	0.697409742166697
10.5446112449632	-0.770628622884628	0.697441791181492
10.5457221383603	-0.770930260670929	0.697473840196286
10.5468332658512	-0.77123189845723	0.697505889211081
10.5479446275099	-0.771533536243531	0.697537938225875
10.5490562234104	-0.771835174029833	0.69756998724067
10.5501680536269	-0.772136811816134	0.697602036255464
10.5512801182334	-0.772438449602435	0.697634085270259
10.5523924173041	-0.772740087388737	0.697666134285053
10.553504950913	-0.773041725175038	0.697698183299848
10.5546177191344	-0.77334336296134	0.697730232314642
10.5557307220426	-0.773645000747641	0.697762281329437
10.5568439597117	-0.773946638533943	0.697794330344231
10.5579574322161	-0.774248276320244	0.697826379359026
10.55907113963	-0.774549914106545	0.69785842837382
10.5601850820278	-0.774851551892847	0.697890477388615
10.5612992594839	-0.775153189679148	0.697922526403409
10.5624136720728	-0.775454827465449	0.697954575418204
10.5635283198687	-0.775756465251751	0.697986624432998
10.5646432029463	-0.776058103038052	0.698018673447793
10.5657583213799	-0.776359740824353	0.698050722462587
10.5668736752443	-0.776661378610655	0.698082771477382
10.5679892646138	-0.776963016396956	0.698114820492177
10.5691050895631	-0.777264654183258	0.698146869506971
10.5702211501669	-0.777566291969559	0.698178918521766
10.5713374464998	-0.77786792975586	0.69821096753656
10.5724539786365	-0.778169567542162	0.698243016551355
10.5735707466516	-0.778471205328463	0.698275065566149
10.5746877506201	-0.778772843114764	0.698307114580944
10.5758049906166	-0.779074480901066	0.698339163595738
10.576922466716	-0.779376118687367	0.698371212610533
10.5780401789931	-0.779677756473668	0.698403261625327
10.5791581275229	-0.77997939425997	0.698435310640122
10.5802763123801	-0.780281032046271	0.698467359654916
10.5813947336398	-0.780582669832573	0.698499408669711
10.582513391377	-0.780884307618874	0.698531457684505
10.5836322856666	-0.781185945405175	0.6985635066993
10.5847514165837	-0.781487583191477	0.698595555714094
10.5858707842034	-0.781789220977778	0.698627604728889
10.5869903886008	-0.782090858764079	0.698659653743683
10.5881102298509	-0.782392496550381	0.698691702758478
10.5892303080291	-0.782694134336682	0.698723751773272
10.5903506232104	-0.782995772122984	0.698755800788067
10.5914711754701	-0.783297409909285	0.698787849802861
10.5925919648834	-0.783599047695586	0.698819898817656
10.5937129915258	-0.783900685481888	0.698851947832451
10.5948342554724	-0.784202323268189	0.698883996847245
10.5959557567987	-0.78450396105449	0.69891604586204
10.59707749558	-0.784805598840792	0.698948094876834
10.5981994718917	-0.785107236627093	0.698980143891629
10.5993216858094	-0.785408874413394	0.699012192906423
10.6004441374085	-0.785710512199696	0.699044241921218
10.6015668267645	-0.786012149985997	0.699076290936012
10.6026897539529	-0.786313787772299	0.699108339950807
10.6038129190494	-0.7866154255586	0.699140388965601
10.6049363221296	-0.786917063344901	0.699172437980396
10.6060599632691	-0.787218701131203	0.69920448699519
10.6071838425436	-0.787520338917504	0.699236536009985
10.6083079600287	-0.787821976703805	0.699268585024779
10.6094323158004	-0.788123614490107	0.699300634039574
10.6105569099342	-0.788425252276408	0.699332683054368
10.6116817425061	-0.788726890062709	0.699364732069163
10.6128068135918	-0.789028527849011	0.699396781083957
10.6139321232672	-0.789330165635312	0.699428830098752
10.6150576716083	-0.789631803421614	0.699460879113546
10.616183458691	-0.789933441207915	0.699492928128341
10.6173094845912	-0.790235078994216	0.699524977143135
10.618435749385	-0.790536716780518	0.69955702615793
10.6195622531483	-0.790838354566819	0.699589075172725
10.6206889959572	-0.791139992353121	0.699621124187519
10.6218159778879	-0.791441630139422	0.699653173202314
10.6229431990165	-0.791743267925723	0.699685222217108
10.6240706594191	-0.792044905712024	0.699717271231903
10.6251983591719	-0.792346543498326	0.699749320246697
10.6263262983511	-0.792648181284627	0.699781369261492
10.6274544770331	-0.792949819070929	0.699813418276286
10.628582895294	-0.79325145685723	0.699845467291081
10.6297115532103	-0.793553094643531	0.699877516305875
10.6308404508582	-0.793854732429833	0.69990956532067
10.6319695883142	-0.794156370216134	0.699941614335464
10.6330989656547	-0.794458008002436	0.699973663350259
10.6342285829561	-0.794759645788737	0.700005712365053
10.6353584402949	-0.795061283575038	0.700037761379848
10.6364885377477	-0.79536292136134	0.700069810394642
10.6376188753909	-0.795664559147641	0.700101859409437
10.6387494533013	-0.795966196933942	0.700133908424231
10.6398802715553	-0.796267834720244	0.700165957439026
10.6410113302296	-0.796569472506545	0.70019800645382
10.642142629401	-0.796871110292847	0.700230055468615
10.6432741691461	-0.797172748079148	0.700262104483409
10.6444059495417	-0.797474385865449	0.700294153498204
10.6455379706645	-0.797776023651751	0.700326202512998
10.6466702325914	-0.798077661438052	0.700358251527793
10.6478027353992	-0.798379299224353	0.700390300542588
10.6489354791648	-0.798680937010655	0.700422349557382
10.6500684639651	-0.798982574796956	0.700454398572177
10.6512016898771	-0.799284212583258	0.700486447586971
10.6523351569776	-0.799585850369559	0.700518496601766
10.6534688653438	-0.79988748815586	0.70055054561656
10.6546028150526	-0.800189125942162	0.700582594631355
10.6557370061812	-0.800490763728463	0.700614643646149
10.6568714388066	-0.800792401514764	0.700646692660944
10.658006113006	-0.801094039301066	0.700678741675738
10.6591410288565	-0.801395677087367	0.700710790690533
10.6602761864354	-0.801697314873668	0.700742839705327
10.6614115858199	-0.80199895265997	0.700774888720122
10.6625472270873	-0.802300590446271	0.700806937734916
10.6636831103148	-0.802602228232573	0.700838986749711
10.6648192355799	-0.802903866018874	0.700871035764505
10.6659556029598	-0.803205503805175	0.7009030847793
10.667092212532	-0.803507141591477	0.700935133794094
10.6682290643739	-0.803808779377778	0.700967182808889
10.669366158563	-0.804110417164079	0.700999231823683
10.6705034951768	-0.804412054950381	0.701031280838478
10.6716410742928	-0.804713692736682	0.701063329853272
10.6727788959885	-0.805015330522983	0.701095378868067
10.6739169603417	-0.805316968309285	0.701127427882861
10.6750552674299	-0.805618606095586	0.701159476897656
10.6761938173308	-0.805920243881888	0.70119152591245
10.677332610122	-0.806221881668189	0.701223574927245
10.6784716458814	-0.80652351945449	0.70125562394204
10.6796109246866	-0.806825157240792	0.701287672956834
10.6807504466156	-0.807126795027093	0.701319721971629
10.681890211746	-0.807428432813395	0.701351770986423
10.6830302201559	-0.807730070599696	0.701383820001218
10.684170471923	-0.808031708385997	0.701415869016012
10.6853109671254	-0.808333346172298	0.701447918030807
10.6864517058409	-0.8086349839586	0.701479967045601
10.6875926881476	-0.808936621744901	0.701512016060396
10.6887339141235	-0.809238259531203	0.70154406507519
10.6898753838467	-0.809539897317504	0.701576114089985
10.6910170973953	-0.809841535103805	0.701608163104779
10.6921590548474	-0.810143172890107	0.701640212119574
10.6933012562811	-0.810444810676408	0.701672261134368
10.6944437017747	-0.81074644846271	0.701704310149163
10.6955863914065	-0.811048086249011	0.701736359163957
10.6967293252546	-0.811349724035312	0.701768408178752
10.6978725033974	-0.811651361821614	0.701800457193546
10.6990159259132	-0.811952999607915	0.701832506208341
10.7001595928803	-0.812254637394216	0.701864555223135
10.7013035043773	-0.812556275180518	0.70189660423793
10.7024476604824	-0.812857912966819	0.701928653252724
10.7035920612742	-0.81315955075312	0.701960702267519
10.7047367068312	-0.813461188539422	0.701992751282314
10.7058815972319	-0.813762826325723	0.702024800297108
10.7070267325549	-0.814064464112025	0.702056849311903
10.7081721128787	-0.814366101898326	0.702088898326697
10.7093177382821	-0.814667739684627	0.702120947341492
10.7104636088436	-0.814969377470929	0.702152996356286
10.711609724642	-0.81527101525723	0.702185045371081
10.712756085756	-0.815572653043532	0.702217094385875
10.7139026922645	-0.815874290829833	0.70224914340067
10.7150495442461	-0.816175928616134	0.702281192415464
10.7161966417797	-0.816477566402435	0.702313241430259
10.7173439849443	-0.816779204188737	0.702345290445053
10.7184915738186	-0.817080841975038	0.702377339459848
10.7196394084817	-0.81738247976134	0.702409388474642
10.7207874890125	-0.817684117547641	0.702441437489437
10.7219358154901	-0.817985755333942	0.702473486504231
10.7230843879934	-0.818287393120244	0.702505535519026
10.7242332066015	-0.818589030906545	0.70253758453382
10.7253822713936	-0.818890668692847	0.702569633548615
10.7265315824487	-0.819192306479148	0.702601682563409
10.7276811398462	-0.819493944265449	0.702633731578204
10.7288309436651	-0.819795582051751	0.702665780592998
10.7299809939847	-0.820097219838052	0.702697829607793
10.7311312908843	-0.820398857624353	0.702729878622588
10.7322818344432	-0.820700495410655	0.702761927637382
10.7334326247407	-0.821002133196956	0.702793976652177
10.7345836618563	-0.821303770983257	0.702826025666971
10.7357349458694	-0.821605408769559	0.702858074681766
10.7368864768593	-0.82190704655586	0.70289012369656
10.7380382549056	-0.822208684342162	0.702922172711355
10.7391902800877	-0.822510322128463	0.702954221726149
10.7403425524854	-0.822811959914764	0.702986270740944
10.741495072178	-0.823113597701066	0.703018319755738
10.7426478392453	-0.823415235487367	0.703050368770533
10.7438008537669	-0.823716873273669	0.703082417785327
10.7449541158224	-0.82401851105997	0.703114466800122
10.7461076254917	-0.824320148846271	0.703146515814916
10.7472613828544	-0.824621786632572	0.703178564829711
10.7484153879904	-0.824923424418874	0.703210613844505
10.7495696409794	-0.825225062205175	0.7032426628593
10.7507241419014	-0.825526699991477	0.703274711874094
10.7518788908362	-0.825828337777778	0.703306760888889
10.7530338878637	-0.826129975564079	0.703338809903683
10.7541891330639	-0.826431613350381	0.703370858918478
10.7553446265169	-0.826733251136682	0.703402907933272
10.7565003683026	-0.827034888922984	0.703434956948067
10.7576563585011	-0.827336526709285	0.703467005962861
10.7588125971924	-0.827638164495586	0.703499054977656
10.7599690844568	-0.827939802281888	0.703531103992451
10.7611258203744	-0.828241440068189	0.703563153007245
10.7622828050254	-0.82854307785449	0.70359520202204
10.7634400384901	-0.828844715640792	0.703627251036834
10.7645975208486	-0.829146353427093	0.703659300051629
10.7657552521814	-0.829447991213394	0.703691349066423
10.7669132325687	-0.829749628999696	0.703723398081218
10.7680714620909	-0.830051266785997	0.703755447096012
10.7692299408285	-0.830352904572299	0.703787496110807
10.7703886688618	-0.8306545423586	0.703819545125601
10.7715476462714	-0.830956180144901	0.703851594140396
10.7727068731378	-0.831257817931203	0.70388364315519
10.7738663495415	-0.831559455717504	0.703915692169985
10.7750260755631	-0.831861093503806	0.703947741184779
10.7761860512832	-0.832162731290107	0.703979790199574
10.7773462767825	-0.832464369076408	0.704011839214368
10.7785067521417	-0.832766006862709	0.704043888229163
10.7796674774414	-0.833067644649011	0.704075937243957
10.7808284527625	-0.833369282435312	0.704107986258752
10.7819896781856	-0.833670920221614	0.704140035273546
10.7831511537918	-0.833972558007915	0.704172084288341
10.7843128796617	-0.834274195794216	0.704204133303135
10.7854748558764	-0.834575833580518	0.70423618231793
10.7866370825167	-0.834877471366819	0.704268231332725
10.7877995596636	-0.835179109153121	0.704300280347519
10.7889622873981	-0.835480746939422	0.704332329362313
10.7901252658013	-0.835782384725723	0.704364378377108
10.7912884949541	-0.836084022512025	0.704396427391903
10.7924519749378	-0.836385660298326	0.704428476406697
10.7936157058334	-0.836687298084627	0.704460525421492
10.7947796877221	-0.836988935870929	0.704492574436286
10.7959439206852	-0.83729057365723	0.704524623451081
10.7971084048039	-0.837592211443531	0.704556672465875
10.7982731401594	-0.837893849229833	0.70458872148067
10.7994381268331	-0.838195487016134	0.704620770495464
10.8006033649064	-0.838497124802436	0.704652819510259
10.8017688544605	-0.838798762588737	0.704684868525053
10.802934595577	-0.839100400375038	0.704716917539848
10.8041005883373	-0.83940203816134	0.704748966554642
10.8052668328229	-0.839703675947641	0.704781015569437
10.8064333291152	-0.840005313733943	0.704813064584231
10.807600077296	-0.840306951520244	0.704845113599026
10.8087670774467	-0.840608589306545	0.70487716261382
10.8099343296489	-0.840910227092846	0.704909211628615
10.8111018339845	-0.841211864879148	0.704941260643409
10.812269590535	-0.841513502665449	0.704973309658204
10.8134375993823	-0.841815140451751	0.705005358672998
10.814605860608	-0.842116778238052	0.705037407687793
10.8157743742939	-0.842418416024353	0.705069456702587
10.816943140522	-0.842720053810655	0.705101505717382
10.8181121593742	-0.843021691596956	0.705133554732177
10.8192814309322	-0.843323329383258	0.705165603746971
10.8204509552781	-0.843624967169559	0.705197652761766
10.8216207324939	-0.84392660495586	0.70522970177656
10.8227907626615	-0.844228242742162	0.705261750791355
10.8239610458631	-0.844529880528463	0.705293799806149
10.8251315821807	-0.844831518314764	0.705325848820944
10.8263023716964	-0.845133156101066	0.705357897835738
10.8274734144925	-0.845434793887367	0.705389946850533
10.828644710651	-0.845736431673668	0.705421995865327
10.8298162602543	-0.84603806945997	0.705454044880122
10.8309880633847	-0.846339707246271	0.705486093894916
10.8321601201243	-0.846641345032573	0.705518142909711
10.8333324305556	-0.846942982818874	0.705550191924505
10.834504994761	-0.847244620605175	0.7055822409393
10.8356778128228	-0.847546258391477	0.705614289954094
10.8368508848235	-0.847847896177778	0.705646338968889
10.8380242108455	-0.84814953396408	0.705678387983683
10.8391977909715	-0.848451171750381	0.705710436998478
10.8403716252839	-0.848752809536682	0.705742486013272
10.8415457138654	-0.849054447322983	0.705774535028067
10.8427200567985	-0.849356085109285	0.705806584042861
10.843894654166	-0.849657722895586	0.705838633057656
10.8450695060505	-0.849959360681888	0.705870682072451
10.8462446125347	-0.850260998468189	0.705902731087245
10.8474199737015	-0.85056263625449	0.70593478010204
10.8485955896336	-0.850864274040792	0.705966829116834
10.849771460414	-0.851165911827093	0.705998878131629
10.8509475861253	-0.851467549613395	0.706030927146423
10.8521239668507	-0.851769187399696	0.706062976161218
10.8533006026729	-0.852070825185997	0.706095025176012
10.8544774936751	-0.852372462972299	0.706127074190807
10.8556546399402	-0.8526741007586	0.706159123205601
10.8568320415513	-0.852975738544901	0.706191172220396
10.8580096985914	-0.853277376331203	0.70622322123519
10.8591876111438	-0.853579014117504	0.706255270249985
10.8603657792915	-0.853880651903805	0.706287319264779
10.8615442031178	-0.854182289690107	0.706319368279574
10.8627228827059	-0.854483927476408	0.706351417294368
10.8639018181392	-0.85478556526271	0.706383466309163
10.8650810095008	-0.855087203049011	0.706415515323957
10.8662604568741	-0.855388840835312	0.706447564338752
10.8674401603426	-0.855690478621614	0.706479613353546
10.8686201199896	-0.855992116407915	0.706511662368341
10.8698003358986	-0.856293754194216	0.706543711383135
10.8709808081531	-0.856595391980518	0.70657576039793
10.8721615368366	-0.856897029766819	0.706607809412724
10.8733425220327	-0.85719866755312	0.706639858427519
10.8745237638249	-0.857500305339422	0.706671907442314
10.875705262297	-0.857801943125723	0.706703956457108
10.8768870175326	-0.858103580912025	0.706736005471903
10.8780690296153	-0.858405218698326	0.706768054486697
10.879251298629	-0.858706856484627	0.706800103501492
10.8804338246575	-0.859008494270929	0.706832152516286
10.8816166077844	-0.85931013205723	0.706864201531081
10.8827996480938	-0.859611769843531	0.706896250545875
10.8839829456694	-0.859913407629833	0.70692829956067
10.8851665005953	-0.860215045416134	0.706960348575464
10.8863503129554	-0.860516683202436	0.706992397590259
10.8875343828336	-0.860818320988737	0.707024446605053
10.888718710314	-0.861119958775038	0.707056495619848
10.8899032954808	-0.86142159656134	0.707088544634642
10.8910881384179	-0.861723234347641	0.707120593649437
10.8922732392096	-0.862024872133942	0.707152642664231
10.89345859794	-0.862326509920244	0.707184691679026
10.8946442146933	-0.862628147706545	0.70721674069382
10.8958300895539	-0.862929785492846	0.707248789708615
10.897016222606	-0.863231423279148	0.707280838723409
10.8982026139339	-0.863533061065449	0.707312887738204
10.899389263622	-0.863834698851751	0.707344936752998
10.9005761717547	-0.864136336638052	0.707376985767793
10.9017633384165	-0.864437974424354	0.707409034782588
10.9029507636917	-0.864739612210655	0.707441083797382
10.904138447665	-0.865041249996956	0.707473132812176
10.9053263904209	-0.865342887783257	0.707505181826971
10.906514592044	-0.865644525569559	0.707537230841766
10.9077030526189	-0.86594616335586	0.70756927985656
10.9088917722302	-0.866247801142162	0.707601328871355
10.9100807509627	-0.866549438928463	0.707633377886149
10.9112699889011	-0.866851076714764	0.707665426900944
10.9124594861301	-0.867152714501066	0.707697475915738
10.9136492427346	-0.867454352287367	0.707729524930533
10.9148392587995	-0.867755990073669	0.707761573945327
10.9160295344095	-0.86805762785997	0.707793622960122
10.9172200696497	-0.868359265646271	0.707825671974916
10.9184108646049	-0.868660903432573	0.707857720989711
10.9196019193603	-0.868962541218874	0.707889770004505
10.9207932340007	-0.869264179005175	0.7079218190193
10.9219848086113	-0.869565816791477	0.707953868034094
10.9231766432772	-0.869867454577778	0.707985917048889
10.9243687380836	-0.869830993382556	0.708212666660284
10.9255610931155	-0.869529508556592	0.708592035066288
10.9267537084583	-0.869228023730629	0.708971403472292
10.9279465841971	-0.868926538904665	0.709350771878296
10.9291397204173	-0.868625054078702	0.7097301402843
10.9303331172042	-0.868323569252738	0.710109508690305
10.9315267746432	-0.868022084426775	0.710488877096309
10.9327206928196	-0.867720599600811	0.710868245502313
10.933914871819	-0.867419114774848	0.711247613908317
10.9351093117267	-0.867117629948884	0.711626982314321
10.9363040126284	-0.866816145122921	0.712006350720324
10.9374989746095	-0.866514660296957	0.712385719126329
10.9386941977556	-0.866213175470994	0.712765087532333
10.9398896821524	-0.86591169064503	0.713144455938337
10.9410854278856	-0.865610205819067	0.713523824344341
10.9422814350408	-0.865308720993103	0.713903192750345
10.9434777037038	-0.86500723616714	0.714282561156349
10.9446742339604	-0.864705751341176	0.714661929562353
10.9458710258963	-0.864404266515213	0.715041297968357
10.9470680795974	-0.864102781689249	0.715420666374361
10.9482653951497	-0.863801296863286	0.715800034780365
10.949462972639	-0.863499812037322	0.71617940318637
10.9506608121514	-0.863198327211359	0.716558771592374
10.9518589137727	-0.862896842385395	0.716938139998378
10.9530572775891	-0.862595357559432	0.717317508404381
10.9542559036867	-0.862293872733469	0.717696876810385
10.9554547921515	-0.861992387907505	0.71807624521639
10.9566539430697	-0.861690903081542	0.718455613622394
10.9578533565275	-0.861389418255578	0.718834982028398
10.9590530326111	-0.861087933429615	0.719214350434402
10.9602529714068	-0.860786448603651	0.719593718840406
10.9614531730009	-0.860484963777687	0.71997308724641
10.9626536374797	-0.860183478951724	0.720352455652414
10.9638543649297	-0.85988199412576	0.720731824058418
10.9650553554372	-0.859580509299797	0.721111192464422
10.9662566090887	-0.859279024473833	0.721490560870426
10.9674581259707	-0.85897753964787	0.72186992927643
10.9686599061697	-0.858676054821907	0.722249297682434
10.9698619497723	-0.858374569995943	0.722628666088438
10.9710642568651	-0.85807308516998	0.723008034494442
10.9722668275347	-0.857771600344016	0.723387402900446
10.9734696618679	-0.857470115518053	0.72376677130645
10.9746727599513	-0.857168630692089	0.724146139712454
10.9758761218717	-0.856867145866126	0.724525508118459
10.977079747716	-0.856565661040162	0.724904876524463
10.9782836375709	-0.856264176214199	0.725284244930467
10.9794877915232	-0.855962691388235	0.725663613336471
10.9806922096601	-0.855661206562272	0.726042981742475
10.9818968920683	-0.855359721736308	0.726422350148479
10.9831018388348	-0.855058236910345	0.726801718554483
10.9843070500468	-0.854756752084381	0.727181086960487
10.9855125257912	-0.854455267258418	0.727560455366491
10.9867182661552	-0.854153782432454	0.727939823772495
10.9879242712259	-0.853852297606491	0.728319192178499
10.9891305410905	-0.853550812780527	0.728698560584503
10.9903370758362	-0.853249327954564	0.729077928990507
10.9915438755502	-0.8529478431286	0.729457297396511
10.9927509403199	-0.852646358302637	0.729836665802515
10.9939582702326	-0.852344873476673	0.73021603420852
10.9951658653756	-0.85204338865071	0.730595402614524
10.9963737258364	-0.851741903824746	0.730974771020528
10.9975818517024	-0.851440418998783	0.731354139426532
10.9987902430612	-0.851138934172819	0.731733507832536
10.9999989000001	-0.850837449346856	0.73211287623854
11.0012078226068	-0.850535964520893	0.732492244644544
11.002417010969	-0.850234479694929	0.732871613050548
11.0036264651741	-0.849932994868966	0.733250981456552
11.00483618531	-0.849631510043002	0.733630349862556
11.0060461714643	-0.849330025217038	0.73400971826856
11.0072564237248	-0.849028540391075	0.734389086674564
11.0084669421792	-0.848727055565111	0.734768455080568
11.0096777269155	-0.848425570739148	0.735147823486572
11.0108887780215	-0.848124085913184	0.735527191892576
11.012100095585	-0.847822601087221	0.73590656029858
11.0133116796941	-0.847521116261257	0.736285928704585
11.0145235304368	-0.847219631435294	0.736665297110589
11.015735647901	-0.84691814660933	0.737044665516593
11.0169480321748	-0.846616661783367	0.737424033922597
11.0181606833463	-0.846315176957404	0.7378034023286
11.0193736015037	-0.84601369213144	0.738182770734605
11.0205867867352	-0.845712207305477	0.738562139140609
11.021800239129	-0.845410722479513	0.738941507546613
11.0230139587733	-0.84510923765355	0.739320875952617
11.0242279457564	-0.844807752827586	0.739700244358621
11.0254422001667	-0.844506268001623	0.740079612764625
11.0266567220925	-0.844204783175659	0.740458981170629
11.0278715116223	-0.843903298349696	0.740838349576633
11.0290865688446	-0.843601813523732	0.741217717982637
11.0303018938477	-0.843300328697768	0.741597086388641
11.0315174867203	-0.842998843871805	0.741976454794645
11.0327333475509	-0.842697359045842	0.74235582320065
11.0339494764281	-0.842395874219878	0.742735191606653
11.0351658734406	-0.842094389393915	0.743114560012657
11.036382538677	-0.841792904567951	0.743493928418661
11.0375994722261	-0.841491419741988	0.743873296824666
11.0388166741767	-0.841189934916024	0.74425266523067
11.0400341446176	-0.840888450090061	0.744632033636674
11.0412518836376	-0.840586965264097	0.745011402042678
11.0424698913255	-0.840285480438134	0.745390770448682
11.0436881677704	-0.83998399561217	0.745770138854686
11.0449067130612	-0.839682510786207	0.74614950726069
11.0461255272868	-0.839381025960243	0.746528875666694
11.0473446105364	-0.83907954113428	0.746908244072698
11.0485639628989	-0.838778056308316	0.747287612478702
11.0497835844636	-0.838476571482353	0.747666980884706
11.0510034753196	-0.838175086656389	0.74804634929071
11.052223635556	-0.837873601830426	0.748425717696714
11.0534440652622	-0.837572117004462	0.748805086102718
11.0546647645274	-0.837270632178499	0.749184454508722
11.0558857334408	-0.836969147352535	0.749563822914726
11.057106972092	-0.836667662526572	0.749943191320731
11.0583284805702	-0.836366177700608	0.750322559726735
11.0595502589649	-0.836064692874645	0.750701928132739
11.0607723073656	-0.835763208048681	0.751081296538743
11.0619946258618	-0.835461723222718	0.751460664944747
11.063217214543	-0.835160238396754	0.751840033350751
11.0644400734989	-0.834858753570791	0.752219401756755
11.065663202819	-0.834557268744827	0.752598770162759
11.0668866025931	-0.834255783918864	0.752978138568763
11.0681102729108	-0.833954299092901	0.753357506974767
11.069334213862	-0.833652814266937	0.753736875380771
11.0705584255363	-0.833351329440974	0.754116243786775
11.0717829080237	-0.83304984461501	0.754495612192779
11.073007661414	-0.832748359789046	0.754874980598783
11.0742326857971	-0.832446874963083	0.755254349004787
11.075457981263	-0.83214539013712	0.755633717410791
11.0766835479016	-0.831843905311156	0.756013085816795
11.077909385803	-0.831542420485192	0.7563924542228
11.0791354950573	-0.831240935659229	0.756771822628804
11.0803618757546	-0.830939450833265	0.757151191034808
11.0815885279849	-0.830637966007302	0.757530559440812
11.0828154518386	-0.830336481181338	0.757909927846816
11.0840426474059	-0.830034996355375	0.75828929625282
11.0852701147769	-0.829733511529412	0.758668664658824
11.086497854042	-0.829432026703448	0.759048033064828
11.0877258652917	-0.829130541877485	0.759427401470832
11.0889541486162	-0.828829057051521	0.759806769876836
11.0901827041059	-0.828527572225558	0.76018613828284
11.0914115318515	-0.828226087399594	0.760565506688844
11.0926406319433	-0.827924602573631	0.760944875094848
11.0938700044719	-0.827623117747667	0.761324243500852
11.095099649528	-0.827321632921704	0.761703611906856
11.0963295672021	-0.82702014809574	0.76208298031286
11.0975597575849	-0.826718663269776	0.762462348718865
11.0987902207671	-0.826417178443813	0.762841717124869
11.1000209568396	-0.82611569361785	0.763221085530872
11.101251965893	-0.825814208791886	0.763600453936876
11.1024832480182	-0.825512723965923	0.76397982234288
11.103714803306	-0.825211239139959	0.764359190748885
11.1049466318475	-0.824909754313996	0.764738559154889
11.1061787337335	-0.824608269488032	0.765117927560893
11.107411109055	-0.824306784662069	0.765497295966897
11.1086437579031	-0.824005299836105	0.765876664372901
11.1098766803688	-0.823703815010142	0.766256032778905
11.1111098765433	-0.823402330184178	0.766635401184909
11.1123433465178	-0.823100845358215	0.767014769590913
11.1135770903833	-0.822799360532251	0.767394137996917
11.1148111082311	-0.822497875706288	0.767773506402921
11.1160454001526	-0.822196390880324	0.768152874808925
11.117279966239	-0.821894906054361	0.768532243214929
11.1185148065818	-0.821593421228398	0.768911611620933
11.1197499212722	-0.821291936402434	0.769290980026937
11.1209853104017	-0.82099045157647	0.769670348432941
11.1222209740619	-0.820688966750507	0.770049716838946
11.1234569123442	-0.820387481924543	0.77042908524495
11.1246931253401	-0.82008599709858	0.770808453650954
11.1259296131414	-0.819784512272616	0.771187822056958
11.1271663758396	-0.819483027446653	0.771567190462962
11.1284034135265	-0.819181542620689	0.771946558868966
11.1296407262936	-0.818880057794726	0.77232592727497
11.1308783142329	-0.818578572968762	0.772705295680974
11.1321161774361	-0.818277088142799	0.773084664086978
11.1333543159951	-0.817975603316836	0.773464032492982
11.1345927300017	-0.817674118490872	0.773843400898986
11.1358314195479	-0.817372633664909	0.77422276930499
11.1370703847256	-0.817071148838945	0.774602137710994
11.1383096256269	-0.816769664012982	0.774981506116998
11.1395491423438	-0.816468179187018	0.775360874523002
11.1407889349684	-0.816166694361055	0.775740242929006
11.1420290035929	-0.815865209535091	0.776119611335011
11.1432693483093	-0.815563724709128	0.776498979741015
11.14450996921	-0.815262239883164	0.776878348147019
11.1457508663871	-0.8149607550572	0.777257716553023
11.146992039933	-0.814659270231237	0.777637084959027
11.14823348994	-0.814357785405273	0.778016453365031
11.1494752165005	-0.81405630057931	0.778395821771035
11.1507172197069	-0.813754815753347	0.778775190177039
11.1519594996517	-0.813453330927383	0.779154558583043
11.1532020564274	-0.81315184610142	0.779533926989047
11.1544448901265	-0.812850361275456	0.779913295395051
11.1556880008416	-0.812548876449493	0.780292663801055
11.1569313886653	-0.812247391623529	0.780672032207059
11.1581750536904	-0.811945906797566	0.781051400613063
11.1594189960094	-0.811644421971602	0.781430769019067
11.1606632157152	-0.811342937145639	0.781810137425071
11.1619077129006	-0.811041452319675	0.782189505831075
11.1631524876583	-0.810739967493712	0.78256887423708
11.1643975400813	-0.810438482667748	0.782948242643084
11.1656428702625	-0.810136997841785	0.783327611049088
11.1668884782948	-0.809835513015821	0.783706979455091
11.1681343642713	-0.809534028189858	0.784086347861096
11.1693805282849	-0.809232543363894	0.7844657162671
11.1706269704288	-0.808931058537931	0.784845084673104
11.1718736907961	-0.808629573711967	0.785224453079108
11.1731206894799	-0.808328088886004	0.785603821485112
11.1743679665734	-0.80802660406004	0.785983189891116
11.17561552217	-0.807725119234077	0.78636255829712
11.1768633563629	-0.807423634408113	0.786741926703124
11.1781114692454	-0.80712214958215	0.787121295109128
11.1793598609109	-0.806820664756186	0.787500663515132
11.1806085314528	-0.806519179930223	0.787880031921136
11.1818574809646	-0.806217695104259	0.78825940032714
11.1831067095397	-0.805916210278296	0.788638768733144
11.1843562172718	-0.805614725452333	0.789018137139148
11.1856060042543	-0.805313240626369	0.789397505545152
11.186856070581	-0.805011755800406	0.789776873951156
11.1881064163455	-0.804710270974442	0.790156242357161
11.1893570416414	-0.804408786148479	0.790535610763165
11.1906079465626	-0.804107301322515	0.790914979169169
11.1918591312028	-0.803805816496551	0.791294347575173
11.1931105956559	-0.803504331670588	0.791673715981177
11.1943623400158	-0.803202846844624	0.792053084387181
11.1956143643763	-0.802901362018661	0.792432452793185
11.1968666688314	-0.802599877192697	0.792811821199189
11.1981192534751	-0.802298392366734	0.793191189605193
11.1993721184016	-0.80199690754077	0.793570558011197
11.2006252637047	-0.801695422714807	0.793949926417201
11.2018786894788	-0.801393937888844	0.794329294823205
11.2031323958179	-0.80109245306288	0.794708663229209
11.2043863828162	-0.800790968236917	0.795088031635213
11.2056406505681	-0.800489483410953	0.795467400041217
11.2068951991678	-0.80018799858499	0.795846768447221
11.2081500287097	-0.799886513759026	0.796226136853226
11.2094051392881	-0.799585028933063	0.79660550525923
11.2106605309974	-0.799283544107099	0.796984873665234
11.2119162039322	-0.798982059281136	0.797364242071238
11.2131721581869	-0.798680574455172	0.797743610477242
11.2144283938561	-0.798379089629209	0.798122978883246
11.2156849110344	-0.798077604803245	0.79850234728925
11.2169417098164	-0.797776119977282	0.798881715695254
11.2181987902968	-0.797474635151318	0.799261084101258
11.2194561525702	-0.797173150325355	0.799640452507262
11.2207137967316	-0.796871665499391	0.800019820913266
11.2219717228757	-0.796570180673428	0.80039918931927
11.2232299310972	-0.796268695847464	0.800778557725274
11.2244884214912	-0.795967211021501	0.801157926131278
11.2257471941526	-0.795665726195537	0.801537294537282
11.2270062491762	-0.795364241369574	0.801916662943286
11.2282655866572	-0.79506275654361	0.802296031349291
11.2295252066906	-0.794761271717647	0.802675399755295
11.2307851093716	-0.794459786891683	0.803054768161299
11.2320452947951	-0.79415830206572	0.803434136567303
11.2333057630566	-0.793856817239756	0.803813504973307
11.234566514251	-0.793555332413793	0.804192873379311
11.2358275484739	-0.793253847587829	0.804572241785315
11.2370888658204	-0.792952362761866	0.804951610191319
11.2383504663859	-0.792650877935902	0.805330978597323
11.2396123502659	-0.792349393109939	0.805710347003327
11.2408745175557	-0.792047908283975	0.806089715409331
11.2421369683509	-0.791746423458012	0.806469083815335
11.243399702747	-0.791444938632048	0.806848452221339
11.2446627208396	-0.791143453806085	0.807227820627343
11.2459260227242	-0.790841968980121	0.807607189033347
11.2471896084966	-0.790540484154158	0.807986557439351
11.2484534782524	-0.790238999328194	0.808365925845355
11.2497176320874	-0.789937514502231	0.80874529425136
11.2509820700974	-0.789636029676268	0.809124662657363
11.2522467923783	-0.789334544850304	0.809504031063367
11.2535117990258	-0.789033060024341	0.809883399469371
11.2547770901359	-0.788731575198377	0.810262767875376
11.2560426658046	-0.788430090372414	0.81064213628138
11.2573085261279	-0.78812860554645	0.811021504687384
11.2585746712018	-0.787827120720487	0.811400873093388
11.2598411011224	-0.787525635894523	0.811780241499392
11.2611078159858	-0.787224151068559	0.812159609905396
11.2623748158883	-0.786922666242596	0.8125389783114
11.2636421009261	-0.786621181416633	0.812918346717404
11.2649096711953	-0.786319696590669	0.813297715123408
11.2661775267924	-0.786018211764705	0.813677083529412
11.2674456678136	-0.785716726938742	0.814056451935416
11.2687140943554	-0.785415242112779	0.81443582034142
11.2699828065142	-0.785113757286815	0.814815188747424
11.2712518043865	-0.784812272460852	0.815194557153428
11.2725210880688	-0.784510787634888	0.815573925559432
11.2737906576577	-0.784209302808925	0.815953293965436
11.2750605132498	-0.783907817982961	0.816332662371441
11.2763306549417	-0.783606333156998	0.816712030777445
11.2776010828301	-0.783304848331034	0.817091399183449
11.2788717970119	-0.783003363505071	0.817470767589453
11.2801427975837	-0.782701878679107	0.817850135995457
11.2814140846424	-0.782400393853144	0.818229504401461
11.2826856582849	-0.78209890902718	0.818608872807465
11.2839575186081	-0.781797424201217	0.818988241213469
11.2852296657089	-0.781495939375253	0.819367609619473
11.2865020996844	-0.78119445454929	0.819746978025477
11.2877748206316	-0.780892969723326	0.820126346431481
11.2890478286476	-0.780591484897363	0.820505714837485
11.2903211238295	-0.780290000071399	0.820885083243489
11.2915947062746	-0.779988515245436	0.821264451649493
11.2928685760799	-0.779687030419472	0.821643820055497
11.2941427333429	-0.779385545593509	0.822023188461501
11.2954171781608	-0.779084060767545	0.822402556867506
11.296691910631	-0.778782575941582	0.82278192527351
11.2979669308508	-0.778481091115618	0.823161293679514
11.2992422389177	-0.778179606289655	0.823540662085518
11.3005178349293	-0.777878121463691	0.823920030491522
11.3017937189829	-0.777576636637728	0.824299398897526
11.3030698911763	-0.777275151811765	0.82467876730353
11.304346351607	-0.776973666985801	0.825058135709534
11.3056231003727	-0.776672182159837	0.825437504115538
11.3069001375711	-0.776370697333874	0.825816872521542
11.3081774632999	-0.77606921250791	0.826196240927546
11.3094550776569	-0.775767727681947	0.82657560933355
11.3107329807401	-0.775466242855983	0.826954977739554
11.3120111726472	-0.77516475803002	0.827334346145558
11.3132896534762	-0.774863273204056	0.827713714551562
11.3145684233251	-0.774561788378093	0.828093082957566
11.3158474822918	-0.774260303552129	0.828472451363571
11.3171268304745	-0.773958818726166	0.828851819769575
11.3184064679713	-0.773657333900202	0.829231188175579
11.3196863948802	-0.773355849074239	0.829610556581582
11.3209666112996	-0.773054364248276	0.829989924987587
11.3222471173276	-0.772752879422312	0.830369293393591
11.3235279130625	-0.772451394596349	0.830748661799595
11.3248089986026	-0.772149909770385	0.831128030205599
11.3260903740464	-0.771848424944422	0.831507398611603
11.3273720394922	-0.771546940118458	0.831886767017607
11.3286539950385	-0.771245455292495	0.832266135423611
11.3299362407838	-0.770943970466531	0.832645503829615
11.3312187768267	-0.770642485640568	0.833024872235619
11.3325016032657	-0.770341000814604	0.833404240641623
11.3337847201995	-0.770039515988641	0.833783609047627
11.3350681277267	-0.769738031162677	0.834162977453631
11.3363518259462	-0.769436546336713	0.834542345859635
11.3376358149566	-0.76913506151075	0.834921714265639
11.3389200948569	-0.768833576684787	0.835301082671643
11.3402046657458	-0.768532091858823	0.835680451077647
11.3414895277222	-0.76823060703286	0.836059819483651
11.3427746808852	-0.767929122206896	0.836439187889656
11.3440601253337	-0.767627637380933	0.83681855629566
11.3453458611668	-0.767326152554969	0.837197924701664
11.3466318884835	-0.767024667729006	0.837577293107668
11.347918207383	-0.766723182903042	0.837956661513672
11.3492048179644	-0.766421698077079	0.838336029919676
11.3504917203271	-0.766120213251115	0.83871539832568
11.3517789145701	-0.765818728425152	0.839094766731684
11.353066400793	-0.765517243599188	0.839474135137688
11.354354179095	-0.765215758773225	0.839853503543692
11.3556422495754	-0.764914273947261	0.840232871949696
11.3569306123339	-0.764612789121298	0.8406122403557
11.3582192674698	-0.764311304295334	0.840991608761704
11.3595082150827	-0.764009819469371	0.841370977167708
11.3607974552723	-0.763708334643407	0.841750345573712
11.362086988138	-0.763406849817444	0.842129713979716
11.3633768137796	-0.76310536499148	0.842509082385721
11.3646669322968	-0.762803880165517	0.842888450791725
11.3659573437894	-0.762502395339553	0.843267819197729
11.3672480483572	-0.76220091051359	0.843647187603733
11.3685390461	-0.761899425687626	0.844026556009737
11.3698303371177	-0.761597940861663	0.844405924415741
11.3711219215104	-0.761296456035699	0.844785292821745
11.3724137993779	-0.760994971209736	0.845164661227749
11.3737059708203	-0.760693486383773	0.845544029633753
11.3749984359377	-0.760392001557809	0.845923398039757
11.3762911948302	-0.760090516731846	0.846302766445761
11.3775842475981	-0.759789031905882	0.846682134851765
11.3788775943414	-0.759487547079919	0.847061503257769
11.3801712351605	-0.759186062253955	0.847440871663773
11.3814651701558	-0.758884577427992	0.847820240069777
11.3827593994274	-0.758583092602028	0.848199608475781
11.3840539230759	-0.758281607776064	0.848578976881786
11.3853487412017	-0.757980122950101	0.84895834528779
11.3866438539053	-0.757678638124137	0.849337713693794
11.3879392612872	-0.757377153298174	0.849717082099798
11.389234963448	-0.757075668472211	0.850096450505802
11.3905309604883	-0.756774183646247	0.850475818911806
11.3918272525089	-0.756472698820284	0.85085518731781
11.3931238396103	-0.75617121399432	0.851234555723814
11.3944207218935	-0.755869729168357	0.851613924129818
11.3957178994592	-0.755568244342393	0.851993292535822
11.3970153724083	-0.75526675951643	0.852372660941826
11.3983131408417	-0.754965274690466	0.85275202934783
11.3996112048602	-0.754663789864503	0.853131397753834
11.4009095645651	-0.754362305038539	0.853510766159838
11.4022082200571	-0.754060820212576	0.853890134565842
11.4035071714376	-0.753759335386612	0.854269502971846
11.4048064188075	-0.753457850560649	0.854648871377851
11.4061059622681	-0.753156365734685	0.855028239783855
11.4074058019207	-0.752854880908722	0.855407608189858
11.4087059378664	-0.752553396082758	0.855786976595862
11.4100063702066	-0.752251911256795	0.856166345001867
11.4113070990426	-0.751950426430831	0.856545713407871
11.4126081244759	-0.751648941604868	0.856925081813875
11.413909446608	-0.751347456778904	0.857304450219879
11.4152110655403	-0.751045971952941	0.857683818625883
11.4165129813744	-0.750744487126977	0.858063187031887
11.4178151942119	-0.750443002301014	0.858442555437891
11.4191177041544	-0.75014151747505	0.858821923843895
11.4204205113036	-0.749861642273684	0.859269797566317
11.4217236157613	-0.749600884345263	0.859778275526738
11.4230270176293	-0.749340126416842	0.860286753487159
11.4243307170093	-0.749079368488421	0.860795231447579
11.4256347140032	-0.74881861056	0.861303709408
11.426939008713	-0.748557852631579	0.861812187368421
11.4282436012407	-0.748297094703158	0.862320665328843
11.4295484916882	-0.748036336774737	0.862829143289264
11.4308536801576	-0.747775578846316	0.863337621249685
11.4321591667511	-0.747514820917894	0.863846099210106
11.4334649515707	-0.747254062989473	0.864354577170527
11.4347710347187	-0.746993305061052	0.864863055130948
11.4360774162973	-0.746732547132631	0.865371533091369
11.4373840964089	-0.74647178920421	0.86588001105179
11.4386910751557	-0.746211031275789	0.866388489012211
11.4399983526402	-0.745950273347368	0.866896966972632
11.4413059289648	-0.745689515418947	0.867405444933053
11.442613804232	-0.745428757490526	0.867913922893474
11.4439219785442	-0.745167999562105	0.868422400853895
11.4452304520042	-0.744907241633684	0.868930878814316
11.4465392247145	-0.744646483705263	0.869439356774737
11.4478482967777	-0.744385725776842	0.869947834735158
11.4491576682966	-0.744124967848421	0.87045631269558
11.450467339374	-0.74386420992	0.870964790656001
11.4517773101126	-0.743603451991579	0.871473268616422
11.4530875806154	-0.743342694063158	0.871981746576843
11.4543981509852	-0.743081936134736	0.872490224537264
11.455709021325	-0.742821178206315	0.872998702497685
11.4570201917378	-0.742560420277894	0.873507180458106
11.4583316623266	-0.742299662349473	0.874015658418527
11.4596434331946	-0.742038904421052	0.874524136378948
11.4609555044448	-0.741778146492631	0.875032614339369
11.4622678761805	-0.74151738856421	0.87554109229979
11.4635805485048	-0.741256630635789	0.876049570260211
11.4648935215212	-0.740995872707368	0.876558048220632
11.4662067953328	-0.740735114778947	0.877066526181053
11.4675203700431	-0.740474356850526	0.877575004141474
11.4688342457556	-0.740213598922105	0.878083482101895
11.4701484225736	-0.739952840993684	0.878591960062316
11.4714629006007	-0.739692083065263	0.879100438022738
11.4727776799405	-0.739431325136842	0.879608915983159
11.4740927606966	-0.739170567208421	0.88011739394358
11.4754081429726	-0.73890980928	0.880625871904001
11.4767238268722	-0.738649051351579	0.881134349864422
11.4780398124993	-0.738388293423158	0.881642827824842
11.4793560999576	-0.738127535494737	0.882151305785263
11.480672689351	-0.737866777566316	0.882659783745685
11.4819895807834	-0.737606019637895	0.883168261706106
11.4833067743587	-0.737345261709473	0.883676739666527
11.4846242701808	-0.737084503781052	0.884185217626948
11.485942068354	-0.736823745852631	0.884693695587369
11.4872601689822	-0.73656298792421	0.88520217354779
11.4885785721696	-0.736302229995789	0.885710651508211
11.4898972780204	-0.736041472067368	0.886219129468632
11.4912162866387	-0.735780714138947	0.886727607429053
11.492535598129	-0.735519956210526	0.887236085389474
11.4938552125955	-0.735259198282105	0.887744563349895
11.4951751301426	-0.734998440353684	0.888253041310316
11.4964953508748	-0.734737682425263	0.888761519270737
11.4978158748964	-0.734476924496842	0.889269997231158
11.4991367023121	-0.734216166568421	0.889778475191579
11.5004578332263	-0.73395540864	0.890286953152
11.5017792677438	-0.733694650711579	0.890795431112421
11.5031010059692	-0.733433892783158	0.891303909072843
11.5044230480072	-0.733173134854737	0.891812387033264
11.5057453939625	-0.732912376926316	0.892320864993685
11.50706804394	-0.732651618997894	0.892829342954106
11.5083909980445	-0.732390861069473	0.893337820914527
11.509714256381	-0.732130103141052	0.893846298874948
11.5110378190543	-0.731869345212631	0.894354776835369
11.5123616861696	-0.73160858728421	0.89486325479579
11.5136858578318	-0.731347829355789	0.895371732756211
11.515010334146	-0.731087071427368	0.895880210716632
11.5163351152175	-0.730826313498947	0.896388688677053
11.5176602011513	-0.730565555570526	0.896897166637474
11.5189855920528	-0.730304797642105	0.897405644597895
11.5203112880273	-0.730044039713684	0.897914122558316
11.52163728918	-0.729783281785263	0.898422600518737
11.5229635956163	-0.729522523856842	0.898931078479158
11.5242902074418	-0.729261765928421	0.89943955643958
11.5256171247619	-0.729001008	0.899948034400001
11.5269443476822	-0.728740250071579	0.900456512360422
11.5282718763081	-0.728479492143158	0.900964990320843
11.5295997107454	-0.728218734214736	0.901473468281264
11.5309278510997	-0.727957976286316	0.901981946241684
11.5322562974769	-0.727697218357895	0.902490424202105
11.5335850499825	-0.727436460429474	0.902998902162527
11.5349141087226	-0.727175702501052	0.903507380122948
11.5362434738029	-0.726914944572631	0.904015858083369
11.5375731453294	-0.72665418664421	0.90452433604379
11.538903123408	-0.726393428715789	0.905032814004211
11.5402334081448	-0.726132670787368	0.905541291964632
11.5415639996459	-0.725871912858947	0.906049769925053
11.5428948980174	-0.725611154930526	0.906558247885474
11.5442261033654	-0.725350397002105	0.907066725845895
11.5455576157962	-0.725089639073684	0.907575203806316
11.546889435416	-0.724828881145263	0.908083681766737
11.5482215623312	-0.724568123216842	0.908592159727159
11.5495539966481	-0.724307365288421	0.909100637687579
11.5508867384731	-0.72404660736	0.909609115648
11.5522197879128	-0.723785849431579	0.910117593608421
11.5535531450736	-0.723525091503158	0.910626071568842
11.554886810062	-0.723264333574737	0.911134549529263
11.5562207829848	-0.723003575646316	0.911643027489685
11.5575550639485	-0.722742817717895	0.912151505450106
11.5588896530599	-0.722482059789473	0.912659983410527
11.5602245504258	-0.722221301861052	0.913168461370948
11.5615597561528	-0.721960543932631	0.913676939331369
11.562895270348	-0.72169978600421	0.91418541729179
11.5642310931182	-0.721439028075789	0.914693895252211
11.5655672245704	-0.721178270147368	0.915202373212632
11.5669036648115	-0.720917512218947	0.915710851173053
11.5682404139487	-0.720656754290526	0.916219329133474
11.569577472089	-0.720395996362105	0.916727807093895
11.5709148393396	-0.720135238433684	0.917236285054316
11.5722525158077	-0.719874480505263	0.917744763014737
11.5735905016006	-0.719613722576842	0.918253240975158
11.5749287968255	-0.719352964648421	0.918761718935579
11.5762674015899	-0.71909220672	0.919270196896
11.577606316001	-0.718831448791579	0.919778674856421
11.5789455401665	-0.718570690863158	0.920287152816842
11.5802850741937	-0.718309932934737	0.920795630777264
11.5816249181903	-0.718049175006315	0.921304108737685
11.5829650722638	-0.717788417077894	0.921812586698106
11.5843055365219	-0.717527659149473	0.922321064658527
11.5856463110723	-0.717266901221053	0.922829542618947
11.5869873960227	-0.717006143292632	0.923338020579369
11.588328791481	-0.716745385364211	0.92384649853979
11.589670497555	-0.716484627435789	0.924354976500211
11.5910125143526	-0.716223869507368	0.924863454460632
11.5923548419817	-0.715963111578947	0.925371932421053
11.5936974805504	-0.715702353650526	0.925880410381474
11.5950404301667	-0.715441595722105	0.926388888341895
11.5963836909387	-0.715180837793684	0.926897366302316
11.5977272629746	-0.714920079865263	0.927405844262737
11.5990711463826	-0.714659321936842	0.927914322223158
11.6004153412709	-0.714398564008421	0.928422800183579
11.6017598477478	-0.71413780608	0.928931278144001
11.6031046659217	-0.713877048151579	0.929439756104421
11.6044497959009	-0.713616290223158	0.929948234064842
11.605795237794	-0.713355532294737	0.930456712025263
11.6071409917095	-0.713094774366316	0.930965189985684
11.6084870577558	-0.712834016437895	0.931473667946105
11.6098334360417	-0.712573258509474	0.931982145906527
11.6111801266757	-0.712312500581053	0.932490623866948
11.6125271297665	-0.712051742652631	0.932999101827369
11.613874445423	-0.71179098472421	0.93350757978779
11.6152220737539	-0.711530226795789	0.934016057748211
11.616570014868	-0.711269468867368	0.934524535708632
11.6179182688744	-0.711008710938947	0.935033013669053
11.6192668358819	-0.710747953010526	0.935541491629474
11.6206157159996	-0.710487195082105	0.936049969589895
11.6219649093365	-0.710226437153684	0.936558447550316
11.6233144160017	-0.709991187909189	0.937036129572324
11.6246642361044	-0.709924236549189	0.937310630148324
11.6260143697538	-0.709857285189189	0.937585130724324
11.6273648170591	-0.709790333829189	0.937859631300324
11.6287155781297	-0.709723382469189	0.938134131876324
11.630066653075	-0.709656431109189	0.938408632452324
11.6314180420043	-0.709589479749189	0.938683133028325
11.6327697450271	-0.709522528389189	0.938957633604324
11.634121762253	-0.709455577029189	0.939232134180325
11.6354740937915	-0.709388625669189	0.939506634756325
11.6368267397521	-0.709321674309189	0.939781135332325
11.6381797002447	-0.709254722949189	0.940055635908325
11.6395329753789	-0.709187771589189	0.940330136484324
11.6408865652645	-0.709120820229189	0.940604637060324
11.6422404700112	-0.709053868869189	0.940879137636324
11.6435946897291	-0.708986917509189	0.941153638212324
11.6449492245279	-0.708919966149189	0.941428138788324
11.6463040745177	-0.708853014789189	0.941702639364324
11.6476592398085	-0.708786063429189	0.941977139940325
11.6490147205104	-0.708719112069189	0.942251640516324
11.6503705167335	-0.708652160709189	0.942526141092324
11.651726628588	-0.708585209349189	0.942800641668325
11.6530830561842	-0.708518257989189	0.943075142244325
11.6544397996322	-0.708451306629189	0.943349642820325
11.6557968590425	-0.708384355269189	0.943624143396325
11.6571542345254	-0.708317403909189	0.943898643972325
11.6585119261914	-0.708250452549189	0.944173144548324
11.6598699341509	-0.708183501189189	0.944447645124324
11.6612282585145	-0.708116549829189	0.944722145700324
11.6625868993928	-0.708049598469189	0.944996646276324
11.6639458568964	-0.707982647109189	0.945271146852324
11.6653051311361	-0.707915695749189	0.945545647428324
11.6666647222225	-0.707848744389189	0.945820148004324
11.6680246302666	-0.707781793029189	0.946094648580325
11.669384855379	-0.707714841669189	0.946369149156325
11.6707453976707	-0.707647890309189	0.946643649732325
11.6721062572528	-0.707580938949189	0.946918150308325
11.6734674342361	-0.707513987589189	0.947192650884325
11.6748289287317	-0.707447036229189	0.947467151460325
11.6761907408508	-0.707380084869189	0.947741652036324
11.6775528707045	-0.707313133509189	0.948016152612324
11.678915318404	-0.707246182149189	0.948290653188324
11.6802780840606	-0.707179230789189	0.948565153764324
11.6816411677856	-0.707112279429189	0.948839654340324
11.6830045696904	-0.707045328069189	0.949114154916324
11.6843682898864	-0.706978376709189	0.949388655492325
11.685732328485	-0.706911425349189	0.949663156068325
11.6870966855978	-0.706844473989189	0.949937656644325
11.6884613613364	-0.706777522629189	0.950212157220325
11.6898263558124	-0.706710571269189	0.950486657796325
11.6911916691374	-0.706643619909189	0.950761158372325
11.6925573014233	-0.706576668549189	0.951035658948325
11.6939232527817	-0.706509717189189	0.951310159524325
11.6952895233246	-0.706442765829189	0.951584660100324
11.6966561131637	-0.706375814469189	0.951859160676324
11.6980230224112	-0.706308863109189	0.952133661252324
11.6993902511789	-0.706241911749189	0.952408161828324
11.7007577995789	-0.706174960389189	0.952682662404324
11.7021256677233	-0.706108009029189	0.952957162980325
11.7034938557242	-0.706041057669189	0.953231663556324
11.704862363694	-0.705974106309189	0.953506164132325
11.7062311917447	-0.705907154949189	0.953780664708325
11.7076003399887	-0.705840203589189	0.954055165284325
11.7089698085384	-0.705773252229189	0.954329665860325
11.7103395975063	-0.705706300869189	0.954604166436325
11.7117097070046	-0.705639349509189	0.954878667012325
11.7130801371461	-0.705572398149189	0.955153167588324
11.7144508880432	-0.705505446789189	0.955427668164324
11.7158219598086	-0.705438495429189	0.955702168740324
11.717193352555	-0.705371544069189	0.955976669316324
11.718565066395	-0.705304592709189	0.956251169892325
11.7199371014416	-0.705237641349189	0.956525670468324
11.7213094578074	-0.705170689989189	0.956800171044324
11.7226821356054	-0.705103738629189	0.957074671620325
11.7240551349486	-0.705036787269189	0.957349172196325
11.7254284559499	-0.704969835909189	0.957623672772325
11.7268020987223	-0.704902884549189	0.957898173348325
11.7281760633791	-0.704835933189189	0.958172673924325
11.7295503500332	-0.704768981829189	0.958447174500325
11.7309249587981	-0.704702030469189	0.958721675076325
11.7322998897868	-0.704635079109189	0.958996175652324
11.7336751431127	-0.704568127749189	0.959270676228324
11.7350507188892	-0.704501176389189	0.959545176804324
11.7364266172297	-0.704434225029189	0.959819677380324
11.7378028382477	-0.704367273669189	0.960094177956324
11.7391793820566	-0.704300322309189	0.960368678532325
11.7405562487702	-0.704233370949189	0.960643179108325
11.7419334385019	-0.704166419589189	0.960917679684325
11.7433109513655	-0.704099468229189	0.961192180260325
11.7446887874748	-0.704032516869189	0.961466680836325
11.7460669469435	-0.703965565509189	0.961741181412325
11.7474454298854	-0.703898614149189	0.962015681988325
11.7488242364145	-0.703831662789189	0.962290182564325
11.7502033666448	-0.703764711429189	0.962564683140324
11.7515828206901	-0.703697760069189	0.962839183716324
11.7529625986647	-0.703630808709189	0.963113684292324
11.7543427006825	-0.703563857349189	0.963388184868324
11.7557231268578	-0.703496905989189	0.963662685444325
11.7571038773047	-0.703429954629189	0.963937186020325
11.7584849521377	-0.703363003269189	0.964211686596325
11.7598663514709	-0.703296051909189	0.964486187172325
11.7612480754188	-0.703229100549189	0.964760687748325
11.7626301240957	-0.703162149189189	0.965035188324325
11.7640124976163	-0.703095197829189	0.965309688900325
11.765395196095	-0.703028246469189	0.965584189476325
11.7667782196465	-0.702961295109189	0.965858690052325
11.7681615683853	-0.702894343749189	0.966133190628325
11.7695452424262	-0.702827392389189	0.966407691204324
11.7709292418839	-0.702760441029189	0.966682191780324
11.7723135668733	-0.702693489669189	0.966956692356324
11.7736982175092	-0.702626538309189	0.967231192932325
11.7750831939065	-0.702559586949189	0.967505693508324
11.7764684961803	-0.702492635589189	0.967780194084325
11.7778541244455	-0.702425684229189	0.968054694660325
11.7792400788173	-0.702358732869189	0.968329195236325
11.7806263594107	-0.702291781509189	0.968603695812325
11.7820129663409	-0.702224830149189	0.968878196388325
11.7833998997233	-0.702157878789189	0.969152696964325
11.784787159673	-0.702090927429189	0.969427197540325
11.7861747463055	-0.702023976069189	0.969701698116325
11.7875626597362	-0.701957024709189	0.969976198692324
11.7889509000805	-0.701890073349189	0.970250699268324
11.7903394674539	-0.701823121989189	0.970525199844325
11.7917283619721	-0.701756170629189	0.970799700420324
11.7931175837506	-0.701689219269189	0.971074200996325
11.7945071329051	-0.701622267909189	0.971348701572325
11.7958970095514	-0.701555316549189	0.971623202148325
11.7972872138052	-0.701488365189189	0.971897702724325
11.7986777457824	-0.701421413829189	0.972172203300325
11.8000686055989	-0.701354462469189	0.972446703876325
11.8014597933706	-0.701287511109189	0.972721204452325
11.8028513092136	-0.701220559749189	0.972995705028325
11.8042431532439	-0.701153608389189	0.973270205604325
11.8056353255776	-0.701086657029189	0.973544706180325
11.8070278263309	-0.701019705669189	0.973819206756324
11.80842065562	-0.700952754309189	0.974093707332324
11.8098138135613	-0.700885802949189	0.974368207908324
11.811207300271	-0.700818851589189	0.974642708484325
11.8126011158656	-0.700751900229189	0.974917209060325
11.8139952604614	-0.700684948869189	0.975191709636325
11.815389734175	-0.700617997509189	0.975466210212325
11.816784537123	-0.700551046149189	0.975740710788325
11.8181796694219	-0.700484094789189	0.976015211364325
11.8195751311884	-0.700417143429189	0.976289711940325
11.8209709225393	-0.700350192069189	0.976564212516325
11.8223670435913	-0.700283240709189	0.976838713092325
11.8237634944613	-0.700216289349189	0.977113213668325
11.8251602752661	-0.700149337989189	0.977387714244324
11.8265573861227	-0.700082386629189	0.977662214820324
11.827954827148	-0.700015435269189	0.977936715396325
11.8293525984593	-0.698936330714285	0.978093602897143
11.8307507001734	-0.697553964464285	0.978215251127143
11.8321491324077	-0.696171598214284	0.978336899357143
11.8335478952793	-0.694789231964284	0.978458547587143
11.8349469889054	-0.693406865714284	0.978580195817143
11.8363464134036	-0.692024499464284	0.978701844047143
11.837746168891	-0.690642133214284	0.978823492277143
11.8391462554852	-0.689259766964284	0.978945140507143
11.8405466733037	-0.687877400714284	0.979066788737143
11.841947422464	-0.686495034464284	0.979188436967143
11.8433485030837	-0.685112668214283	0.979310085197143
11.8447499152804	-0.683730301964285	0.979431733427143
11.846151659172	-0.682347935714285	0.979553381657143
11.8475537348762	-0.680965569464285	0.979675029887143
11.8489561425107	-0.679583203214285	0.979796678117143
11.8503588821936	-0.678200836964284	0.979918326347143
11.8517619540427	-0.676818470714284	0.980039974577143
11.853165358176	-0.675436104464284	0.980161622807143
11.8545690947116	-0.674053738214284	0.980283271037143
11.8559731637676	-0.672671371964284	0.980404919267143
11.8573775654622	-0.671289005714284	0.980526567497143
11.8587822999136	-0.669906639464284	0.980648215727143
11.86018736724	-0.668524273214284	0.980769863957143
11.8615927675599	-0.667141906964284	0.980891512187143
11.8629985009915	-0.665759540714285	0.981013160417143
11.8644045676534	-0.664377174464285	0.981134808647143
11.865810967664	-0.662994808214285	0.981256456877143
11.8672177011419	-0.661612441964285	0.981378105107143
11.8686247682058	-0.660230075714284	0.981499753337143
11.8700321689742	-0.658847709464284	0.981621401567143
11.8714399035659	-0.657465343214284	0.981743049797143
11.8728479720998	-0.656082976964284	0.981864698027143
11.8742563746945	-0.654700610714284	0.981986346257143
11.8756651114692	-0.653318244464284	0.982107994487143
11.8770741825426	-0.651935878214284	0.982229642717143
11.8784835880338	-0.650553511964284	0.982351290947143
11.8798933280618	-0.649171145714284	0.982472939177143
11.8813034027459	-0.647788779464284	0.982594587407143
11.8827138122051	-0.646406413214285	0.982716235637143
11.8841245565587	-0.645024046964285	0.982837883867143
11.8855356359261	-0.643641680714285	0.982959532097143
11.8869470504265	-0.642259314464285	0.983081180327143
11.8883588001793	-0.640876948214285	0.983202828557143
11.889770885304	-0.639494581964284	0.983324476787143
11.8911833059202	-0.638112215714284	0.983446125017143
11.8925960621474	-0.636729849464284	0.983567773247143
11.8940091541052	-0.635347483214284	0.983689421477143
11.8954225819134	-0.633965116964284	0.983811069707143
11.8968363456916	-0.632582750714284	0.983932717937143
11.8982504455597	-0.631200384464284	0.984054366167143
11.8996648816376	-0.629818018214284	0.984176014397143
11.9010796540451	-0.628435651964285	0.984297662627143
11.9024947629023	-0.627053285714285	0.984419310857143
11.9039102083291	-0.625670919464285	0.984540959087143
11.9053259904457	-0.624288553214285	0.984662607317143
11.9067421093722	-0.622906186964285	0.984784255547143
11.9081585652288	-0.621523820714285	0.984905903777143
11.9095753581358	-0.620141454464284	0.985027552007143
11.9109924882135	-0.618759088214284	0.985149200237143
11.9124099555822	-0.617376721964284	0.985270848467143
11.9138277603624	-0.615994355714284	0.985392496697143
11.9152459026746	-0.614611989464284	0.985514144927143
11.9166643826393	-0.613229623214284	0.985635793157143
11.9180832003772	-0.611847256964284	0.985757441387143
11.9195023560088	-0.610464890714284	0.985879089617143
11.920921849655	-0.609082524464285	0.986000737847143
11.9223416814365	-0.607700158214285	0.986122386077143
11.923761851474	-0.606317791964285	0.986244034307143
11.9251823598886	-0.604935425714285	0.986365682537143
11.9266032068012	-0.603553059464285	0.986487330767143
11.9280243923328	-0.602170693214285	0.986608978997143
11.9294459166043	-0.600788326964284	0.986730627227143
11.9308677797371	-0.599405960714284	0.986852275457143
11.9322899818522	-0.598023594464284	0.986973923687143
11.9337125230709	-0.596641228214284	0.987095571917143
11.9351354035144	-0.595258861964284	0.987217220147143
11.9365586233042	-0.593876495714284	0.987338868377143
11.9379821825616	-0.592494129464284	0.987460516607143
11.9394060814081	-0.591111763214285	0.987582164837143
11.9408303199653	-0.589729396964285	0.987703813067143
11.9422548983547	-0.588347030714285	0.987825461297143
11.943679816698	-0.586964664464285	0.987947109527143
11.9451050751168	-0.585582298214285	0.988068757757143
11.946530673733	-0.584199931964285	0.988190405987143
11.9479566126683	-0.582817565714285	0.988312054217143
11.9493828920446	-0.581435199464284	0.988433702447143
11.9508095119839	-0.580052833214284	0.988555350677143
11.9522364726082	-0.578670466964284	0.988676998907143
11.9536637740394	-0.577288100714284	0.988798647137143
11.9550914163998	-0.575905734464284	0.988920295367143
11.9565193998114	-0.574523368214284	0.989041943597143
11.9579477243966	-0.573141001964284	0.989163591827143
11.9593763902775	-0.571758635714285	0.989285240057143
11.9608053975766	-0.570376269464285	0.989406888287143
11.9622347464162	-0.568993903214285	0.989528536517143
11.9636644369188	-0.567611536964285	0.989650184747143
11.9650944692069	-0.566229170714285	0.989771832977143
11.9665248434031	-0.564846804464285	0.989893481207143
11.96795555963	-0.563464438214284	0.990015129437143
11.9693866180103	-0.562082071964284	0.990136777667143
11.9708180186668	-0.560699705714284	0.990258425897143
11.9722497617223	-0.559317339464284	0.990380074127143
11.9736818472996	-0.557934973214284	0.990501722357143
11.9751142755218	-0.556552606964284	0.990623370587143
11.9765470465116	-0.555170240714284	0.990745018817143
11.9779801603923	-0.553787874464285	0.990866667047143
11.979413617287	-0.552405508214285	0.990988315277143
11.9808474173187	-0.551023141964285	0.991109963507143
11.9822815606107	-0.549640775714285	0.991231611737143
11.9837160472863	-0.548258409464285	0.991353259967143
11.9851508774689	-0.546876043214285	0.991474908197143
11.9865860512817	-0.545493676964285	0.991596556427143
11.9880215688484	-0.544111310714285	0.991718204657143
11.9894574302924	-0.542728944464284	0.991839852887143
11.9908936357373	-0.541346578214284	0.991961501117143
11.9923301853067	-0.539964211964284	0.992083149347143
11.9937670791243	-0.538581845714284	0.992204797577143
11.9952043173139	-0.537199479464284	0.992326445807143
11.9966418999994	-0.535817113214284	0.992448094037143
11.9980798273044	-0.534434746964285	0.992569742267143
11.9995180993531	-0.533052380714285	0.992691390497143
12.0009567162694	-0.531670014464285	0.992813038727143
12.0023956781774	-0.530287648214285	0.992934686957143
12.0038349852011	-0.528905281964285	0.993056335187143
12.0052746374647	-0.527522915714285	0.993177983417143
12.0067146350925	-0.526140549464285	0.993299631647143
12.0081549782088	-0.524758183214284	0.993421279877143
12.0095956669379	-0.523375816964284	0.993542928107143
12.0110367014042	-0.521993450714284	0.993664576337143
12.0124780817322	-0.520611084464284	0.993786224567143
12.0139198080464	-0.519228718214284	0.993907872797143
12.0153618804714	-0.517846351964284	0.994029521027143
12.0168042991319	-0.516463985714285	0.994151169257143
12.0182470641526	-0.515081619464285	0.994272817487143
12.0196901756582	-0.513699253214285	0.994394465717143
12.0211336337735	-0.512316886964285	0.994516113947143
12.0225774386235	-0.510934520714285	0.994637762177143
12.0240215903332	-0.509552154464285	0.994759410407143
12.0254660890274	-0.508169788214285	0.994881058637143
12.0269109348313	-0.506787421964285	0.995002706867143
12.0283561278701	-0.505405055714285	0.995124355097143
12.0298016682688	-0.504022689464284	0.995246003327143
12.0312475561528	-0.502640323214284	0.995367651557143
12.0326937916474	-0.501257956964284	0.995489299787143
12.0341403748779	-0.499875590714284	0.995610948017143
12.0355873059698	-0.498493224464284	0.995732596247143
12.0370345850485	-0.497110858214285	0.995854244477143
12.0384822122396	-0.495728491964285	0.995975892707143
12.0399301876688	-0.494346125714285	0.996097540937143
12.0413785114616	-0.492963759464285	0.996219189167143
12.0428271837439	-0.491581393214285	0.996340837397143
12.0442762046414	-0.490199026964285	0.996462485627143
12.04572557428	-0.488816660714285	0.996584133857143
12.0471752927855	-0.487434294464285	0.996705782087143
12.048625360284	-0.486051928214285	0.996827430317143
12.0500757769015	-0.484669561964284	0.996949078547143
12.0515265427641	-0.483287195714284	0.997070726777143
12.052977657998	-0.481904829464284	0.997192375007143
12.0544291227293	-0.480522463214284	0.997314023237143
12.0558809370843	-0.479140096964286	0.997435671467143
12.0573331011895	-0.477757730714285	0.997557319697143
12.0587856151711	-0.476375364464285	0.997678967927143
12.0602384791557	-0.474992998214285	0.997800616157143
12.0616916932697	-0.473610631964285	0.997922264387143
12.0631452576398	-0.472228265714285	0.998043912617143
12.0645991723926	-0.470845899464285	0.998165560847143
12.0660534376548	-0.469463533214285	0.998287209077143
12.0675080535532	-0.468081166964285	0.998408857307143
12.0689630202146	-0.466698800714284	0.998530505537143
12.0704183377658	-0.465316434464284	0.998652153767143
12.0718740063339	-0.463934068214284	0.998773801997143
12.0733300260458	-0.462551701964284	0.998895450227143
12.0747863970286	-0.461169335714284	0.999017098457143
12.0762431194095	-0.459786969464285	0.999138746687143
12.0777001933157	-0.458404603214285	0.999260394917143
12.0791576188743	-0.457022236964285	0.999382043147143
12.0806153962128	-0.455639870714285	0.999503691377143
12.0820735254584	-0.454257504464285	0.999625339607143
12.0835320067387	-0.452875138214285	0.999746987837143
12.0849908401812	-0.451492771964285	0.999868636067143
12.0864500259134	-0.450110405714285	0.999990284297143
12.0879095640628	-0.449876858277688	1.00030785430578
12.0893694547574	-0.449743027898433	1.00064243025392
12.0908296981246	-0.449609197519179	1.00097700620205
12.0922902942925	-0.449475367139924	1.00131158215019
12.0937512433888	-0.44934153676067	1.00164615809833
12.0952125455415	-0.449207706381415	1.00198073404646
12.0966742008786	-0.449073876002161	1.0023153099946
12.0981362095281	-0.448940045622906	1.00264988594273
12.0995985716182	-0.448806215243652	1.00298446189087
12.101061287277	-0.448672384864398	1.00331903783901
12.1025243566328	-0.448538554485143	1.00365361378714
12.1039877798139	-0.448404724105889	1.00398818973528
12.1054515569487	-0.448270893726634	1.00432276568341
12.1069156881656	-0.44813706334738	1.00465734163155
12.108380173593	-0.448003232968125	1.00499191757969
12.1098450133596	-0.447869402588871	1.00532649352782
12.1113102075939	-0.447735572209616	1.00566106947596
12.1127757564247	-0.447601741830362	1.0059956454241
12.1142416599806	-0.447467911451107	1.00633022137223
12.1157079183905	-0.447334081071853	1.00666479732037
12.1171745317833	-0.447200250692598	1.0069993732685
12.1186415002878	-0.447066420313344	1.00733394921664
12.1201088240331	-0.44693258993409	1.00766852516478
12.1215765031482	-0.446798759554835	1.00800310111291
12.1230445377623	-0.446664929175581	1.00833767706105
12.1245129280044	-0.446531098796326	1.00867225300918
12.1259816740039	-0.446397268417072	1.00900682895732
12.12745077589	-0.446263438037817	1.00934140490546
12.1289202337922	-0.446129607658563	1.00967598085359
12.1303900478398	-0.445995777279308	1.01001055680173
12.1318602181624	-0.445861946900054	1.01034513274987
12.1333307448894	-0.445728116520799	1.010679708698
12.1348016281506	-0.445594286141545	1.01101428464614
12.1362728680756	-0.445460455762291	1.01134886059427
12.1377444647941	-0.445326625383036	1.01168343654241
12.1392164184359	-0.445192795003782	1.01201801249055
12.1406887291309	-0.445058964624527	1.01235258843868
12.1421613970091	-0.444925134245273	1.01268716438682
12.1436344222004	-0.444791303866018	1.01302174033495
12.1451078048349	-0.444657473486764	1.01335631628309
12.1465815450427	-0.444523643107509	1.01369089223123
12.1480556429541	-0.444389812728255	1.01402546817936
12.1495300986991	-0.444255982349	1.0143600441275
12.1510049124083	-0.444122151969746	1.01469462007564
12.1524800842118	-0.443988321590491	1.01502919602377
12.1539556142403	-0.443854491211237	1.01536377197191
12.1554315026241	-0.443720660831983	1.01569834792004
12.1569077494938	-0.443586830452728	1.01603292386818
12.1583843549801	-0.443453000073474	1.01636749981632
12.1598613192136	-0.443319169694219	1.01670207576445
12.1613386423252	-0.443185339314965	1.01703665171259
12.1628163244456	-0.44305150893571	1.01737122766072
12.1642943657056	-0.442917678556456	1.01770580360886
12.1657727662364	-0.442783848177201	1.018040379557
12.1672515261688	-0.442650017797947	1.01837495550513
12.1687306456339	-0.442516187418692	1.01870953145327
12.1702101247629	-0.442382357039438	1.01904410740141
12.171689963687	-0.442248526660183	1.01937868334954
12.1731701625374	-0.442114696280929	1.01971325929768
12.1746507214455	-0.441980865901675	1.02004783524581
12.1761316405426	-0.44184703552242	1.02038241119395
12.1776129199602	-0.441713205143166	1.02071698714209
12.1790945598299	-0.441579374763911	1.02105156309022
12.1805765602831	-0.441445544384657	1.02138613903836
12.1820589214517	-0.441311714005402	1.02172071498649
12.1835416434672	-0.441177883626148	1.02205529093463
12.1850247264614	-0.441044053246893	1.02238986688277
12.1865081705663	-0.440910222867639	1.0227244428309
12.1879919759136	-0.440776392488385	1.02305901877904
12.1894761426354	-0.44064256210913	1.02339359472718
12.1909606708637	-0.440508731729876	1.02372817067531
12.1924455607306	-0.440374901350621	1.02406274662345
12.1939308123682	-0.440241070971367	1.02439732257158
12.1954164259088	-0.440107240592112	1.02473189851972
12.1969024014847	-0.439973410212858	1.02506647446786
12.1983887392282	-0.439839579833603	1.02540105041599
12.1998754392718	-0.439705749454349	1.02573562636413
12.2013625017478	-0.439571919075094	1.02607020231226
12.202849926789	-0.43943808869584	1.0264047782604
12.2043377145279	-0.439304258316586	1.02673935420854
12.2058258650971	-0.439170427937331	1.02707393015667
12.2073143786294	-0.439036597558077	1.02740850610481
12.2088032552576	-0.438902767178822	1.02774308205294
12.2102924951147	-0.438768936799568	1.02807765800108
12.2117820983334	-0.438635106420313	1.02841223394922
12.2132720650469	-0.438501276041059	1.02874680989735
12.2147623953882	-0.438367445661804	1.02908138584549
12.2162530894904	-0.43823361528255	1.02941596179363
12.2177441474867	-0.438099784903295	1.02975053774176
12.2192355695105	-0.437965954524041	1.0300851136899
12.2207273556949	-0.437832124144787	1.03041968963803
12.2222195061734	-0.437698293765532	1.03075426558617
12.2237120210795	-0.437564463386278	1.03108884153431
12.2252049005467	-0.437430633007023	1.03142341748244
12.2266981447086	-0.437296802627769	1.03175799343058
12.2281917536988	-0.437162972248514	1.03209256937871
12.229685727651	-0.43702914186926	1.03242714532685
12.2311800666991	-0.436895311490005	1.03276172127499
12.2326747709768	-0.436761481110751	1.03309629722312
12.2341698406181	-0.436627650731496	1.03343087317126
12.235665275757	-0.436493820352242	1.0337654491194
12.2371610765275	-0.436359989972988	1.03410002506753
12.2386572430638	-0.436226159593733	1.03443460101567
12.2401537754999	-0.436092329214479	1.0347691769638
12.2416506739702	-0.435958498835224	1.03510375291194
12.2431479386089	-0.43582466845597	1.03543832886008
12.2446455695505	-0.435690838076715	1.03577290480821
12.2461435669293	-0.435557007697461	1.03610748075635
12.2476419308799	-0.435423177318206	1.03644205670448
12.2491406615369	-0.435289346938952	1.03677663265262
12.2506397590348	-0.435155516559697	1.03711120860076
12.2521392235084	-0.435021686180443	1.03744578454889
12.2536390550925	-0.434887855801188	1.03778036049703
12.2551392539218	-0.434754025421934	1.03811493644516
12.2566398201314	-0.43462019504268	1.0384495123933
12.258140753856	-0.434486364663425	1.03878408834144
12.2596420552309	-0.434352534284171	1.03911866428957
12.2611437243911	-0.434218703904916	1.03945324023771
12.2626457614717	-0.434084873525662	1.03978781618585
12.264148166608	-0.433951043146407	1.04012239213398
12.2656509399352	-0.433817212767153	1.04045696808212
12.2671540815888	-0.433683382387898	1.04079154403025
12.2686575917042	-0.433549552008644	1.04112611997839
12.2701614704169	-0.433415721629389	1.04146069592653
12.2716657178624	-0.433281891250135	1.04179527187466
12.2731703341763	-0.43314806087088	1.0421298478228
12.2746753194945	-0.433014230491626	1.04246442377094
12.2761806739525	-0.432880400112372	1.04279899971907
12.2776863976863	-0.432746569733117	1.04313357566721
12.2791924908317	-0.432612739353863	1.04346815161534
12.2806989535248	-0.432478908974608	1.04380272756348
12.2822057859015	-0.432345078595354	1.04413730351162
12.2837129880979	-0.432211248216099	1.04447187945975
12.2852205602503	-0.432077417836845	1.04480645540789
12.2867285024948	-0.43194358745759	1.04514103135602
12.2882368149677	-0.431809757078336	1.04547560730416
12.2897454978054	-0.431675926699081	1.0458101832523
12.2912545511443	-0.431542096319827	1.04614475920043
12.2927639751209	-0.431408265940573	1.04647933514857
12.2942737698719	-0.431274435561318	1.0468139110967
12.2957839355337	-0.431140605182064	1.04714848704484
12.2972944722432	-0.431006774802809	1.04748306299298
12.298805380137	-0.430872944423555	1.04781763894111
12.3003166593521	-0.4307391140443	1.04815221488925
12.3018283100253	-0.430605283665046	1.04848679083739
12.3033403322935	-0.430471453285791	1.04882136678552
12.3048527262939	-0.430337622906537	1.04915594273366
12.3063654921636	-0.430203792527282	1.04949051868179
12.3078786300396	-0.430069962148028	1.04982509462993
12.3093921400592	-0.429936131768774	1.05015967057807
12.3109060223598	-0.429802301389519	1.0504942465262
12.3124202770787	-0.429668471010265	1.05082882247434
12.3139349043534	-0.42953464063101	1.05116339842247
12.3154499043213	-0.429400810251756	1.05149797437061
12.31696527712	-0.429266979872501	1.05183255031875
12.3184810228872	-0.429133149493247	1.05216712626688
12.3199971417607	-0.428999319113992	1.05250170221502
12.3215136338781	-0.428865488734738	1.05283627816316
12.3230304993773	-0.428731658355483	1.05317085411129
12.3245477383962	-0.428597827976229	1.05350543005943
12.3260653510728	-0.428463997596975	1.05384000600756
12.3275833375453	-0.42833016721772	1.0541745819557
12.3291016979516	-0.428196336838466	1.05450915790384
12.3306204324299	-0.428062506459211	1.05484373385197
12.3321395411186	-0.427928676079957	1.05517830980011
12.333659024156	-0.427794845700702	1.05551288574824
12.3351788816804	-0.427661015321448	1.05584746169638
12.3366991138302	-0.427527184942193	1.05618203764452
12.3382197207441	-0.427393354562939	1.05651661359265
12.3397407025607	-0.427259524183684	1.05685118954079
12.3412620594185	-0.42712569380443	1.05718576548893
12.3427837914563	-0.426991863425176	1.05752034143706
12.344305898813	-0.426858033045921	1.0578549173852
12.3458283816273	-0.426724202666667	1.05818949333333
12.3473512400383	-0.426590372287412	1.05852406928147
12.3488744741849	-0.426456541908158	1.05885864522961
12.3503980842063	-0.426322711528903	1.05919322117774
12.3519220702414	-0.426188881149649	1.05952779712588
12.3534464324297	-0.426055050770394	1.05986237307401
12.3549711709103	-0.42592122039114	1.06019694902215
12.3564962858226	-0.425787390011885	1.06053152497029
12.358021777306	-0.425653559632631	1.06086610091842
12.3595476455	-0.425519729253377	1.06120067686656
12.3610738905442	-0.425385898874122	1.06153525281469
12.3626005125781	-0.425252068494868	1.06186982876283
12.3641275117416	-0.425118238115613	1.06220440471097
12.3656548881743	-0.424984407736359	1.0625389806591
12.3671826420161	-0.424850577357104	1.06287355660724
12.3687107734068	-0.42471674697785	1.06320813255538
12.3702392824865	-0.424582916598595	1.06354270850351
12.3717681693952	-0.424449086219341	1.06387728445165
12.373297434273	-0.424315255840086	1.06421186039978
12.3748270772601	-0.424181425460832	1.06454643634792
12.3763570984967	-0.424047595081577	1.06488101229606
12.3778874981232	-0.423913764702323	1.06521558824419
12.3794182762799	-0.423779934323069	1.06555016419233
12.3809494331073	-0.423646103943814	1.06588474014046
12.3824809687459	-0.42351227356456	1.0662193160886
12.3840128833363	-0.423378443185305	1.06655389203674
12.3855451770192	-0.423244612806051	1.06688846798487
12.3870778499353	-0.423110782426796	1.06722304393301
12.3886109022254	-0.422976952047542	1.06755761988115
12.3901443340304	-0.422843121668287	1.06789219582928
12.3916781454912	-0.422709291289033	1.06822677177742
12.3932123367489	-0.422575460909778	1.06856134772555
12.3947469079445	-0.422441630530524	1.06889592367369
12.3962818592192	-0.422307800151269	1.06923049962183
12.3978171907141	-0.422173969772015	1.06956507556996
12.3993529025707	-0.422040139392761	1.0698996515181
12.4008889949303	-0.421906309013506	1.07023422746623
12.4024254679342	-0.421772478634252	1.07056880341437
12.4039623217241	-0.421638648254997	1.07090337936251
12.4054995564414	-0.421504817875743	1.07123795531064
12.4070371722278	-0.421370987496488	1.07157253125878
12.408575169225	-0.421237157117234	1.07190710720692
12.4101135475749	-0.421103326737979	1.07224168315505
12.4116523074193	-0.420969496358725	1.07257625910319
12.4131914489	-0.42083566597947	1.07291083505132
12.4147309721591	-0.420701835600216	1.07324541099946
12.4162708773387	-0.420568005220961	1.0735799869476
12.4178111645808	-0.420434174841707	1.07391456289573
12.4193518340278	-0.420300344462453	1.07424913884387
12.4208928858218	-0.420166514083198	1.074583714792
12.4224343201053	-0.420032683703944	1.07491829074014
12.4239761370206	-0.419898853324689	1.07525286668828
12.4255183367102	-0.419765022945435	1.07558744263641
12.4270609193167	-0.41963119256618	1.07592201858455
12.4286038849827	-0.419497362186926	1.07625659453269
12.430147233851	-0.419363531807671	1.07659117048082
12.4316909660642	-0.419229701428417	1.07692574642896
12.4332350817653	-0.419095871049163	1.07726032237709
12.4347795810971	-0.418962040669908	1.07759489832523
12.4363244642027	-0.418828210290654	1.07792947427337
12.4378697312251	-0.418694379911399	1.0782640502215
12.4394153823074	-0.418560549532145	1.07859862616964
12.4409614175928	-0.41842671915289	1.07893320211777
12.4425078372246	-0.418292888773636	1.07926777806591
12.4440546413462	-0.418159058394381	1.07960235401405
12.4456018301009	-0.418025228015127	1.07993692996218
12.4471494036322	-0.417891397635872	1.08027150591032
12.4486973620837	-0.417757567256618	1.08060608185846
12.450245705599	-0.417623736877364	1.08094065780659
12.4517944343218	-0.417489906498109	1.08127523375473
12.4533435483959	-0.417356076118855	1.08160980970286
12.4548930479652	-0.4172222457396	1.081944385651
12.4564429331734	-0.417088415360346	1.08227896159914
12.4579932041647	-0.416954584981091	1.08261353754727
12.4595438610831	-0.416820754601837	1.08294811349541
12.4610949040726	-0.416686924222582	1.08328268944354
12.4626463332776	-0.416553093843328	1.08361726539168
12.4641981488422	-0.416419263464073	1.08395184133982
12.4657503509109	-0.416285433084819	1.08428641728795
12.467302939628	-0.416151602705565	1.08462099323609
12.468855915138	-0.41601777232631	1.08495556918422
12.4704092775855	-0.415883941947056	1.08529014513236
12.471963027115	-0.415750111567801	1.0856247210805
12.4735171638715	-0.415616281188547	1.08595929702863
12.4750716879995	-0.415482450809292	1.08629387297677
12.4766265996439	-0.415348620430038	1.08662844892491
12.4781818989497	-0.415214790050783	1.08696302487304
12.4797375860618	-0.415080959671529	1.08729760082118
12.4812936611254	-0.414947129292274	1.08763217676931
12.4828501242855	-0.41481329891302	1.08796675271745
12.4844069756874	-0.414679468533766	1.08830132866559
12.4859642154763	-0.414545638154511	1.08863590461372
12.4875218437976	-0.414411807775257	1.08897048056186
12.4890798607967	-0.414277977396002	1.08930505650999
12.4906382666192	-0.414144147016748	1.08963963245813
12.4921970614105	-0.414010316637493	1.08997420840627
12.4937562453164	-0.413876486258239	1.0903087843544
12.4953158184825	-0.413742655878984	1.09064336030254
12.4968757810547	-0.41360882549973	1.09097793625068
12.4984361331788	-0.413474995120475	1.09131251219881
12.4999968750008	-0.413341164741221	1.09164708814695
12.5015580066666	-0.413207334361966	1.09198166409508
12.5031195283223	-0.413073503982712	1.09231624004322
12.5046814401141	-0.412939673603458	1.09265081599136
12.5062437421883	-0.412805843224203	1.09298539193949
12.5078064346911	-0.412672012844949	1.09331996788763
12.5093695177688	-0.412538182465694	1.09365454383576
12.510932991568	-0.41240435208644	1.0939891197839
12.5124968562352	-0.412270521707185	1.09432369573204
12.5140611119169	-0.412136691327931	1.09465827168017
12.5156257587598	-0.412002860948676	1.09499284762831
12.5171907969107	-0.411869030569422	1.09532742357645
12.5187562265164	-0.411735200190167	1.09566199952458
12.5203220477237	-0.411601369810913	1.09599657547272
12.5218882606797	-0.411467539431658	1.09633115142085
12.5234548655313	-0.411333709052404	1.09666572736899
12.5250218624257	-0.41119987867315	1.09700030331713
12.52658925151	-0.411066048293895	1.09733487926526
12.5281570329315	-0.410932217914641	1.0976694552134
12.5297252068376	-0.410798387535386	1.09800403116153
12.5312937733756	-0.410664557156132	1.09833860710967
12.532862732693	-0.410530726776877	1.09867318305781
12.5344320849373	-0.410396896397623	1.09900775900594
12.5360018302563	-0.410263066018368	1.09934233495408
12.5375719687975	-0.410129235639114	1.09967691090222
12.5391425007088	-0.410000749591398	1.10000449754839
12.540713426138	-0.410022582839415	1.10013549703649
12.542284745233	-0.410044416087432	1.10026649652459
12.5438564581418	-0.410066249335449	1.10039749601269
12.5454285650125	-0.410088082583465	1.10052849550079
12.5470010659932	-0.410109915831482	1.1006594949889
12.5485739612322	-0.410131749079499	1.100790494477
12.5501472508777	-0.410153582327516	1.1009214939651
12.5517209350781	-0.410175415575533	1.1010524934532
12.5532950139819	-0.41019724882355	1.1011834929413
12.5548694877375	-0.410219082071567	1.1013144924294
12.5564443564935	-0.410240915319584	1.1014454919175
12.5580196203987	-0.410262748567601	1.10157649140561
12.5595952796017	-0.410284581815618	1.10170749089371
12.5611713342514	-0.410306415063635	1.10183849038181
12.5627477844966	-0.410328248311652	1.10196948986991
12.5643246304864	-0.410350081559669	1.10210048935801
12.5659018723696	-0.410371914807685	1.10223148884611
12.5674795102956	-0.410393748055702	1.10236248833421
12.5690575444134	-0.410415581303719	1.10249348782232
12.5706359748723	-0.410437414551736	1.10262448731042
12.5722148018217	-0.410459247799753	1.10275548679852
12.5737940254109	-0.41048108104777	1.10288648628662
12.5753736457895	-0.410502914295787	1.10301748577472
12.5769536631069	-0.410524747543804	1.10314848526282
12.578534077513	-0.410546580791821	1.10327948475093
12.5801148891572	-0.410568414039838	1.10341048423903
12.5816960981896	-0.410590247287855	1.10354148372713
12.5832777047598	-0.410612080535872	1.10367248321523
12.5848597090179	-0.410633913783889	1.10380348270333
12.5864421111139	-0.410655747031905	1.10393448219143
12.5880249111978	-0.410677580279922	1.10406548167953
12.5896081094198	-0.410699413527939	1.10419648116764
12.5911917059302	-0.410721246775956	1.10432748065574
12.5927757008793	-0.410743080023973	1.10445848014384
12.5943600944174	-0.41076491327199	1.10458947963194
12.5959448866951	-0.410786746520007	1.10472047912004
12.5975300778628	-0.410808579768024	1.10485147860814
12.5991156680713	-0.410830413016041	1.10498247809625
12.6007016574711	-0.410852246264058	1.10511347758435
12.6022880462131	-0.410874079512075	1.10524447707245
12.6038748344481	-0.410895912760092	1.10537547656055
12.605462022327	-0.410917746008108	1.10550647604865
12.6070496100009	-0.410939579256125	1.10563747553675
12.6086375976208	-0.410961412504142	1.10576847502485
12.6102259853378	-0.410983245752159	1.10589947451296
12.6118147733033	-0.411005079000176	1.10603047400106
12.6134039616684	-0.411026912248193	1.10616147348916
12.6149935505845	-0.41104874549621	1.10629247297726
12.6165835402033	-0.411070578744227	1.10642347246536
12.618173930676	-0.411092411992244	1.10655447195346
12.6197647221544	-0.411114245240261	1.10668547144157
12.6213559147902	-0.411136078488278	1.10681647092967
12.6229475087351	-0.411157911736295	1.10694747041777
12.6245395041409	-0.411179744984312	1.10707846990587
12.6261319011596	-0.411201578232329	1.10720946939397
12.6277246999432	-0.411223411480345	1.10734046888207
12.6293179006436	-0.411245244728362	1.10747146837017
12.6309115034132	-0.411267077976379	1.10760246785828
12.632505508404	-0.411288911224396	1.10773346734638
12.6340999157685	-0.411310744472413	1.10786446683448
12.6356947256589	-0.41133257772043	1.10799546632258
12.6372899382277	-0.411354410968447	1.10812646581068
12.6388855536274	-0.411376244216464	1.10825746529878
12.6404815720107	-0.411398077464481	1.10838846478689
12.6420779935303	-0.411419910712498	1.10851946427499
12.6436748183388	-0.411441743960515	1.10865046376309
12.6452720465892	-0.411463577208532	1.10878146325119
12.6468696784344	-0.411485410456548	1.10891246273929
12.6484677140273	-0.411507243704565	1.10904346222739
12.650066153521	-0.411529076952582	1.10917446171549
12.6516649970686	-0.411550910200599	1.1093054612036
12.6532642448235	-0.411572743448616	1.1094364606917
12.6548638969388	-0.411594576696633	1.1095674601798
12.656463953568	-0.41161640994465	1.1096984596679
12.6580644148645	-0.411638243192667	1.109829459156
12.6596652809819	-0.411660076440684	1.1099604586441
12.6612665520738	-0.411681909688701	1.11009145813221
12.6628682282938	-0.411703742936718	1.11022245762031
12.6644703097957	-0.411725576184735	1.11035345710841
12.6660727967335	-0.411747409432752	1.11048445659651
12.6676756892609	-0.411769242680768	1.11061545608461
12.669278987532	-0.411791075928785	1.11074645557271
12.670882691701	-0.411812909176802	1.11087745506081
12.6724868019218	-0.411834742424819	1.11100845454892
12.6740913183488	-0.411856575672836	1.11113945403702
12.6756962411364	-0.411878408920853	1.11127045352512
12.6773015704388	-0.41190024216887	1.11140145301322
12.6789073064105	-0.411922075416887	1.11153245250132
12.6805134492062	-0.411943908664904	1.11166345198942
12.6821199989804	-0.411965741912921	1.11179445147753
12.6837269558878	-0.411987575160938	1.11192545096563
12.6853343200832	-0.412009408408955	1.11205645045373
12.6869420917215	-0.412031241656972	1.11218744994183
12.6885502709577	-0.412053074904988	1.11231844942993
12.6901588579466	-0.412074908153005	1.11244944891803
12.6917678528435	-0.412096741401022	1.11258044840613
12.6933772558035	-0.412118574649039	1.11271144789424
12.6949870669819	-0.412140407897056	1.11284244738234
12.696597286534	-0.412162241145073	1.11297344687044
12.6982079146152	-0.41218407439309	1.11310444635854
12.699818951381	-0.412205907641107	1.11323544584664
12.701430396987	-0.412227740889124	1.11336644533474
12.7030422515888	-0.412249574137141	1.11349744482285
12.7046545153422	-0.412271407385158	1.11362844431095
12.7062671884029	-0.412293240633175	1.11375944379905
12.7078802709269	-0.412315073881192	1.11389044328715
12.7094937630701	-0.412336907129208	1.11402144277525
12.7111076649886	-0.412358740377225	1.11415244226335
12.7127219768384	-0.412380573625242	1.11428344175145
12.7143366987759	-0.412402406873259	1.11441444123956
12.7159518309572	-0.412424240121276	1.11454544072766
12.7175673735387	-0.412446073369293	1.11467644021576
12.719183326677	-0.41246790661731	1.11480743970386
12.7207996905284	-0.412489739865327	1.11493843919196
12.7224164652496	-0.412511573113344	1.11506943868006
12.7240336509973	-0.412533406361361	1.11520043816817
12.7256512479283	-0.412555239609378	1.11533143765627
12.7272692561993	-0.412577072857395	1.11546243714437
12.7288876759673	-0.412598906105412	1.11559343663247
12.7305065073894	-0.412620739353428	1.11572443612057
12.7321257506225	-0.412642572601445	1.11585543560867
12.7337454058238	-0.412664405849462	1.11598643509677
12.7353654731507	-0.412686239097479	1.11611743458488
12.7369859527603	-0.412708072345496	1.11624843407298
12.7386068448101	-0.412729905593513	1.11637943356108
12.7402281494577	-0.41275173884153	1.11651043304918
12.7418498668604	-0.412773572089547	1.11664143253728
12.743471997176	-0.412795405337564	1.11677243202538
12.7450945405623	-0.412817238585581	1.11690343151349
12.7467174971769	-0.412839071833598	1.11703443100159
12.7483408671778	-0.412860905081615	1.11716543048969
12.749964650723	-0.412882738329632	1.11729642997779
12.7515888479705	-0.412904571577648	1.11742742946589
12.7532134590783	-0.412926404825665	1.11755842895399
12.7548384842048	-0.412948238073682	1.11768942844209
12.7564639235082	-0.412970071321699	1.1178204279302
12.7580897771468	-0.412991904569716	1.1179514274183
12.7597160452791	-0.413013737817733	1.1180824269064
12.7613427280637	-0.41303557106575	1.1182134263945
12.7629698256591	-0.413057404313767	1.1183444258826
12.764597338224	-0.413079237561784	1.1184754253707
12.7662252659173	-0.413101070809801	1.11860642485881
12.7678536088977	-0.413122904057818	1.11873742434691
12.7694823673241	-0.413144737305835	1.11886842383501
12.7711115413557	-0.413166570553851	1.11899942332311
12.7727411311514	-0.413188403801868	1.11913042281121
12.7743711368705	-0.413210237049885	1.11926142229931
12.7760015586722	-0.413232070297902	1.11939242178741
12.7776323967158	-0.413253903545919	1.11952342127552
12.7792636511609	-0.413275736793936	1.11965442076362
12.7808953221668	-0.413297570041953	1.11978542025172
12.7825274098931	-0.41331940328997	1.11991641973982
12.7841599144995	-0.413341236537987	1.12004741922792
12.7857928361458	-0.413363069786004	1.12017841871602
12.7874261749918	-0.413384903034021	1.12030941820412
12.7890599311974	-0.413406736282038	1.12044041769223
12.7906941049226	-0.413428569530055	1.12057141718033
12.7923286963274	-0.413450402778071	1.12070241666843
12.793963705572	-0.413472236026088	1.12083341615653
12.7955991328167	-0.413494069274105	1.12096441564463
12.7972349782217	-0.413515902522122	1.12109541513273
12.7988712419474	-0.413537735770139	1.12122641462084
12.8005079241544	-0.413559569018156	1.12135741410894
12.8021450250032	-0.413581402266173	1.12148841359704
12.8037825446545	-0.41360323551419	1.12161941308514
12.8054204832689	-0.413625068762207	1.12175041257324
12.8070588410073	-0.413646902010224	1.12188141206134
12.8086976180305	-0.413668735258241	1.12201241154944
12.8103368144997	-0.413690568506258	1.12214341103755
12.8119764305757	-0.413712401754275	1.12227441052565
12.8136164664197	-0.413734235002291	1.12240541001375
12.8152569221931	-0.413756068250308	1.12253640950185
12.816897798057	-0.413777901498325	1.12266740898995
12.8185390941728	-0.413799734746342	1.12279840847805
12.8201808107021	-0.413821567994359	1.12292940796616
12.8218229478063	-0.413843401242376	1.12306040745426
12.8234655056472	-0.413865234490393	1.12319140694236
12.8251084843864	-0.41388706773841	1.12332240643046
12.8267518841857	-0.413908900986427	1.12345340591856
12.8283957052071	-0.413930734234444	1.12358440540666
12.8300399476124	-0.413952567482461	1.12371540489476
12.8316846115637	-0.413974400730478	1.12384640438287
12.8333296972233	-0.413996233978495	1.12397740387097
12.8349752047532	-0.414018067226511	1.12410840335907
12.8366211343157	-0.414039900474528	1.12423940284717
12.8382674860734	-0.414061733722545	1.12437040233527
12.8399142601885	-0.414083566970562	1.12450140182337
12.8415614568238	-0.414105400218579	1.12463240131148
12.8432090761417	-0.414127233466596	1.12476340079958
12.8448571183051	-0.414149066714613	1.12489440028768
12.8465055834767	-0.41417089996263	1.12502539977578
12.8481544718194	-0.414192733210647	1.12515639926388
12.8498037834962	-0.414214566458664	1.12528739875198
12.8514535186701	-0.414236399706681	1.12541839824008
12.8531036775043	-0.414258232954698	1.12554939772819
12.854754260162	-0.414280066202715	1.12568039721629
12.8564052668064	-0.414301899450731	1.12581139670439
12.858056697601	-0.414323732698748	1.12594239619249
12.8597085527092	-0.414345565946765	1.12607339568059
12.8613608322947	-0.414367399194782	1.12620439516869
12.8630135365209	-0.414389232442799	1.1263353946568
12.8646666655517	-0.414411065690816	1.1264663941449
12.8663202195509	-0.414432898938833	1.126597393633
12.8679741986823	-0.41445473218685	1.1267283931211
12.8696286031099	-0.414476565434867	1.1268593926092
12.8712834329978	-0.414498398682884	1.1269903920973
12.8729386885102	-0.414520231930901	1.1271213915854
12.8745943698111	-0.414542065178918	1.12725239107351
12.8762504770651	-0.414563898426935	1.12738339056161
12.8779070104364	-0.414585731674951	1.12751439004971
12.8795639700895	-0.414607564922968	1.12764538953781
12.8812213561891	-0.414629398170985	1.12777638902591
12.8828791688997	-0.414651231419002	1.12790738851401
12.8845374083861	-0.414673064667019	1.12803838800212
12.8861960748131	-0.414694897915036	1.12816938749022
12.8878551683457	-0.414716731163053	1.12830038697832
12.8895146891487	-0.41473856441107	1.12843138646642
12.8911746373874	-0.414760397659087	1.12856238595452
12.8928350132268	-0.414782230907104	1.12869338544262
12.8944958168321	-0.414804064155121	1.12882438493072
12.8961570483688	-0.414825897403138	1.12895538441883
12.8978187080023	-0.414847730651154	1.12908638390693
12.899480795898	-0.414869563899171	1.12921738339503
12.9011433122215	-0.414891397147188	1.12934838288313
12.9028062571385	-0.414913230395205	1.12947938237123
12.9044696308147	-0.414935063643222	1.12961038185933
12.9061334334161	-0.414956896891239	1.12974138134744
12.9077976651085	-0.414978730139256	1.12987238083554
12.9094623260579	-0.415000563387273	1.13000338032364
12.9111274164305	-0.41502239663529	1.13013437981174
12.9127929363924	-0.415044229883307	1.13026537929984
12.9144588861098	-0.415066063131324	1.13039637878794
12.9161252657493	-0.415087896379341	1.13052737827604
12.9177920754771	-0.415109729627358	1.13065837776415
12.9194593154599	-0.415131562875375	1.13078937725225
12.9211269858642	-0.415153396123391	1.13092037674035
12.9227950868567	-0.415175229371408	1.13105137622845
12.9244636186043	-0.415197062619425	1.13118237571655
12.9261325812737	-0.415218895867442	1.13131337520465
12.927801975032	-0.415240729115459	1.13144437469276
12.9294718000462	-0.415262562363476	1.13157537418086
12.9311420564835	-0.415284395611493	1.13170637366896
12.932812744511	-0.41530622885951	1.13183737315706
12.9344838642961	-0.415328062107527	1.13196837264516
12.9361554160061	-0.415349895355544	1.13209937213326
12.9378273998085	-0.415371728603561	1.13223037162136
12.9394998158709	-0.415393561851578	1.13236137110947
12.941172664361	-0.415415395099594	1.13249237059757
12.9428459454464	-0.415437228347611	1.13262337008567
12.9445196592951	-0.415459061595628	1.13275436957377
12.9461938060748	-0.415480894843645	1.13288536906187
12.9478683859537	-0.415502728091662	1.13301636854997
12.9495433990998	-0.415524561339679	1.13314736803808
12.9512188456812	-0.415546394587696	1.13327836752618
12.9528947258662	-0.415568227835713	1.13340936701428
12.9545710398233	-0.41559006108373	1.13354036650238
12.9562477877207	-0.415611894331747	1.13367136599048
12.9579249697271	-0.415633727579764	1.13380236547858
12.9596025860109	-0.415655560827781	1.13393336496668
12.9612806367411	-0.415677394075798	1.13406436445479
12.9629591220862	-0.415699227323814	1.13419536394289
12.9646380422152	-0.415721060571831	1.13432636343099
12.966317397297	-0.415742893819848	1.13445736291909
12.9679971875008	-0.415764727067865	1.13458836240719
12.9696774129955	-0.415786560315882	1.13471936189529
12.9713580739505	-0.415808393563899	1.1348503613834
12.973039170535	-0.415830226811916	1.1349813608715
12.9747207029185	-0.415852060059933	1.1351123603596
12.9764026712704	-0.41587389330795	1.1352433598477
12.9780850757602	-0.415895726555967	1.1353743593358
12.9797679165577	-0.415917559803984	1.1355053588239
12.9814511938327	-0.415939393052001	1.135636358312
12.9831349077548	-0.415961226300018	1.13576735780011
12.9848190584941	-0.415983059548034	1.13589835728821
12.9865036462206	-0.416004892796051	1.13602935677631
12.9881886711044	-0.416026726044068	1.13616035626441
12.9898741333156	-0.416048559292085	1.13629135575251
12.9915600330245	-0.416070392540102	1.13642235524061
12.9932463704016	-0.416092225788119	1.13655335472872
12.9949331456172	-0.416114059036136	1.13668435421682
12.9966203588419	-0.416135892284153	1.13681535370492
12.9983080102463	-0.41615772553217	1.13694635319302
12.9999961000012	-0.416179558780187	1.13707735268112
13.0016846282773	-0.416201392028204	1.13720835216922
13.0033735952456	-0.416223225276221	1.13733935165732
13.005063001077	-0.416245058524238	1.13747035114543
13.0067528459426	-0.416266891772254	1.13760135063353
13.0084431300135	-0.416288725020271	1.13773235012163
13.0101338534611	-0.416310558268288	1.13786334960973
13.0118250164567	-0.416332391516305	1.13799434909783
13.0135166191717	-0.416354224764322	1.13812534858593
13.0152086617775	-0.416376058012339	1.13825634807404
13.016901144446	-0.416397891260356	1.13838734756214
13.0185940673486	-0.416419724508373	1.13851834705024
13.0202874306572	-0.41644155775639	1.13864934653834
13.0219812345437	-0.416463391004407	1.13878034602644
13.0236754791801	-0.416485224252424	1.13891134551454
13.0253701647384	-0.416507057500441	1.13904234500264
13.0270652913907	-0.416528890748458	1.13917334449075
13.0287608593093	-0.416550723996474	1.13930434397885
13.0304568686665	-0.416572557244491	1.13943534346695
13.0321533196348	-0.416594390492508	1.13956634295505
13.0338502123866	-0.416616223740525	1.13969734244315
13.0355475470945	-0.416638056988542	1.13982834193125
13.0372453239312	-0.416659890236559	1.13995934141935
13.0389435430695	-0.416681723484576	1.14009034090746
13.0406422046823	-0.416703556732593	1.14022134039556
13.0423413089424	-0.41672538998061	1.14035233988366
13.044040856023	-0.416747223228627	1.14048333937176
13.0457408460972	-0.416769056476644	1.14061433885986
13.0474412793382	-0.416790889724661	1.14074533834796
13.0491421559192	-0.416812722972678	1.14087633783607
13.0508434760139	-0.416834556220694	1.14100733732417
13.0525452397955	-0.416856389468711	1.14113833681227
13.0542474474377	-0.416878222716728	1.14126933630037
13.0559500991142	-0.416900055964745	1.14140033578847
13.0576531949988	-0.416921889212762	1.14153133527657
13.0593567352653	-0.416943722460779	1.14166233476467
13.0610607200876	-0.416965555708796	1.14179333425278
13.0627651496399	-0.416987388956813	1.14192433374088
13.0644700240961	-0.41700922220483	1.14205533322898
13.0661753436306	-0.417031055452847	1.14218633271708
13.0678811084177	-0.417052888700864	1.14231733220518
13.0695873186317	-0.417074721948881	1.14244833169328
13.0712939744472	-0.417096555196898	1.14257933118139
13.0730010760387	-0.417118388444914	1.14271033066949
13.074708623581	-0.417140221692931	1.14284133015759
13.0764166172487	-0.417162054940948	1.14297232964569
13.0781250572168	-0.417183888188965	1.14310332913379
13.0798339436602	-0.417205721436982	1.14323432862189
13.0815432767539	-0.417227554684999	1.14336532810999
13.0832530566731	-0.417249387933016	1.1434963275981
13.084963283593	-0.417271221181033	1.1436273270862
13.086673957689	-0.41729305442905	1.1437583265743
13.0883850791363	-0.417314887677067	1.1438893260624
13.0900966481106	-0.417336720925084	1.1440203255505
13.0918086647874	-0.417358554173101	1.1441513250386
13.0935211293424	-0.417380387421117	1.14428232452671
13.0952340419514	-0.417402220669134	1.14441332401481
13.0969474027902	-0.417424053917151	1.14454432350291
13.0986612120348	-0.417445887165168	1.14467532299101
13.1003754698613	-0.417467720413185	1.14480632247911
13.1020901764459	-0.417489553661202	1.14493732196721
13.1038053319646	-0.417511386909219	1.14506832145531
13.1055209365939	-0.417533220157236	1.14519932094342
13.1072369905102	-0.417555053405253	1.14533032043152
13.1089534938901	-0.41757688665327	1.14546131991962
13.11067044691	-0.417598719901287	1.14559231940772
13.1123878497467	-0.417620553149304	1.14572331889582
13.1141057025771	-0.417642386397321	1.14585431838392
13.1158240055779	-0.417664219645338	1.14598531787203
13.1175427589262	-0.417686052893354	1.14611631736013
13.119261962799	-0.417707886141371	1.14624731684823
13.1209816173735	-0.417729719389388	1.14637831633633
13.122701722827	-0.417751552637405	1.14650931582443
13.1244222793368	-0.417773385885422	1.14664031531253
13.1261432870803	-0.417795219133439	1.14677131480063
13.1278647462351	-0.417817052381456	1.14690231428874
13.1295866569788	-0.417838885629473	1.14703331377684
13.1313090194891	-0.41786071887749	1.14716431326494
13.1330318339438	-0.417882552125507	1.14729531275304
13.1347551005209	-0.417904385373524	1.14742631224114
13.1364788193984	-0.417926218621541	1.14755731172924
13.1382029907543	-0.417948051869557	1.14768831121735
13.1399276147668	-0.417969885117574	1.14781931070545
13.1416526916142	-0.417991718365591	1.14795031019355
13.1433782214749	-0.418013551613608	1.14808130968165
13.1451042045273	-0.418035384861625	1.14821230916975
13.1468306409501	-0.418057218109642	1.14834330865785
13.1485575309218	-0.418079051357659	1.14847430814595
13.1502848746212	-0.418100884605676	1.14860530763406
13.1520126722273	-0.418122717853693	1.14873630712216
13.1537409239188	-0.41814455110171	1.14886730661026
13.1554696298748	-0.418166384349727	1.14899830609836
13.1571987902745	-0.418188217597744	1.14912930558646
13.1589284052971	-0.418210050845761	1.14926030507456
13.1606584751219	-0.418231884093777	1.14939130456267
13.1623889999283	-0.418253717341794	1.14952230405077
13.1641199798958	-0.418275550589811	1.14965330353887
13.165851415204	-0.418297383837828	1.14978430302697
13.1675833060325	-0.418319217085845	1.14991530251507
13.1693156525613	-0.418341050333862	1.15004630200317
13.1710484549702	-0.418362883581879	1.15017730149127
13.172781713439	-0.418384716829896	1.15030830097938
13.174515428148	-0.418406550077913	1.15043930046748
13.1762495992773	-0.41842838332593	1.15057029995558
13.1779842270071	-0.418450216573947	1.15070129944368
13.1797193115178	-0.418472049821964	1.15083229893178
13.1814548529899	-0.418493883069981	1.15096329841988
13.1831908516038	-0.418515716317997	1.15109429790799
13.1849273075403	-0.418537549566014	1.15122529739609
13.18666422098	-0.418559382814031	1.15135629688419
13.1884015921038	-0.418581216062048	1.15148729637229
13.1901394210927	-0.418603049310065	1.15161829586039
13.1918777081276	-0.418624882558082	1.15174929534849
13.1936164533897	-0.418646715806099	1.15188029483659
13.1953556570601	-0.418668549054116	1.1520112943247
13.1970953193202	-0.418690382302133	1.1521422938128
13.1988354403514	-0.41871221555015	1.1522732933009
13.2005760203352	-0.418734048798167	1.152404292789
13.2023170594532	-0.418755882046184	1.1525352922771
13.2040585578871	-0.418777715294201	1.1526662917652
13.2058005158186	-0.418799548542217	1.15279729125331
13.2075429334296	-0.418821381790234	1.15292829074141
13.2092858109022	-0.418843215038251	1.15305929022951
13.2110291484184	-0.418865048286268	1.15319028971761
13.2127729461603	-0.418886881534285	1.15332128920571
13.2145172043103	-0.418908714782302	1.15345228869381
13.2162619230507	-0.418930548030319	1.15358328818191
13.2180071025639	-0.418952381278336	1.15371428767002
13.2197527430326	-0.418974214526353	1.15384528715812
13.2214988446393	-0.41899604777437	1.15397628664622
13.2232454075669	-0.419017881022387	1.15410728613432
13.2249924319981	-0.419039714270404	1.15423828562242
13.2267399181159	-0.419061547518421	1.15436928511052
13.2284878661034	-0.419083380766437	1.15450028459863
13.2302362761436	-0.419105214014454	1.15463128408673
13.2319851484199	-0.419127047262471	1.15476228357483
13.2337344831155	-0.419148880510488	1.15489328306293
13.2354842804139	-0.419170713758505	1.15502428255103
13.2372345404985	-0.419192547006522	1.15515528203913
13.2389852635531	-0.419214380254539	1.15528628152723
13.2407364497613	-0.419236213502556	1.15541728101534
13.242488099307	-0.419258046750573	1.15554828050344
13.244240212374	-0.41927987999859	1.15567927999154
13.2459927891464	-0.419301713246607	1.15581027947964
13.2477458298083	-0.419323546494624	1.15594127896774
13.2494993345439	-0.419345379742641	1.15607227845584
13.2512533035375	-0.419367212990657	1.15620327794395
13.2530077369734	-0.419389046238674	1.15633427743205
13.2547626350362	-0.419410879486691	1.15646527692015
13.2565179979105	-0.419432712734708	1.15659627640825
13.258273825781	-0.419454545982725	1.15672727589635
13.2600301188324	-0.419476379230742	1.15685827538445
13.2617868772497	-0.419498212478759	1.15698927487255
13.2635441012178	-0.419520045726776	1.15712027436066
13.2653017909219	-0.419541878974793	1.15725127384876
13.267059946547	-0.41956371222281	1.15738227333686
13.2688185682786	-0.419585545470827	1.15751327282496
13.2705776563019	-0.419607378718844	1.15764427231306
13.2723372108024	-0.41962921196686	1.15777527180116
13.2740972319658	-0.419651045214877	1.15790627128927
13.2758577199776	-0.419672878462894	1.15803727077737
13.2776186750238	-0.419694711710911	1.15816827026547
13.2793800972901	-0.419716544958928	1.15829926975357
13.2811419869624	-0.419738378206945	1.15843026924167
13.282904344227	-0.419760211454962	1.15856126872977
13.2846671692699	-0.419782044702979	1.15869226821787
13.2864304622774	-0.419803877950996	1.15882326770598
13.2881942234359	-0.419825711199013	1.15895426719408
13.2899584529319	-0.41984754444703	1.15908526668218
13.2917231509518	-0.419869377695047	1.15921626617028
13.2934883176825	-0.419891210943064	1.15934726565838
13.2952539533105	-0.41991304419108	1.15947826514648
13.2970200580229	-0.419934877439097	1.15960926463459
13.2987866320065	-0.419956710687114	1.15974026412269
13.3005536754484	-0.419978543935131	1.15987126361079
13.3023211885358	-0.42000174389568	1.1600087194784
13.3040891714559	-0.420102689303993	1.16051344651997
13.3058576243961	-0.420203634712306	1.16101817356153
13.3076265475439	-0.420304580120619	1.1615229006031
13.3093959410868	-0.420405525528932	1.16202762764466
13.3111658052124	-0.420506470937245	1.16253235468623
13.3129361401085	-0.420607416345558	1.16303708172779
13.3147069459631	-0.420708361753871	1.16354180876936
13.3164782229639	-0.420809307162184	1.16404653581092
13.3182499712992	-0.420910252570497	1.16455126285249
13.320022191157	-0.42101119797881	1.16505598989405
13.3217948827256	-0.421112143387123	1.16556071693562
13.3235680461933	-0.421213088795436	1.16606544397718
13.3253416817487	-0.421314034203749	1.16657017101875
13.3271157895803	-0.421414979612062	1.16707489806031
13.3288903698767	-0.421515925020375	1.16757962510187
13.3306654228267	-0.421616870428688	1.16808435214344
13.3324409486192	-0.421717815837001	1.168589079185
13.3342169474431	-0.421818761245314	1.16909380622657
13.3359934194874	-0.421919706653627	1.16959853326813
13.3377703649414	-0.42202065206194	1.1701032603097
13.3395477839943	-0.422121597470253	1.17060798735126
13.3413256768355	-0.422222542878565	1.17111271439283
13.3431040436544	-0.422323488286878	1.17161744143439
13.3448828846406	-0.422424433695191	1.17212216847596
13.3466621999837	-0.422525379103504	1.17262689551752
13.3484419898736	-0.422626324511817	1.17313162255909
13.3502222545001	-0.42272726992013	1.17363634960065
13.3520029940532	-0.422828215328443	1.17414107664222
13.3537842087229	-0.422929160736756	1.17464580368378
13.3555658986994	-0.423030106145069	1.17515053072535
13.357348064173	-0.423131051553382	1.17565525776691
13.359130705334	-0.423231996961695	1.17615998480848
13.3609138223731	-0.423332942370008	1.17666471185004
13.3626974154806	-0.423433887778321	1.17716943889161
13.3644814848474	-0.423534833186634	1.17767416593317
13.3662660306641	-0.423635778594947	1.17817889297473
13.3680510531217	-0.42373672400326	1.1786836200163
13.3698365524112	-0.423837669411573	1.17918834705786
13.3716225287236	-0.423938614819886	1.17969307409943
13.3734089822501	-0.424039560228199	1.18019780114099
13.3751959131821	-0.424140505636512	1.18070252818256
13.376983321711	-0.424241451044825	1.18120725522412
13.3787712080281	-0.424342396453138	1.18171198226569
13.3805595723252	-0.424443341861451	1.18221670930725
13.3823484147939	-0.424544287269764	1.18272143634882
13.3841377356261	-0.424645232678076	1.18322616339038
13.3859275350136	-0.424746178086389	1.18373089043195
13.3877178131484	-0.424847123494702	1.18423561747351
13.3895085702228	-0.424948068903015	1.18474034451508
13.3912998064288	-0.425049014311328	1.18524507155664
13.3930915219588	-0.425149959719641	1.18574979859821
13.3948837170052	-0.425250905127954	1.18625452563977
13.3966763917606	-0.425351850536267	1.18675925268134
13.3984695464176	-0.42545279594458	1.1872639797229
13.4002631811689	-0.425553741352893	1.18776870676447
13.4020572962073	-0.425654686761206	1.18827343380603
13.4038518917258	-0.425755632169519	1.1887781608476
13.4056469679175	-0.425856577577832	1.18928288788916
13.4074425249754	-0.425957522986145	1.18978761493073
13.4092385630928	-0.426058468394458	1.19029234197229
13.4110350824631	-0.426159413802771	1.19079706901385
13.4128320832797	-0.426260359211084	1.19130179605542
13.4146295657362	-0.426361304619397	1.19180652309698
13.4164275300263	-0.42646225002771	1.19231125013855
13.4182259763437	-0.426563195436023	1.19281597718011
13.4200249048822	-0.426664140844336	1.19332070422168
13.4218243158359	-0.426765086252649	1.19382543126324
13.4236242093989	-0.426866031660962	1.19433015830481
13.4254245857652	-0.426966977069275	1.19483488534637
13.4272254451293	-0.427067922477588	1.19533961238794
13.4290267876855	-0.427168867885901	1.1958443394295
13.4308286136282	-0.427269813294213	1.19634906647107
13.4326309231522	-0.427370758702526	1.19685379351263
13.434433716452	-0.427471704110839	1.1973585205542
13.4362369937226	-0.427572649519152	1.19786324759576
13.4380407551588	-0.427673594927465	1.19836797463733
13.4398450009556	-0.427774540335778	1.19887270167889
13.4416497313081	-0.427875485744091	1.19937742872046
13.4434549464117	-0.427976431152404	1.19988215576202
13.4452606464616	-0.428077376560717	1.20038688280359
13.4470668316532	-0.42817832196903	1.20089160984515
13.4488735021822	-0.428279267377343	1.20139633688672
13.450680658244	-0.428380212785656	1.20190106392828
13.4524883000346	-0.428481158193969	1.20240579096985
13.4542964277498	-0.428582103602282	1.20291051801141
13.4561050415854	-0.428683049010595	1.20341524505297
13.4579141417377	-0.428783994418908	1.20391997209454
13.4597237284027	-0.428884939827221	1.2044246991361
13.4615338017768	-0.428985885235534	1.20492942617767
13.4633443620563	-0.429086830643847	1.20543415321923
13.4651554094377	-0.42918777605216	1.2059388802608
13.4669669441176	-0.429288721460473	1.20644360730236
13.4687789662928	-0.429389666868786	1.20694833434393
13.47059147616	-0.429490612277099	1.20745306138549
13.4724044739161	-0.429591557685411	1.20795778842706
13.4742179597582	-0.429692503093724	1.20846251546862
13.4760319338834	-0.429793448502037	1.20896724251019
13.4778463964889	-0.42989439391035	1.20947196955175
13.479661347772	-0.429995339318663	1.20997669659332
13.4814767879303	-0.430113108051699	1.21008483103877
13.4832927171612	-0.43023169112111	1.21017376834083
13.4851091356625	-0.430350274190522	1.21026270564289
13.4869260436318	-0.430468857259933	1.21035164294495
13.4887434412671	-0.430587440329344	1.21044058024701
13.4905613287663	-0.430706023398755	1.21052951754907
13.4923797063276	-0.430824606468166	1.21061845485113
13.494198574149	-0.430943189537578	1.21070739215318
13.496017932429	-0.431061772606989	1.21079632945524
13.4978377813658	-0.4311803556764	1.2108852667573
13.4996581211581	-0.431298938745811	1.21097420405936
13.5014789520044	-0.431417521815223	1.21106314136142
13.5033002741035	-0.431536104884634	1.21115207866348
13.5051220876542	-0.431654687954045	1.21124101596553
13.5069443928554	-0.431773271023456	1.21132995326759
13.5087671899063	-0.431891854092867	1.21141889056965
13.5105904790058	-0.432010437162278	1.21150782787171
13.5124142603534	-0.43212902023169	1.21159676517377
13.5142385341484	-0.432247603301101	1.21168570247583
13.5160633005902	-0.432366186370512	1.21177463977788
13.5178885598785	-0.432484769439923	1.21186357707994
13.5197143122129	-0.432603352509335	1.211952514382
13.5215405577933	-0.432721935578746	1.21204145168406
13.5233672968195	-0.432840518648157	1.21213038898612
13.5251945294916	-0.432959101717568	1.21221932628818
13.5270222560097	-0.433077684786979	1.21230826359023
13.5288504765741	-0.433196267856391	1.21239720089229
13.530679191385	-0.433314850925802	1.21248613819435
13.5325084006429	-0.433433433995213	1.21257507549641
13.5343381045484	-0.433552017064624	1.21266401279847
13.5361683033022	-0.433670600134035	1.21275295010053
13.537998997105	-0.433789183203447	1.21284188740259
13.5398301861578	-0.433907766272858	1.21293082470464
13.5416618706614	-0.434026349342269	1.2130197620067
13.5434940508171	-0.43414493241168	1.21310869930876
13.545326726826	-0.434263515481091	1.21319763661082
13.5471598988894	-0.434382098550503	1.21328657391288
13.5489935672088	-0.434500681619914	1.21337551121494
13.5508277319858	-0.434619264689325	1.21346444851699
13.5526623934219	-0.434737847758736	1.21355338581905
13.5544975517189	-0.434856430828147	1.21364232312111
13.5563332070787	-0.434975013897558	1.21373126042317
13.5581693597033	-0.43509359696697	1.21382019772523
13.5600060097947	-0.435212180036381	1.21390913502729
13.5618431575551	-0.435330763105792	1.21399807232934
13.5636808031869	-0.435449346175203	1.2140870096314
13.5655189468925	-0.435567929244615	1.21417594693346
13.5673575888743	-0.435686512314026	1.21426488423552
13.5691967293351	-0.435805095383437	1.21435382153758
13.5710363684775	-0.435923678452848	1.21444275883964
13.5728765065045	-0.436042261522259	1.21453169614169
13.5747171436189	-0.436160844591671	1.21462063344375
13.5765582800238	-0.436279427661082	1.21470957074581
13.5783999159225	-0.436398010730493	1.21479850804787
13.5802420515183	-0.436516593799904	1.21488744534993
13.5820846870144	-0.436635176869315	1.21497638265199
13.5839278226146	-0.436753759938727	1.21506531995405
13.5857714585222	-0.436872343008138	1.2151542572561
13.5876155949412	-0.436990926077549	1.21524319455816
13.5894602320754	-0.43710950914696	1.21533213186022
13.5913053701286	-0.437228092216371	1.21542106916228
13.5931510093051	-0.437346675285783	1.21551000646434
13.5949971498089	-0.437465258355194	1.2155989437664
13.5968437918443	-0.437583841424605	1.21568788106845
13.5986909356158	-0.437702424494016	1.21577681837051
13.6005385813278	-0.437821007563427	1.21586575567257
13.6023867291851	-0.437939590632839	1.21595469297463
13.6042353793922	-0.43805817370225	1.21604363027669
13.6060845321541	-0.438176756771661	1.21613256757875
13.6079341876757	-0.438295339841072	1.2162215048808
13.6097843461621	-0.438413922910483	1.21631044218286
13.6116350078185	-0.438532505979895	1.21639937948492
13.6134861728502	-0.438651089049306	1.21648831678698
13.6153378414625	-0.438769672118717	1.21657725408904
13.6171900138609	-0.438888255188128	1.2166661913911
13.6190426902512	-0.439006838257539	1.21675512869315
13.620895870839	-0.439125421326951	1.21684406599521
13.6227495558303	-0.439244004396362	1.21693300329727
13.6246037454308	-0.439362587465773	1.21702194059933
13.6264584398468	-0.439481170535184	1.21711087790139
13.6283136392844	-0.439599753604595	1.21719981520345
13.63016934395	-0.439718336674007	1.21728875250551
13.6320255540498	-0.439836919743418	1.21737768980756
13.6338822697905	-0.439955502812829	1.21746662710962
13.6357394913787	-0.44007408588224	1.21755556441168
13.6375972190212	-0.440192668951651	1.21764450171374
13.6394554529247	-0.440311252021063	1.2177334390158
13.6413141932963	-0.440429835090474	1.21782237631786
13.6431734403431	-0.440548418159885	1.21791131361991
13.6450331942723	-0.440667001229296	1.21800025092197
13.6468934552911	-0.440785584298707	1.21808918822403
13.648754223607	-0.440904167368119	1.21817812552609
13.6506154994276	-0.44102275043753	1.21826706282815
13.6524772829604	-0.441141333506941	1.21835600013021
13.6543395744134	-0.441259916576352	1.21844493743226
13.6562023739942	-0.441378499645763	1.21853387473432
13.658065681911	-0.441497082715175	1.21862281203638
13.6599294983719	-0.441615665784586	1.21871174933844
13.661793823585	-0.441734248853997	1.2188006866405
13.6636586577587	-0.441852831923408	1.21888962394256
13.6655240011014	-0.441971414992819	1.21897856124461
13.6673898538218	-0.442089998062231	1.21906749854667
13.6692562161284	-0.442208581131642	1.21915643584873
13.6711230882302	-0.442327164201053	1.21924537315079
13.6729904703358	-0.442445747270464	1.21933431045285
13.6748583626545	-0.442564330339876	1.21942324775491
13.6767267653953	-0.442682913409287	1.21951218505697
13.6785956787675	-0.442801496478698	1.21960112235902
13.6804651029804	-0.442920079548109	1.21969005966108
13.6823350382435	-0.44303866261752	1.21977899696314
13.6842054847664	-0.443157245686931	1.2198679342652
13.6860764427588	-0.443275828756343	1.21995687156726
13.6879479124305	-0.443394411825754	1.22004580886932
13.6898198939915	-0.443512994895165	1.22013474617137
13.6916923876518	-0.443631577964576	1.22022368347343
13.6935653936215	-0.443750161033988	1.22031262077549
13.695438912111	-0.443868744103399	1.22040155807755
13.6973129433307	-0.44398732717281	1.22049049537961
13.6991874874909	-0.444105910242221	1.22057943268167
13.7010625448025	-0.444224493311632	1.22066836998372
13.702938115476	-0.444343076381044	1.22075730728578
13.7048141997225	-0.444461659450455	1.22084624458784
13.7066907977527	-0.444580242519866	1.2209351818899
13.7085679097779	-0.444698825589277	1.22102411919196
13.7104455360092	-0.444817408658688	1.22111305649402
13.7123236766579	-0.4449359917281	1.22120199379607
13.7142023319355	-0.445054574797511	1.22129093109813
13.7160815020536	-0.445173157866922	1.22137986840019
13.7179611872237	-0.445291740936333	1.22146880570225
13.7198413876577	-0.445410324005744	1.22155774300431
13.7217221035674	-0.445528907075156	1.22164668030637
13.723603335165	-0.445647490144567	1.22173561760843
13.7254850826624	-0.445766073213978	1.22182455491048
13.727367346272	-0.445884656283389	1.22191349221254
13.7292501262061	-0.4460032393528	1.2220024295146
13.7311334226772	-0.446121822422211	1.22209136681666
13.7330172358979	-0.446240405491623	1.22218030411872
13.7349015660809	-0.446358988561034	1.22226924142078
13.7367864134391	-0.446477571630445	1.22235817872283
13.7386717781853	-0.446596154699856	1.22244711602489
13.7405576605327	-0.446714737769268	1.22253605332695
13.7424440606943	-0.446833320838679	1.22262499062901
13.7443309788836	-0.44695190390809	1.22271392793107
13.746218415314	-0.447070486977501	1.22280286523313
13.7481063701988	-0.447189070046912	1.22289180253518
13.7499948437519	-0.447307653116324	1.22298073983724
13.751883836187	-0.447426236185735	1.2230696771393
13.7537733477179	-0.447544819255146	1.22315861444136
13.7556633785587	-0.447663402324557	1.22324755174342
13.7575539289235	-0.447781985393968	1.22333648904548
13.7594449990265	-0.44790056846338	1.22342542634753
13.7613365890821	-0.448019151532791	1.22351436364959
13.7632286993047	-0.448137734602202	1.22360330095165
13.7651213299089	-0.448256317671613	1.22369223825371
13.7670144811095	-0.448374900741024	1.22378117555577
13.7689081531213	-0.448493483810436	1.22387011285783
13.7708023461591	-0.448612066879847	1.22395905015989
13.7726970604382	-0.448730649949258	1.22404798746194
13.7745922961736	-0.448849233018669	1.224136924764
13.7764880535806	-0.44896781608808	1.22422586206606
13.7783843328747	-0.449086399157492	1.22431479936812
13.7802811342715	-0.449204982226903	1.22440373667018
13.7821784579865	-0.449323565296314	1.22449267397224
13.7840763042355	-0.449442148365725	1.22458161127429
13.7859746732345	-0.449560731435136	1.22467054857635
13.7878735651994	-0.449679314504548	1.22475948587841
13.7897729803464	-0.449797897573959	1.22484842318047
13.7916729188917	-0.44991648064337	1.22493736048253
13.7935733810517	-0.450035063712781	1.22502629778459
13.7954743670429	-0.450153646782192	1.22511523508664
13.7973758770819	-0.450272229851604	1.2252041723887
13.7992779113855	-0.450390812921015	1.22529310969076
13.8011804701703	-0.450509395990426	1.22538204699282
13.8030835536536	-0.450627979059837	1.22547098429488
13.8049871620522	-0.450746562129248	1.22555992159694
13.8068912955835	-0.45086514519866	1.22564885889899
13.8087959544647	-0.450983728268071	1.22573779620105
13.8107011389133	-0.451102311337482	1.22582673350311
13.8126068491469	-0.451220894406893	1.22591567080517
13.8145130853831	-0.451339477476304	1.22600460810723
13.8164198478398	-0.451458060545716	1.22609354540929
13.8183271367348	-0.451576643615127	1.22618248271135
13.8202349522863	-0.451695226684538	1.2262714200134
13.8221432947124	-0.451813809753949	1.22636035731546
13.8240521642314	-0.45193239282336	1.22644929461752
13.8259615610617	-0.452050975892772	1.22653823191958
13.8278714854218	-0.452169558962183	1.22662716922164
13.8297819375303	-0.452288142031594	1.2267161065237
13.8316929176061	-0.452406725101005	1.22680504382575
13.8336044258681	-0.452525308170416	1.22689398112781
13.8355164625352	-0.452643891239828	1.22698291842987
13.8374290278265	-0.452762474309239	1.22707185573193
13.8393421219614	-0.45288105737865	1.22716079303399
13.8412557451592	-0.452999640448061	1.22724973033605
13.8431698976395	-0.453118223517472	1.2273386676381
13.8450845796217	-0.453236806586884	1.22742760494016
13.8469997913257	-0.453355389656295	1.22751654224222
13.8489155329714	-0.453473972725706	1.22760547954428
13.8508318047786	-0.453592555795117	1.22769441684634
13.8527486069676	-0.453711138864529	1.2277833541484
13.8546659397585	-0.45382972193394	1.22787229145045
13.8565838033718	-0.453948305003351	1.22796122875251
13.8585021980277	-0.454066888072762	1.22805016605457
13.8604211239471	-0.454185471142173	1.22813910335663
13.8623405813505	-0.454304054211584	1.22822804065869
13.8642605704589	-0.454422637280996	1.22831697796075
13.8661810914931	-0.454541220350407	1.22840591526281
13.8681021446743	-0.454659803419818	1.22849485256486
13.8700237302236	-0.454778386489229	1.22858378986692
13.8719458483624	-0.454896969558641	1.22867272716898
13.8738684993122	-0.455015552628052	1.22876166447104
13.8757916832945	-0.455134135697463	1.2288506017731
13.877715400531	-0.455252718766874	1.22893953907516
13.8796396512435	-0.455371301836285	1.22902847637721
13.881564435654	-0.455489884905697	1.22911741367927
13.8834897539846	-0.455608467975108	1.22920635098133
13.8854156064573	-0.455727051044519	1.22929528828339
13.8873419932946	-0.45584563411393	1.22938422558545
13.8892689147189	-0.455964217183341	1.22947316288751
13.8911963709527	-0.456082800252752	1.22956210018956
13.8931243622188	-0.456201383322164	1.22965103749162
13.8950528887398	-0.456319966391575	1.22973997479368
13.8969819507388	-0.456438549460986	1.22982891209574
13.8989115484388	-0.456557132530397	1.2299178493978
13.900841682063	-0.456675715599809	1.23000678669986
13.9027723518347	-0.45679429866922	1.23009572400192
13.9047035579773	-0.456912881738631	1.23018466130397
13.9066353007143	-0.457031464808042	1.23027359860603
13.9085675802695	-0.457150047877453	1.23036253590809
13.9105003968666	-0.457268630946864	1.23045147321015
13.9124337507295	-0.457387214016276	1.23054041051221
13.9143676420824	-0.457505797085687	1.23062934781427
13.9163020711493	-0.457624380155098	1.23071828511632
13.9182370381546	-0.457742963224509	1.23080722241838
13.9201725433227	-0.457861546293921	1.23089615972044
13.9221085868781	-0.457980129363332	1.2309850970225
13.9240451690456	-0.458098712432743	1.23107403432456
13.9259822900498	-0.458217295502154	1.23116297162662
13.9279199501158	-0.458335878571565	1.23125190892867
13.9298581494685	-0.458454461640977	1.23134084623073
13.9317968883332	-0.458573044710388	1.23142978353279
13.9337361669351	-0.458691627779799	1.23151872083485
13.9356759854997	-0.45881021084921	1.23160765813691
13.9376163442524	-0.458928793918621	1.23169659543897
13.9395572434191	-0.459047376988032	1.23178553274102
13.9414986832255	-0.459165960057444	1.23187447004308
13.9434406638974	-0.459284543126855	1.23196340734514
13.945383185661	-0.459403126196266	1.2320523446472
13.9473262487425	-0.459521709265677	1.23214128194926
13.9492698533681	-0.459640292335089	1.23223021925132
13.9512139997642	-0.4597588754045	1.23231915655338
13.9531586881575	-0.459877458473911	1.23240809385543
13.9551039187746	-0.459996041543322	1.23249703115749
13.9570496918423	-0.460114624612733	1.23258596845955
13.9589960075876	-0.460233207682145	1.23267490576161
13.9609428662374	-0.460351790751556	1.23276384306367
13.9628902680191	-0.460470373820967	1.23285278036573
13.9648382131599	-0.460588956890378	1.23294171766778
13.9667867018872	-0.460707539959789	1.23303065496984
13.9687357344286	-0.460826123029201	1.2331195922719
13.9706853110119	-0.460944706098612	1.23320852957396
13.9726354318648	-0.461063289168023	1.23329746687602
13.9745860972153	-0.461181872237434	1.23338640417808
13.9765373072915	-0.461300455306845	1.23347534148013
13.9784890623216	-0.461419038376257	1.23356427878219
13.9804413625338	-0.461537621445668	1.23365321608425
13.9823942081567	-0.461656204515079	1.23374215338631
13.9843475994189	-0.46177478758449	1.23383109068837
13.9863015365491	-0.461893370653901	1.23392002799043
13.988256019776	-0.462011953723313	1.23400896529248
13.9902110493288	-0.462130536792724	1.23409790259454
13.9921666254364	-0.462249119862135	1.2341868398966
13.9941227483282	-0.462367702931546	1.23427577719866
13.9960794182334	-0.462486286000957	1.23436471450072
13.9980366353815	-0.462604869070369	1.23445365180278
13.9999944000022	-0.46272345213978	1.23454258910484
14.0019527123253	-0.462842035209191	1.23463152640689
14.0039115725805	-0.462960618278602	1.23472046370895
14.0058709809978	-0.463079201348013	1.23480940101101
14.0078309378075	-0.463197784417425	1.23489833831307
14.0097914432397	-0.463316367486836	1.23498727561513
14.0117524975248	-0.463434950556247	1.23507621291719
14.0137141008934	-0.463553533625658	1.23516515021924
14.0156762535761	-0.463672116695069	1.2352540875213
14.0176389558036	-0.463790699764481	1.23534302482336
14.019602207807	-0.463909282833892	1.23543196212542
14.0215660098171	-0.464027865903303	1.23552089942748
14.0235303620651	-0.464146448972714	1.23560983672954
14.0254952647824	-0.464265032042125	1.23569877403159
14.0274607182004	-0.464383615111537	1.23578771133365
14.0294267225506	-0.464502198180948	1.23587664863571
14.0313932780646	-0.464620781250359	1.23596558593777
14.0333603849744	-0.46473936431977	1.23605452323983
14.0353280435118	-0.464857947389181	1.23614346054189
14.0372962539089	-0.464976530458593	1.23623239784394
14.0392650163979	-0.465095113528004	1.236321335146
14.0412343312111	-0.465213696597415	1.23641027244806
14.043204198581	-0.465332279666826	1.23649920975012
14.0451746187402	-0.465450862736237	1.23658814705218
14.0471455919214	-0.465569445805649	1.23667708435424
14.0491171183575	-0.46568802887506	1.2367660216563
14.0510891982814	-0.465806611944471	1.23685495895835
14.0530618319262	-0.465925195013882	1.23694389626041
14.0550350195253	-0.466043778083293	1.23703283356247
14.0570087613119	-0.466162361152705	1.23712177086453
14.0589830575195	-0.466280944222116	1.23721070816659
14.0609579083819	-0.466399527291527	1.23729964546865
14.0629333141327	-0.466518110360938	1.2373885827707
14.064909275006	-0.46663669343035	1.23747752007276
14.0668857912356	-0.466755276499761	1.23756645737482
14.0688628630558	-0.466873859569172	1.23765539467688
14.0708404907009	-0.466992442638583	1.23774433197894
14.0728186744052	-0.467111025707994	1.237833269281
14.0747974144034	-0.467229608777405	1.23792220658305
14.0767767109302	-0.467348191846817	1.23801114388511
14.0787565642203	-0.467466774916228	1.23810008118717
14.0807369745087	-0.467585357985639	1.23818901848923
14.0827179420305	-0.46770394105505	1.23827795579129
14.0846994670209	-0.467822524124462	1.23836689309335
14.0866815497153	-0.467941107193873	1.2384558303954
14.0886641903491	-0.468059690263284	1.23854476769746
14.090647389158	-0.468178273332695	1.23863370499952
14.0926311463778	-0.468296856402106	1.23872264230158
14.0946154622442	-0.468415439471517	1.23881157960364
14.0966003369933	-0.468534022540929	1.2389005169057
14.0985857708613	-0.46865260561034	1.23898945420776
14.1005717640845	-0.468771188679751	1.23907839150981
14.1025583168992	-0.468889771749162	1.23916732881187
14.1045454295419	-0.469008354818574	1.23925626611393
14.1065331022495	-0.469126937887985	1.23934520341599
14.1085213352587	-0.469245520957396	1.23943414071805
14.1105101288064	-0.469364104026807	1.23952307802011
14.1124994831297	-0.469482687096218	1.23961201532216
14.1144893984659	-0.46960127016563	1.23970095262422
14.1164798750522	-0.469719853235041	1.23978988992628
14.1184709131262	-0.469838436304452	1.23987882722834
14.1204625129255	-0.469957019373863	1.2399677645304
14.1224546746878	-0.469383355634359	1.23989118040606
14.1244473986511	-0.468416143750115	1.2397204959559
14.1264406850533	-0.46744893186587	1.23954981150574
14.1284345341325	-0.466481719981626	1.23937912705558
14.1304289461272	-0.465514508097381	1.23920844260542
14.1324239212756	-0.464547296213137	1.23903775815526
14.1344194598164	-0.463580084328892	1.2388670737051
14.1364155619883	-0.462612872444648	1.23869638925494
14.13841222803	-0.461645660560404	1.23852570480478
14.1404094581805	-0.460678448676159	1.23835502035462
14.142407252679	-0.459711236791915	1.23818433590446
14.1444056117646	-0.45874402490767	1.23801365145429
14.1464045356768	-0.457776813023426	1.23784296700413
14.148404024655	-0.456809601139182	1.23767228255397
14.1504040789389	-0.455842389254938	1.23750159810381
14.1524046987682	-0.454875177370693	1.23733091365365
14.1544058843829	-0.453907965486449	1.23716022920349
14.1564076360229	-0.452940753602205	1.23698954475333
14.1584099539285	-0.45197354171796	1.23681886030317
14.1604128383401	-0.451006329833716	1.23664817585301
14.1624162894979	-0.450039117949471	1.23647749140285
14.1644203076427	-0.449071906065227	1.23630680695269
14.1664248930152	-0.448104694180982	1.23613612250253
14.1684300458561	-0.447137482296738	1.23596543805237
14.1704357664066	-0.446170270412493	1.2357947536022
14.1724420549077	-0.445203058528249	1.23562406915204
14.1744489116008	-0.444235846644005	1.23545338470188
14.1764563367271	-0.443268634759761	1.23528270025172
14.1784643305284	-0.442301422875517	1.23511201580156
14.1804728932461	-0.441334210991272	1.2349413313514
14.1824820251223	-0.440366999107028	1.23477064690124
14.1844917263987	-0.439399787222783	1.23459996245108
14.1865019973176	-0.438432575338539	1.23442927800092
14.1885128381211	-0.437465363454294	1.23425859355076
14.1905242490517	-0.43649815157005	1.2340879091006
14.1925362303517	-0.435530939685806	1.23391722465044
14.1945487822639	-0.434563727801561	1.23374654020028
14.196561905031	-0.433596515917317	1.23357585575011
14.1985755988959	-0.432629304033072	1.23340517129995
14.2005898641018	-0.431662092148828	1.23323448684979
14.2026047008917	-0.430694880264584	1.23306380239963
14.2046201095091	-0.42972766838034	1.23289311794947
14.2066360901974	-0.428760456496095	1.23272243349931
14.2086526432001	-0.427793244611851	1.23255174904915
14.2106697687611	-0.426826032727607	1.23238106459899
14.2126874671243	-0.425858820843362	1.23221038014883
14.2147057385336	-0.424891608959118	1.23203969569867
14.2167245832332	-0.423924397074873	1.23186901124851
14.2187440014674	-0.422957185190629	1.23169832679835
14.2207639934806	-0.421989973306384	1.23152764234819
14.2227845595175	-0.42102276142214	1.23135695789802
14.2248056998227	-0.420055549537895	1.23118627344786
14.2268274146412	-0.419088337653651	1.2310155889977
14.2288497042178	-0.418121125769406	1.23084490454754
14.2308725687977	-0.417153913885163	1.23067422009738
14.2328960086263	-0.416186702000919	1.23050353564722
14.2349200239488	-0.415219490116674	1.23033285119706
14.236944615011	-0.41425227823243	1.2301621667469
14.2389697820583	-0.413285066348185	1.22999148229674
14.2409955253368	-0.412317854463941	1.22982079784658
14.2430218450923	-0.411350642579696	1.22965011339642
14.245048741571	-0.410383430695452	1.22947942894626
14.2470762150192	-0.409416218811207	1.2293087444961
14.2491042656831	-0.408449006926963	1.22913806004593
14.2511328938094	-0.407481795042719	1.22896737559577
14.2531620996447	-0.406514583158474	1.22879669114561
14.2551918834359	-0.40554737127423	1.22862600669545
14.2572222454298	-0.404580159389986	1.22845532224529
14.2592531858736	-0.403612947505742	1.22828463779513
14.2612847050146	-0.402645735621497	1.22811395334497
14.2633168031001	-0.401678523737253	1.22794326889481
14.2653494803775	-0.400711311853009	1.22777258444465
14.2673827370947	-0.399744099968764	1.22760189999449
14.2694165734993	-0.39877688808452	1.22743121554433
14.2714509898393	-0.397809676200275	1.22726053109417
14.2734859863628	-0.396842464316031	1.22708984664401
14.2755215633181	-0.395875252431786	1.22691916219384
14.2775577209534	-0.394908040547542	1.22674847774368
14.2795944595174	-0.393940828663297	1.22657779329352
14.2816317792585	-0.392973616779053	1.22640710884336
14.2836696804257	-0.392006404894808	1.2262364243932
14.2857081632679	-0.391039193010565	1.22606573994304
14.2877472280342	-0.390071981126321	1.22589505549288
14.2897868749737	-0.389104769242076	1.22572437104272
14.2918271043358	-0.388137557357832	1.22555368659256
14.29386791637	-0.387170345473587	1.2253830021424
14.295909311326	-0.386203133589343	1.22521231769224
14.2979512894536	-0.385235921705098	1.22504163324208
14.2999938510026	-0.384268709820854	1.22487094879192
14.3020369962233	-0.38330149793661	1.22470026434175
14.3040807253657	-0.382334286052365	1.22452957989159
14.3061250386802	-0.381367074168121	1.22435889544143
14.3081699364174	-0.380399862283876	1.22418821099127
14.3102154188278	-0.379432650399632	1.22401752654111
14.3122614861623	-0.378465438515388	1.22384684209095
14.3143081386719	-0.377498226631144	1.22367615764079
14.3163553766075	-0.376531014746899	1.22350547319063
14.3184032002204	-0.375563802862655	1.22333478874047
14.320451609762	-0.374596590978411	1.22316410429031
14.3225006054837	-0.373629379094166	1.22299341984015
14.3245501876373	-0.372662167209922	1.22282273538999
14.3266003564745	-0.371694955325677	1.22265205093983
14.3286511122472	-0.370727743441433	1.22248136648966
14.3307024552076	-0.369760531557188	1.2223106820395
14.3327543856079	-0.368793319672944	1.22213999758934
14.3348069037003	-0.367826107788699	1.22196931313918
14.3368600097376	-0.366858895904455	1.22179862868902
14.3389137039723	-0.36589168402021	1.22162794423886
14.3409679866572	-0.364924472135967	1.2214572597887
14.3430228580452	-0.363957260251723	1.22128657533854
14.3450783183896	-0.362990048367478	1.22111589088838
14.3471343679435	-0.362022836483234	1.22094520643822
14.3491910069602	-0.361055624598989	1.22077452198806
14.3512482356934	-0.360088412714745	1.2206038375379
14.3533060543967	-0.3591212008305	1.22043315308774
14.355364463324	-0.358153988946256	1.22026246863757
14.3574234627291	-0.357186777062012	1.22009178418741
14.3594830528663	-0.356219565177767	1.21992109973725
14.3615432339898	-0.355252353293523	1.21975041528709
14.3636040063539	-0.354285141409278	1.21957973083693
14.3656653702133	-0.353317929525034	1.21940904638677
14.3677273258226	-0.35235071764079	1.21923836193661
14.3697898734366	-0.351383505756546	1.21906767748645
14.3718530133105	-0.350416293872301	1.21889699303629
14.3739167456993	-0.349449081988057	1.21872630858613
14.3759810708582	-0.348481870103812	1.21855562413597
14.3780459890428	-0.347514658219568	1.21838493968581
14.3801115005086	-0.346547446335324	1.21821425523565
14.3821776055113	-0.345580234451079	1.21804357078548
14.3842443043067	-0.344613022566835	1.21787288633532
14.3863115971511	-0.34364581068259	1.21770220188516
14.3883794843003	-0.342678598798346	1.217531517435
14.3904479660109	-0.341711386914101	1.21736083298484
14.3925170425392	-0.340744175029857	1.21719014853468
14.3945867141419	-0.339776963145612	1.21701946408452
14.3966569810757	-0.338809751261369	1.21684877963436
14.3987278435976	-0.337842539377125	1.2166780951842
14.4007993019645	-0.33687532749288	1.21650741073404
14.4028713564336	-0.335908115608636	1.21633672628388
14.4049440072624	-0.334940903724391	1.21616604183372
14.4070172547083	-0.333973691840147	1.21599535738356
14.4090910990289	-0.333006479955902	1.21582467293339
14.4111655404821	-0.332039268071658	1.21565398848323
14.4132405793258	-0.331072056187413	1.21548330403307
14.415316215818	-0.330104844303169	1.21531261958291
14.4173924502171	-0.329137632418925	1.21514193513275
14.4194692827814	-0.32817042053468	1.21497125068259
14.4215467137694	-0.327203208650436	1.21480056623243
14.4236247434398	-0.326235996766192	1.21462988178227
14.4257033720514	-0.325268784881948	1.21445919733211
14.4277825998633	-0.324301572997703	1.21428851288195
14.4298624271346	-0.323334361113459	1.21411782843179
14.4319428541245	-0.322367149229215	1.21394714398163
14.4340238810925	-0.32139993734497	1.21377645953147
14.4361055082982	-0.320432725460726	1.2136057750813
14.4381877360012	-0.319465513576481	1.21343509063114
14.4402705644615	-0.318498301692237	1.21326440618098
14.4423539939391	-0.317531089807992	1.21309372173082
14.4444380246942	-0.316563877923748	1.21292303728066
14.4465226569871	-0.315596666039503	1.2127523528305
14.4486078910783	-0.314629454155259	1.21258166838034
14.4506937272284	-0.313662242271014	1.21241098393018
14.4527801656982	-0.312695030386771	1.21224029948002
14.4548672067487	-0.311727818502527	1.21206961502986
14.4569548506409	-0.310760606618282	1.2118989305797
14.459043097636	-0.309793394734038	1.21172824612954
14.4611319479955	-0.308826182849793	1.21155756167938
14.4632214019808	-0.307858970965549	1.21138687722921
14.4653114598537	-0.306891759081304	1.21121619277905
14.467402121876	-0.30592454719706	1.21104550832889
14.4694933883097	-0.304957335312815	1.21087482387873
14.4715852594169	-0.303990123428571	1.21070413942857
14.47367773546	-0.303022911544327	1.21053345497841
14.4757708167013	-0.302055699660082	1.21036277052825
14.4778645034035	-0.301088487775838	1.21019208607809
14.4799587958293	-0.300121275891594	1.21002140162793
14.4820536942416	-0.29915406400735	1.20985071717777
14.4841491989034	-0.298186852123105	1.20968003272761
14.4862453100781	-0.297219640238861	1.20950934827745
14.4883420280289	-0.296252428354617	1.20933866382729
14.4904393530193	-0.295285216470372	1.20916797937712
14.492537285313	-0.294318004586128	1.20899729492696
14.4946358251738	-0.293350792701883	1.2088266104768
14.4967349728657	-0.292383580817639	1.20865592602664
14.4988347286529	-0.291416368933394	1.20848524157648
14.5009350927995	-0.29044915704915	1.20831455712632
14.50303606557	-0.289481945164905	1.20814387267616
14.505137647229	-0.288514733280661	1.207973188226
14.5072398380412	-0.287547521396416	1.20780250377584
14.5093426382715	-0.286580309512173	1.20763181932568
14.511446048185	-0.285613097627929	1.20746113487552
14.5135500680468	-0.284645885743684	1.20729045042536
14.5156546981223	-0.28367867385944	1.2071197659752
14.517759938677	-0.282711461975195	1.20694908152503
14.5198657899765	-0.281744250090951	1.20677839707487
14.5219722522867	-0.280777038206706	1.20660771262471
14.5240793258736	-0.279809826322462	1.20643702817455
14.5261870110032	-0.278842614438217	1.20626634372439
14.5282953079418	-0.277875402553973	1.20609565927423
14.5304042169558	-0.276908190669729	1.20592497482407
14.5325137383119	-0.275940978785484	1.20575429037391
14.5346238722767	-0.27497376690124	1.20558360592375
14.5367346191172	-0.274006555016996	1.20541292147359
14.5388459791004	-0.273039343132752	1.20524223702343
14.5409579524935	-0.272072131248507	1.20507155257327
14.5430705395639	-0.271104919364263	1.20490086812311
14.5451837405791	-0.270137707480018	1.20473018367294
14.5472975558067	-0.269170495595774	1.20455949922278
14.5494119855146	-0.26820328371153	1.20438881477262
14.5515270299708	-0.267236071827285	1.20421813032246
14.5536426894433	-0.266268859943041	1.2040474458723
14.5557589642006	-0.265301648058796	1.20387676142214
14.5578758545109	-0.264334436174552	1.20370607697198
14.559993360643	-0.263367224290307	1.20353539252182
14.5621114828656	-0.262400012406063	1.20336470807166
14.5642302214477	-0.261432800521818	1.2031940236215
14.5663495766582	-0.260465588637575	1.20302333917134
14.5684695487664	-0.259498376753331	1.20285265472118
14.5705901380418	-0.258531164869086	1.20268197027102
14.5727113447538	-0.257563952984842	1.20251128582085
14.5748331691721	-0.256596741100597	1.20234060137069
14.5769556115667	-0.255629529216353	1.20216991692053
14.5790786722075	-0.254662317332108	1.20199923247037
14.5812023513647	-0.253695105447864	1.20182854802021
14.5833266493086	-0.252727893563619	1.20165786357005
14.5854515663098	-0.251760681679375	1.20148717911989
14.5875771026388	-0.250793469795131	1.20131649466973
14.5897032585665	-0.249826257910886	1.20114581021957
14.5918300343638	-0.248859046026642	1.20097512576941
14.5939574303018	-0.247891834142398	1.20080444131925
14.5960854466519	-0.246924622258154	1.20063375686909
14.5982140836854	-0.245957410373909	1.20046307241893
14.600343341674	-0.244990198489665	1.20029238796876
14.6024732208894	-0.24402298660542	1.2001217035186
14.6046037216035	-0.243055774721176	1.19995101906844
14.6067348440884	-0.242088562836932	1.19978033461828
14.6088665886164	-0.241121350952687	1.19960965016812
14.6109989554597	-0.240154139068443	1.19943896571796
14.613131944891	-0.239186927184198	1.1992682812678
14.6152655571829	-0.238219715299954	1.19909759681764
14.6173997926083	-0.237252503415709	1.19892691236748
14.6195346514403	-0.236285291531465	1.19875622791732
14.621670133952	-0.23531807964722	1.19858554346716
14.6238062404168	-0.234350867762977	1.198414859017
14.6259429711082	-0.233383655878733	1.19824417456684
14.6280803262998	-0.232416443994488	1.19807349011667
14.6302183062655	-0.231449232110244	1.19790280566651
14.6323569112792	-0.230482020225999	1.19773212121635
14.6344961416151	-0.229514808341755	1.19756143676619
14.6366359975475	-0.22854759645751	1.19739075231603
14.6387764793508	-0.227580384573266	1.19722006786587
14.6409175872998	-0.226613172689021	1.19704938341571
14.6430593216691	-0.225645960804777	1.19687869896555
14.6452016827337	-0.224678748920533	1.19670801451539
14.6473446707687	-0.223711537036288	1.19653733006523
14.6494882860494	-0.222744325152044	1.19636664561507
14.6516325288513	-0.2217771132678	1.19619596116491
14.6537773994498	-0.220809901383556	1.19602527671475
14.6559228981208	-0.219842689499311	1.19585459226458
14.6580690251402	-0.218875477615067	1.19568390781442
14.660215780784	-0.217908265730822	1.19551322336426
14.6623631653286	-0.216941053846578	1.1953425389141
14.6645111790502	-0.215973841962334	1.19517185446394
14.6666598222254	-0.215006630078089	1.19500117001378
14.668809095131	-0.214039418193845	1.19483048556362
14.6709589980439	-0.2130722063096	1.19465980111346
14.6731095312411	-0.212104994425356	1.1944891166633
14.6752606949998	-0.211137782541111	1.19431843221314
14.6774124895974	-0.210170570656867	1.19414774776298
14.6795649153114	-0.209203358772622	1.19397706331282
14.6817179724195	-0.208236146888379	1.19380637886266
14.6838716611996	-0.207268935004135	1.19363569441249
14.6860259819297	-0.20630172311989	1.19346500996233
14.688180934888	-0.205334511235646	1.19329432551217
14.6903365203529	-0.204367299351401	1.19312364106201
14.6924927386028	-0.203400087467157	1.19295295661185
14.6946495899164	-0.202432875582912	1.19278227216169
14.6968070745726	-0.201465663698668	1.19261158771153
14.6989651928504	-0.200498451814423	1.19244090326137
14.701123945029	-0.199531239930179	1.19227021881121
14.7032833313876	-0.198564028045934	1.19209953436105
14.7054433522058	-0.19759681616169	1.19192884991089
14.7076040077633	-0.196629604277446	1.19175816546073
14.7097652983398	-0.195662392393202	1.19158748101057
14.7119272242154	-0.194695180508958	1.1914167965604
14.7140897856702	-0.193727968624713	1.19124611211024
14.7162529829845	-0.192760756740469	1.19107542766008
14.7184168164388	-0.191793544856224	1.19090474320992
14.7205812863138	-0.19082633297198	1.19073405875976
14.7227463928903	-0.189859121087736	1.1905633743096
14.7249121364493	-0.188891909203491	1.19039268985944
14.7270785172718	-0.187924697319247	1.19022200540928
14.7292455356393	-0.186957485435002	1.19005132095912
14.7314131918332	-0.185990273550758	1.18988063650896
14.7335814861351	-0.185023061666513	1.1897099520588
14.7357504188269	-0.184055849782269	1.18953926760864
14.7379199901904	-0.183088637898024	1.18936858315848
14.740090200508	-0.182121426013781	1.18919789870831
14.7422610500618	-0.181154214129537	1.18902721425815
14.7444325391343	-0.180187002245292	1.18885652980799
14.7466046680082	-0.179219790361048	1.18868584535783
14.7487774369663	-0.178252578476803	1.18851516090767
14.7509508462916	-0.177285366592559	1.18834447645751
14.7531248962671	-0.176318154708314	1.18817379200735
14.7552995871762	-0.17535094282407	1.18800310755719
14.7574749193024	-0.174383730939825	1.18783242310703
14.7596508929294	-0.173416519055581	1.18766173865687
14.7618275083408	-0.172449307171336	1.18749105420671
14.7640047658207	-0.171482095287092	1.18732036975655
14.7661826656533	-0.170514883402848	1.18714968530638
14.7683612081228	-0.169547671518604	1.18697900085622
14.7705403935138	-0.16858045963436	1.18680831640606
14.7727202221108	-0.167613247750115	1.1866376319559
14.7749006941987	-0.166646035865871	1.18646694750574
14.7770818100625	-0.165678823981626	1.18629626305558
14.7792635699873	-0.164711612097382	1.18612557860542
14.7814459742584	-0.163744400213138	1.18595489415526
14.7836290231614	-0.162777188328893	1.1857842097051
14.7858127169818	-0.161809976444649	1.18561352525494
14.7879970560055	-0.160842764560404	1.18544284080478
14.7901820405186	-0.15987555267616	1.18527215635462
14.7923676708071	-0.158908340791915	1.18510147190446
14.7945539471574	-0.157941128907671	1.18493078745429
14.796740869856	-0.156973917023426	1.18476010300413
14.7989284391896	-0.156006705139183	1.18458941855397
14.801116655445	-0.155039493254939	1.18441873410381
14.8033055189092	-0.154072281370694	1.18424804965365
14.8054950298693	-0.15310506948645	1.18407736520349
14.8076851886129	-0.152137857602205	1.18390668075333
14.8098759954273	-0.151170645717961	1.18373599630317
14.8120674506003	-0.150203433833716	1.18356531185301
14.8142595544197	-0.149236221949472	1.18339462740285
14.8164523071735	-0.148269010065227	1.18322394295269
14.81864570915	-0.147301798180983	1.18305325850253
14.8208397606375	-0.146334586296738	1.18288257405237
14.8230344619246	-0.145367374412494	1.18271188960221
14.8252298133	-0.14440016252825	1.18254120515204
14.8274258150525	-0.143432950644006	1.18237052070188
14.8296224674712	-0.142465738759762	1.18219983625172
14.8318197708454	-0.141498526875517	1.18202915180156
14.8340177254645	-0.140531314991273	1.1818584673514
14.8362163316179	-0.139564103107028	1.18168778290124
14.8384155895955	-0.138596891222784	1.18151709845108
14.8406154996872	-0.137629679338539	1.18134641400092
14.8428160621831	-0.136662467454295	1.18117572955076
14.8450172773734	-0.135695255570051	1.1810050451006
14.8472191455485	-0.134728043685806	1.18083436065044
14.8494216669991	-0.133760831801562	1.18066367620028
14.8516248420158	-0.132793619917317	1.18049299175012
14.8538286708898	-0.131826408033073	1.18032230729995
14.8560331539121	-0.130859196148828	1.18015162284979
14.8582382913739	-0.129979725535111	1.17999695120829
14.8604440835668	-0.129798180658232	1.1799696512268
14.8626505307824	-0.129616635781353	1.17994235124532
14.8648576333125	-0.129435090904474	1.17991505126383
14.8670653914491	-0.129253546027595	1.17988775128235
14.8692738054843	-0.129072001150716	1.17986045130086
14.8714828757105	-0.128890456273837	1.17983315131937
14.8736926024203	-0.128708911396958	1.17980585133789
14.8759029859061	-0.128527366520079	1.1797785513564
14.878114026461	-0.1283458216432	1.17975125137492
14.880325724378	-0.128164276766321	1.17972395139343
14.8825380799502	-0.127982731889442	1.17969665141195
14.884751093471	-0.127801187012563	1.17966935143046
14.8869647652341	-0.127619642135684	1.17964205144898
14.889179095533	-0.127438097258805	1.17961475146749
14.8913940846617	-0.127256552381926	1.179587451486
14.8936097329144	-0.127075007505047	1.17956015150452
14.8958260405852	-0.126893462628168	1.17953285152303
14.8980430079685	-0.126711917751289	1.17950555154155
14.900260635359	-0.12653037287441	1.17947825156006
14.9024789230515	-0.126348827997531	1.17945095157858
14.9046978713409	-0.126167283120652	1.17942365159709
14.9069174805223	-0.125985738243773	1.17939635161561
14.909137750891	-0.125804193366894	1.17936905163412
14.9113586827425	-0.125622648490015	1.17934175165263
14.9135802763725	-0.125441103613136	1.17931445167115
14.9158025320768	-0.125259558736257	1.17928715168966
14.9180254501514	-0.125078013859378	1.17925985170818
14.9202490308925	-0.124896468982499	1.17923255172669
14.9224732745965	-0.12471492410562	1.17920525174521
14.9246981815599	-0.124533379228741	1.17917795176372
14.9269237520793	-0.124351834351862	1.17915065178224
14.9291499864518	-0.124170289474983	1.17912335180075
14.9313768849744	-0.123988744598104	1.17909605181926
14.9336044479442	-0.123807199721225	1.17906875183778
14.9358326756588	-0.123625654844346	1.17904145185629
14.9380615684158	-0.123444109967467	1.17901415187481
14.9402911265129	-0.123262565090588	1.17898685189332
14.9425213502481	-0.123081020213709	1.17895955191184
14.9447522399195	-0.12289947533683	1.17893225193035
14.9469837958254	-0.122717930459952	1.17890495194887
14.9492160182644	-0.122536385583073	1.17887765196738
14.951448907535	-0.122354840706194	1.17885035198589
14.9536824639362	-0.122173295829315	1.17882305200441
14.955916687767	-0.121991750952436	1.17879575202292
14.9581515793265	-0.121810206075557	1.17876845204144
14.9603871389142	-0.121628661198677	1.17874115205995
14.9626233668297	-0.121447116321798	1.17871385207847
14.9648602633726	-0.121265571444919	1.17868655209698
14.9670978288429	-0.12108402656804	1.1786592521155
14.9693360635406	-0.120902481691161	1.17863195213401
14.9715749677662	-0.120720936814282	1.17860465215252
14.97381454182	-0.120539391937403	1.17857735217104
14.9760547860027	-0.120357847060524	1.17855005218955
14.978295700615	-0.120176302183646	1.17852275220807
14.9805372859581	-0.119994757306767	1.17849545222658
14.982779542333	-0.119813212429888	1.1784681522451
14.9850224700412	-0.119631667553009	1.17844085226361
14.9872660693841	-0.11945012267613	1.17841355228212
14.9895103406636	-0.119268577799251	1.17838625230064
14.9917552841815	-0.119087032922372	1.17835895231915
14.9940009002398	-0.118905488045493	1.17833165233767
14.9962471891409	-0.118723943168614	1.17830435235618
14.9984941511872	-0.118542398291735	1.1782770523747
15.0007417866814	-0.118360853414856	1.17824975239321
15.0029900959261	-0.118179308537977	1.17822245241173
15.0052390792245	-0.117997763661098	1.17819515243024
15.0074887368797	-0.117816218784219	1.17816785244875
15.009739069195	-0.11763467390734	1.17814055246727
15.0119900764741	-0.117453129030461	1.17811325248578
15.0142417590205	-0.117271584153582	1.1780859525043
15.0164941171383	-0.117090039276703	1.17805865252281
15.0187471511314	-0.116908494399824	1.17803135254133
15.0210008613042	-0.116726949522945	1.17800405255984
15.0232552479611	-0.116545404646066	1.17797675257836
15.0255103114067	-0.116363859769187	1.17794945259687
15.0277660519459	-0.116182314892308	1.17792215261538
15.0300224698836	-0.116000770015429	1.1778948526339
15.032279565525	-0.11581922513855	1.17786755265241
15.0345373391756	-0.115637680261671	1.17784025267093
15.0367957911407	-0.115456135384792	1.17781295268944
15.0390549217262	-0.115274590507913	1.17778565270796
15.041314731238	-0.115093045631034	1.17775835272647
15.0435752199822	-0.114911500754155	1.17773105274499
15.045836388265	-0.114729955877276	1.1777037527635
15.048098236393	-0.114548411000397	1.17767645278201
15.0503607646727	-0.114366866123518	1.17764915280053
15.052623973411	-0.114185321246639	1.17762185281904
15.054887862915	-0.11400377636976	1.17759455283756
15.0571524334918	-0.113822231492881	1.17756725285607
15.0594176854488	-0.113640686616002	1.17753995287459
15.0616836190936	-0.113459141739123	1.1775126528931
15.063950234734	-0.113277596862244	1.17748535291162
15.0662175326779	-0.113096051985365	1.17745805293013
15.0684855132334	-0.112914507108486	1.17743075294864
15.0707541767088	-0.112732962231607	1.17740345296716
15.0730235234127	-0.112551417354728	1.17737615298567
15.0752935536537	-0.112369872477849	1.17734885300419
15.0775642677408	-0.11218832760097	1.1773215530227
15.0798356659829	-0.112006782724091	1.17729425304122
15.0821077486893	-0.111825237847212	1.17726695305973
15.0843805161694	-0.111643692970333	1.17723965307825
15.0866539687329	-0.111462148093454	1.17721235309676
15.0889281066896	-0.111280603216575	1.17718505311527
15.0912029303494	-0.111099058339696	1.17715775313379
15.0934784400226	-0.110917513462817	1.1771304531523
15.0957546360195	-0.110735968585938	1.17710315317082
15.0980315186506	-0.110554423709059	1.17707585318933
15.1003090882267	-0.11037287883218	1.17704855320785
15.1025873450588	-0.110191333955301	1.17702125322636
15.1048662894579	-0.110009789078422	1.17699395324488
15.1071459217353	-0.109828244201543	1.17696665326339
15.1094262422026	-0.109646699324664	1.1769393532819
15.1117072511714	-0.109465154447785	1.17691205330042
15.1139889489536	-0.109283609570906	1.17688475331893
15.1162713358612	-0.109102064694027	1.17685745333745
15.1185544122065	-0.108920519817148	1.17683015335596
15.1208381783019	-0.108738974940269	1.17680285337448
15.1231226344601	-0.10855743006339	1.17677555339299
15.1254077809938	-0.108375885186511	1.17674825341151
15.127693618216	-0.108194340309632	1.17672095343002
15.1299801464401	-0.108012795432753	1.17669365344853
15.1322673659792	-0.107831250555874	1.17666635346705
15.134555277147	-0.107649705678995	1.17663905348556
15.1368438802573	-0.107468160802116	1.17661175350408
15.1391331756239	-0.107286615925237	1.17658445352259
15.1414231635611	-0.107105071048358	1.17655715354111
15.1437138443832	-0.106923526171479	1.17652985355962
15.1460052184046	-0.1067419812946	1.17650255357814
15.1482972859402	-0.106560436417721	1.17647525359665
15.1505900473047	-0.106378891540842	1.17644795361516
15.1528835028133	-0.106197346663963	1.17642065363368
15.1551776527812	-0.106015801787084	1.17639335365219
15.157472497524	-0.105834256910205	1.17636605367071
15.1597680373573	-0.105652712033326	1.17633875368922
15.1620642725969	-0.105471167156447	1.17631145370774
15.164361203559	-0.105289622279568	1.17628415372625
15.1666588305596	-0.105108077402689	1.17625685374477
15.1689571539153	-0.10492653252581	1.17622955376328
15.1712561739427	-0.104744987648931	1.17620225378179
15.1735558909586	-0.104563442772052	1.17617495380031
15.17585630528	-0.104381897895173	1.17614765381882
15.178157417224	-0.104200353018294	1.17612035383734
15.1804592271082	-0.104018808141415	1.17609305385585
15.18276173525	-0.103837263264536	1.17606575387437
15.1850649419672	-0.103655718387657	1.17603845389288
15.1873688475779	-0.103474173510778	1.1760111539114
15.1896734524001	-0.103292628633899	1.17598385392991
15.1919787567523	-0.10311108375702	1.17595655394842
15.1942847609529	-0.102929538880141	1.17592925396694
15.1965914653207	-0.102747994003262	1.17590195398545
15.1988988701747	-0.102566449126383	1.17587465400397
15.2012069758339	-0.102384904249504	1.17584735402248
15.2035157826177	-0.102203359372625	1.175820054041
15.2058252908456	-0.102021814495746	1.17579275405951
15.2081355008374	-0.101840269618867	1.17576545407803
15.2104464129128	-0.101658724741988	1.17573815409654
15.2127580273921	-0.101477179865109	1.17571085411505
15.2150703445955	-0.10129563498823	1.17568355413357
15.2173833648435	-0.101114090111351	1.17565625415208
15.2196970884567	-0.100932545234472	1.1756289541706
15.2220115157562	-0.100751000357593	1.17560165418911
15.2243266470628	-0.100569455480714	1.17557435420763
15.226642482698	-0.100387910603835	1.17554705422614
15.2289590229831	-0.100206365726956	1.17551975424466
15.2312762682398	-0.100024820850077	1.17549245426317
15.2335942187901	-0.0998432759731981	1.17546515428168
15.2359128749558	-0.0996617310963191	1.1754378543002
15.2382322370594	-0.0994801862194401	1.17541055431871
15.2405523054231	-0.0992986413425611	1.17538325433723
15.2428730803697	-0.0991170964656821	1.17535595435574
15.245194562222	-0.0989355515888031	1.17532865437426
15.2475167513031	-0.0987540067119241	1.17530135439277
15.2498396479361	-0.0985724618350451	1.17527405441129
15.2521632524445	-0.0983909169581661	1.1752467544298
15.2544875651519	-0.0982093720812873	1.17521945444831
15.2568125863822	-0.0980278272044083	1.17519215446683
15.2591383164593	-0.0978462823275292	1.17516485448534
15.2614647557074	-0.0976647374506502	1.17513755450386
15.2637919044511	-0.0974831925737712	1.17511025452237
15.2661197630149	-0.0973016476968922	1.17508295454089
15.2684483317235	-0.0971201028200132	1.1750556545594
15.2707776109021	-0.0969385579431342	1.17502835457791
15.2731076008758	-0.0967570130662552	1.17500105459643
15.2754383019701	-0.0965754681893762	1.17497375461494
15.2777697145104	-0.0963939233124972	1.17494645463346
15.2801018388227	-0.0962123784356182	1.17491915465197
15.282434675233	-0.0960308335587391	1.17489185467049
15.2847682240674	-0.0958492886818601	1.174864554689
15.2871024856523	-0.0956677438049813	1.17483725470752
15.2894374603144	-0.0954861989281023	1.17480995472603
15.2917731483804	-0.0953046540512233	1.17478265474455
15.2941095501773	-0.0951231091743443	1.17475535476306
15.2964466660324	-0.0949415642974653	1.17472805478157
15.298784496273	-0.0947600194205863	1.17470075480009
15.3011230412267	-0.0945784745437073	1.1746734548186
15.3034623012214	-0.0943969296668282	1.17464615483712
15.305802276585	-0.0942153847899492	1.17461885485563
15.3081429676458	-0.0940338399130702	1.17459155487415
15.3104843747321	-0.0938522950361912	1.17456425489266
15.3128264981725	-0.0936707501593122	1.17453695491118
15.3151693382959	-0.0934892052824332	1.17450965492969
15.3175128954312	-0.0933076604055544	1.1744823549482
15.3198571699076	-0.0931261155286754	1.17445505496672
15.3222021620547	-0.0929445706517964	1.17442775498523
15.3245478722019	-0.0927630257749174	1.17440045500375
15.326894300679	-0.0925814808980384	1.17437315502226
15.3292414478162	-0.0923999360211593	1.17434585504078
15.3315893139436	-0.0922183911442803	1.17431855505929
15.3339378993916	-0.0920368462674013	1.1742912550778
15.3362872044908	-0.0918553013905223	1.17426395509632
15.3386372295722	-0.0916737565136433	1.17423665511483
15.3409879749666	-0.0914922116367643	1.17420935513335
15.3433394410053	-0.0913106667598853	1.17418205515186
15.3456916280198	-0.0911291218830063	1.17415475517038
15.3480445363417	-0.0909475770061273	1.17412745518889
15.3503981663028	-0.0907660321292485	1.17410015520741
15.3527525182352	-0.0905844872523694	1.17407285522592
15.3551075924711	-0.0904029423754904	1.17404555524443
15.357463389343	-0.0902213974986114	1.17401825526295
15.3598199091835	-0.0900398526217324	1.17399095528146
15.3621771523255	-0.0898583077448534	1.17396365529998
15.364535119102	-0.0896767628679744	1.17393635531849
15.3668938098464	-0.0894952179910954	1.17390905533701
15.369253224892	-0.0893136731142164	1.17388175535552
15.3716133645726	-0.0891321282373374	1.17385445537404
15.373974229222	-0.0889505833604584	1.17382715539255
15.3763358191743	-0.0887690384835794	1.17379985541106
15.3786981347638	-0.0885874936067003	1.17377255542958
15.3810611763251	-0.0884059487298215	1.17374525544809
15.3834249441928	-0.0882244038529425	1.17371795546661
15.3857894387018	-0.0880428589760635	1.17369065548512
15.3881546601872	-0.0878613140991845	1.17366335550364
15.3905206089844	-0.0876797692223055	1.17363605552215
15.3928872854289	-0.0874982243454265	1.17360875554067
15.3952546898564	-0.0873166794685475	1.17358145555918
15.3976228226029	-0.0871351345916685	1.17355415557769
15.3999916840045	-0.0869535897147895	1.17352685559621
15.4023612743975	-0.0867720448379105	1.17349955561472
15.4047315941186	-0.0865904999610314	1.17347225563324
15.4071026435045	-0.0864089550841524	1.17344495565175
15.4094744228921	-0.0862274102072734	1.17341765567027
15.4118469326186	-0.0860458653303944	1.17339035568878
15.4142201730215	-0.0858643204535156	1.1733630557073
15.4165941444384	-0.0856827755766366	1.17333575572581
15.418968847207	-0.0855012306997576	1.17330845574432
15.4213442816653	-0.0853196858228786	1.17328115576284
15.4237204481516	-0.0851381409459996	1.17325385578135
15.4260973470044	-0.0849565960691206	1.17322655579987
15.4284749785621	-0.0847750511922415	1.17319925581838
15.4308533431638	-0.0845935063153625	1.1731719558369
15.4332324411485	-0.0844119614384835	1.17314465585541
15.4356122728553	-0.0842304165616045	1.17311735587393
15.4379928386239	-0.0840488716847255	1.17309005589244
15.4403741387938	-0.0838673268078465	1.17306275591095
15.4427561737051	-0.0836857819309675	1.17303545592947
15.4451389436977	-0.0835042370540887	1.17300815594798
15.447522449112	-0.0833226921772097	1.1729808559665
15.4499066902885	-0.0831411473003307	1.17295355598501
15.4522916675681	-0.0829596024234517	1.17292625600353
15.4546773812915	-0.0827780575465727	1.17289895602204
15.4570638317999	-0.0825965126696936	1.17287165604056
15.4594510194349	-0.0824149677928146	1.17284435605907
15.4618389445378	-0.0822334229159356	1.17281705607758
15.4642276074505	-0.0820518780390566	1.1727897560961
15.466617008515	-0.0818703331621776	1.17276245611461
15.4690071480735	-0.0816887882852986	1.17273515613313
15.4713980264685	-0.0815072434084196	1.17270785615164
15.4737896440425	-0.0813256985315406	1.17268055617016
15.4761820011384	-0.0811441536546616	1.17265325618867
15.4785750980993	-0.0809626087777827	1.17262595620719
15.4809689352685	-0.0807810639009037	1.1725986562257
15.4833635129894	-0.0805995190240247	1.17257135624421
15.4857588316057	-0.0804179741471457	1.17254405626273
15.4881548914613	-0.0802364292702667	1.17251675628124
15.4905516929004	-0.0800548843933877	1.17248945629976
15.4929492362673	-0.0798733395165087	1.17246215631827
15.4953475219066	-0.0796917946396297	1.17243485633679
15.4977465501629	-0.0795102497627507	1.1724075563553
15.5001463213813	-0.0793287048858717	1.17238025637382
15.5025468359069	-0.0791471600089926	1.17235295639233
15.5049480940853	-0.0789656151321136	1.17232565641084
15.5073500962619	-0.0787840702552346	1.17229835642936
15.5097528427826	-0.0786025253783558	1.17227105644787
15.5121563339935	-0.0784209805014768	1.17224375646639
15.5145605702408	-0.0782394356245978	1.1722164564849
15.516965551871	-0.0780578907477188	1.17218915650342
15.5193712792307	-0.0778763458708398	1.17216185652193
15.521777752667	-0.0776948009939608	1.17213455654045
15.5241849725269	-0.0775132561170818	1.17210725655896
15.5265929391577	-0.0773317112402028	1.17207995657747
15.5290016529069	-0.0771501663633237	1.17205265659599
15.5314111141225	-0.0769686214864447	1.1720253566145
15.5338213231523	-0.0767870766095657	1.17199805663302
15.5362322803445	-0.0766055317326867	1.17197075665153
15.5386439860475	-0.0764239868558077	1.17194345667005
15.5410564406101	-0.0762424419789287	1.17191615668856
15.543469644381	-0.0760608971020499	1.17188885670708
15.5458835977092	-0.0758793522251709	1.17186155672559
15.5482983009442	-0.0756978073482919	1.1718342567441
15.5507137544353	-0.0755162624714129	1.17180695676262
15.5531299585322	-0.0753347175945338	1.17177965678113
15.5555469135851	-0.0751531727176548	1.17175235679965
15.5579646199438	-0.0749716278407758	1.17172505681816
15.5603830779589	-0.0747900829638968	1.17169775683668
15.5628022879809	-0.0746085380870178	1.17167045685519
15.5652222503607	-0.0744269932101388	1.17164315687371
15.5676429654492	-0.0742454483332598	1.17161585689222
15.5700644335977	-0.0740639034563808	1.17158855691073
15.5724866551576	-0.0738823585795018	1.17156125692925
15.5749096304806	-0.073700813702623	1.17153395694776
15.5773333599187	-0.0735192688257439	1.17150665696628
15.5797578438238	-0.0733377239488649	1.17147935698479
15.5821830825485	-0.0731561790719859	1.17145205700331
15.5846090764452	-0.0729746341951069	1.17142475702182
15.5870358258666	-0.0727930893182279	1.17139745704034
15.5894633311659	-0.0726115444413489	1.17137015705885
15.5918915926961	-0.0724299995644699	1.17134285707736
15.5943206108108	-0.0722484546875909	1.17131555709588
15.5967503858636	-0.0720669098107119	1.17128825711439
15.5991809182084	-0.0718853649338329	1.17126095713291
15.6016122081991	-0.0717038200569538	1.17123365715142
15.6040442561903	-0.0715222751800748	1.17120635716994
15.6064770625364	-0.0713407303031958	1.17117905718845
15.6089106275922	-0.071159185426317	1.17115175720697
15.6113449517126	-0.070977640549438	1.17112445722548
15.6137800352528	-0.070796095672559	1.17109715724399
15.6162158785683	-0.07061455079568	1.17106985726251
15.6186524820147	-0.070433005918801	1.17104255728102
15.6210898459479	-0.070251461041922	1.17101525729954
15.623527970724	-0.070069916165043	1.17098795731805
15.6259668566993	-0.069888371288164	1.17096065733657
15.6284065042302	-0.069706826411285	1.17093335735508
15.6308469136736	-0.0695252815344059	1.17090605737359
15.6332880853865	-0.0693437366575269	1.17087875739211
15.635730019726	-0.0691621917806479	1.17085145741062
15.6381727170496	-0.0689806469037689	1.17082415742914
15.6406161777149	-0.0687991020268901	1.17079685744765
15.6430604020798	-0.0686175571500111	1.17076955746617
15.6455053905024	-0.0684360122731321	1.17074225748468
15.647951143341	-0.0682544673962531	1.1707149575032
15.6503976609542	-0.0680729225193741	1.17068765752171
15.6528449437006	-0.067891377642495	1.17066035754023
15.6552929919394	-0.067709832765616	1.17063305755874
15.6577418060297	-0.067528287888737	1.17060575757725
15.660191386331	-0.067346743011858	1.17057845759577
15.6626417332029	-0.067165198134979	1.17055115761428
15.6650928470053	-0.0669836532581	1.1705238576328
15.6675447280984	-0.066802108381221	1.17049655765131
15.6699973768424	-0.066620563504342	1.17046925766983
15.6724507935981	-0.066439018627463	1.17044195768834
15.674904978726	-0.0662574737505842	1.17041465770685
15.6773599325874	-0.0660759288737052	1.17038735772537
15.6798156555433	-0.0658943839968261	1.17036005774388
15.6822721479553	-0.0657128391199471	1.1703327577624
15.6847294101852	-0.0655312942430681	1.17030545778091
15.6871874425947	-0.0653497493661891	1.17027815779943
15.6896462455461	-0.0651682044893101	1.17025085781794
15.6921058194018	-0.0649866596124311	1.17022355783646
15.6945661645243	-0.0648051147355521	1.17019625785497
15.6970272812764	-0.0646235698586731	1.17016895787348
15.6994891700214	-0.0644420249817941	1.170141657892
15.7019518311224	-0.0642604801049151	1.17011435791051
15.7044152649429	-0.064078935228036	1.17008705792903
15.7068794718468	-0.0638973903511572	1.17005975794754
15.7093444521979	-0.0637158454742782	1.17003245796606
15.7118102063605	-0.0635343005973992	1.17000515798457
15.714276734699	-0.0633527557205202	1.16997785800309
15.7167440375781	-0.0631712108436412	1.1699505580216
15.7192121153627	-0.0629896659667622	1.16992325804011
15.7216809684178	-0.0628081210898832	1.16989595805863
15.7241505971089	-0.0626265762130042	1.16986865807714
15.7266210018015	-0.0624450313361252	1.16984135809566
15.7290921828614	-0.0622634864592461	1.16981405811417
15.7315641406547	-0.0620819415823671	1.16978675813269
15.7340368755475	-0.0619003967054881	1.1697594581512
15.7365103879066	-0.0617188518286091	1.16973215816972
15.7389846780984	-0.0615373069517301	1.16970485818823
15.7414597464901	-0.0613557620748513	1.16967755820674
15.7439355934488	-0.0611742171979723	1.16965025822526
15.7464122193419	-0.0609926723210933	1.16962295824377
15.748889624537	-0.0608111274442143	1.16959565826229
15.7513678094022	-0.0606295825673353	1.1695683582808
15.7538467743054	-0.0604480376904562	1.16954105829932
15.756326519615	-0.0602664928135772	1.16951375831783
15.7588070456996	-0.0600849479366982	1.16948645833635
15.761288352928	-0.0599034030598192	1.16945915835486
15.7637704416693	-0.0597218581829402	1.16943185837337
15.7662533122927	-0.0595403133060612	1.16940455839189
15.7687369651678	-0.0593587684291822	1.1693772584104
15.7712214006643	-0.0591772235523032	1.16934995842892
15.7737066191521	-0.0589956786754244	1.16932265844743
15.7761926210014	-0.0588141337985454	1.16929535846595
15.7786794065828	-0.0586325889216664	1.16926805848446
15.7811669762669	-0.0584510440447873	1.16924075850298
15.7836553304245	-0.0582694991679083	1.16921345852149
15.7861444694269	-0.0580879542910293	1.16918615854
15.7886343936454	-0.0579064094141503	1.16915885855852
15.7911251034516	-0.0577248645372713	1.16913155857703
15.7936165992174	-0.0575433196603923	1.16910425859555
15.7961088813148	-0.0573617747835133	1.16907695861406
15.7986019501162	-0.0571802299066343	1.16904965863258
15.8010958059941	-0.0569986850297553	1.16902235865109
15.8035904493214	-0.0568171401528763	1.16899505866961
15.8060858804709	-0.0566355952759973	1.16896775868812
15.808582099816	-0.0564540503991184	1.16894045870663
15.8110791077302	-0.0562725055222394	1.16891315872515
15.8135769045872	-0.0560909606453604	1.16888585874366
15.816075490761	-0.0559094157684814	1.16885855876218
15.8185748666257	-0.0557278708916024	1.16883125878069
15.8210750325558	-0.0555463260147234	1.16880395879921
15.823575988926	-0.0553647811378444	1.16877665881772
15.8260777361112	-0.0551832362609654	1.16874935883624
15.8285802744866	-0.0550016913840864	1.16872205885475
15.8310836044275	-0.0548201465072074	1.16869475887326
15.8335877263095	-0.0546386016303283	1.16866745889178
15.8360926405085	-0.0544570567534493	1.16864015891029
15.8385983474007	-0.0542755118765703	1.16861285892881
15.8411048473622	-0.0540939669996915	1.16858555894732
15.8436121407699	-0.0539124221228125	1.16855825896584
15.8461202280003	-0.0537308772459335	1.16853095898435
15.8486291094307	-0.0535493323690545	1.16850365900287
15.8511387854382	-0.0533677874921755	1.16847635902138
15.8536492564004	-0.0531862426152965	1.16844905903989
15.8561605226952	-0.0530046977384175	1.16842175905841
15.8586725847004	-0.0528231528615384	1.16839445907692
15.8611854427943	-0.0526416079846594	1.16836715909544
15.8636990973555	-0.0524600631077804	1.16833985911395
15.8662135487627	-0.0522785182309014	1.16831255913247
15.8687287973947	-0.0520969733540224	1.16828525915098
15.8712448436309	-0.0519154284771434	1.1682579591695
15.8737616878507	-0.0517338836002644	1.16823065918801
15.8762793304338	-0.0515523387233856	1.16820335920652
15.8787977717601	-0.0513707938465066	1.16817605922504
15.8813170122097	-0.0511892489696276	1.16814875924355
15.8838370521632	-0.0510077040927486	1.16812145926207
15.886357892001	-0.0508261592158695	1.16809415928058
15.8888795321043	-0.0506446143389905	1.1680668592991
15.891401972854	-0.0504630694621115	1.16803955931761
15.8939252146316	-0.0502815245852325	1.16801225933613
15.8964492578186	-0.0500999797083535	1.16798495935464
15.898974102797	-0.0499184348314745	1.16795765937315
15.9014997499489	-0.0497368899545955	1.16793035939167
15.9040261996566	-0.0495553450777165	1.16790305941018
15.9065534523027	-0.0493738002008375	1.1678757594287
15.90908150827	-0.0491922553239587	1.16784845944721
15.9116103679417	-0.0490107104470797	1.16782115946573
15.914140031701	-0.0488291655702006	1.16779385948424
15.9166704999315	-0.0486476206933216	1.16776655950276
15.919201773017	-0.0484660758164426	1.16773925952127
15.9217338513416	-0.0482845309395636	1.16771195953978
15.9242667352896	-0.0481029860626846	1.1676846595583
15.9268004252456	-0.0479214411858056	1.16765735957681
15.9293349215942	-0.0477398963089266	1.16763005959533
15.9318702247206	-0.0475583514320476	1.16760275961384
15.9344063350101	-0.0473768065551686	1.16757545963236
15.9369432528481	-0.0471952616782896	1.16754815965087
15.9394809786204	-0.0470137168014105	1.16752085966939
15.942019512713	-0.0468321719245315	1.1674935596879
15.9445588555123	-0.0466506270476527	1.16746625970641
15.9470990074047	-0.0464690821707737	1.16743895972493
15.949639968777	-0.0462875372938947	1.16741165974344
15.9521817400161	-0.0461059924170157	1.16738435976196
15.9547243215094	-0.0459244475401367	1.16735705978047
15.9572677136443	-0.0457429026632577	1.16732975979899
15.9598119168085	-0.0455613577863787	1.1673024598175
15.9623569313901	-0.0453798129094997	1.16727515983602
15.9649027577773	-0.0451982680326206	1.16724785985453
15.9674493963586	-0.0450167231557416	1.16722055987304
15.9699968475226	-0.0448351782788626	1.16719325989156
15.9725451116585	-0.0446536334019836	1.16716595991007
15.9750941891553	-0.0444720885251046	1.16713865992859
15.9776440804027	-0.0442905436482258	1.1671113599471
15.9801947857903	-0.0441089987713468	1.16708405996562
15.9827463057081	-0.0439274538944678	1.16705675998413
15.9852986405463	-0.0437459090175888	1.16702946000265
15.9878517906954	-0.0435643641407098	1.16700216002116
15.9904057565461	-0.0433828192638308	1.16697486003967
15.9929605384894	-0.0432012743869517	1.16694756005819
15.9955161369165	-0.0430197295100727	1.1669202600767
15.9980725522189	-0.0428381846331937	1.16689296009522
16.0006297847883	-0.0426566397563147	1.16686566011373
16.0031878350167	-0.0424750948794357	1.16683836013225
16.0057467032964	-0.0422935500025567	1.16681106015076
16.0083063900197	-0.0421120051256777	1.16678376016927
16.0108668955794	-0.0419304602487987	1.16675646018779
16.0134282203685	-0.0417489153719199	1.1667291602063
16.0159903647802	-0.0415673704950409	1.16670186022482
16.018553329208	-0.0413858256181618	1.16667456024333
16.0211171140457	-0.0412042807412828	1.16664726026185
16.0236817196872	-0.0410227358644038	1.16661996028036
16.0262471465267	-0.0408411909875248	1.16659266029888
16.0288133949588	-0.0406596461106458	1.16656536031739
16.0313804653782	-0.0404781012337668	1.16653806033591
16.0339483581798	-0.0402965563568878	1.16651076035442
16.036517073759	-0.0401150114800088	1.16648346037293
16.0390866125112	-0.0399334666031298	1.16645616039145
16.0416569748323	-0.0397519217262507	1.16642886040996
16.0442281611181	-0.0395703768493717	1.16640156042848
16.0468001717649	-0.0393888319724929	1.16637426044699
16.0493730071694	-0.0392072870956139	1.16634696046551
16.0519466677282	-0.0390257422187349	1.16631966048402
16.0545211538384	-0.0388441973418559	1.16629236050253
16.0570964658973	-0.0386626524649769	1.16626506052105
16.0596726043024	-0.0384811075880979	1.16623776053956
16.0622495694514	-0.0382995627112189	1.16621046055808
16.0648273617425	-0.0381180178343399	1.16618316057659
16.0674059815739	-0.0379364729574609	1.16615586059511
16.0699854293442	-0.0377549280805818	1.16612856061362
16.0725657054522	-0.0375733832037028	1.16610126063214
16.075146810297	-0.0373918383268238	1.16607396065065
16.0777287442779	-0.0372102934499448	1.16604666066916
16.0803115077945	-0.0370287485730658	1.16601936068768
16.0828951012467	-0.036847203696187	1.16599206070619
16.0854795250344	-0.036665658819308	1.16596476072471
16.0880647795581	-0.036484113942429	1.16593746074322
16.0906508652184	-0.03630256906555	1.16591016076174
16.0932377824162	-0.036121024188671	1.16588286078025
16.0958255315526	-0.035939479311792	1.16585556079877
16.0984141130289	-0.0357579344349129	1.16582826081728
16.1010035272468	-0.0355763895580339	1.16580096083579
16.1035937746083	-0.0353948446811549	1.16577366085431
16.1061848555154	-0.0352132998042759	1.16574636087282
16.1087767703707	-0.0350317549273969	1.16571906089134
16.1113695195767	-0.0348502100505179	1.16569176090985
16.1139631035364	-0.0346686651736389	1.16566446092837
16.116557522653	-0.0344871202967601	1.16563716094688
16.11915277733	-0.0343055754198811	1.1656098609654
16.1217488679711	-0.0341240305430021	1.16558256098391
16.1243457949802	-0.033942485666123	1.16555526100242
16.1269435587617	-0.033760940789244	1.16552796102094
16.1295421597199	-0.033579395912365	1.16550066103945
16.1321415982597	-0.033397851035486	1.16547336105797
16.134741874786	-0.033216306158607	1.16544606107648
16.1373429897042	-0.033034761281728	1.165418761095
16.1399449434198	-0.032853216404849	1.16539146111351
16.1425477363386	-0.03267167152797	1.16536416113203
16.1451513688667	-0.032490126651091	1.16533686115054
16.1477558414103	-0.032308581774212	1.16530956116905
16.1503611543761	-0.0321270368973329	1.16528226118757
16.152967308171	-0.0319454920204541	1.16525496120608
16.155574303202	-0.0317639471435751	1.1652276612246
16.1581821398765	-0.0315824022666961	1.16520036124311
16.1607908186022	-0.0314008573898171	1.16517306126163
16.163400339787	-0.0312193125129381	1.16514576128014
16.166010703839	-0.0310377676360591	1.16511846129866
16.1686219111667	-0.0308562227591801	1.16509116131717
16.1712339621787	-0.0306746778823011	1.16506386133568
16.1738468572841	-0.0304931330054221	1.1650365613542
16.176460596892	-0.0303115881285431	1.16500926137271
16.1790751814119	-0.030130043251664	1.16498196139123
16.1816906112537	-0.029948498374785	1.16495466140974
16.1843068868272	-0.029766953497906	1.16492736142826
16.1869240085428	-0.0295854086210272	1.16490006144677
16.1895419768111	-0.0294038637441482	1.16487276146529
16.1921607920428	-0.0292223188672692	1.1648454614838
16.194780454649	-0.0290407739903902	1.16481816150231
16.1974009650412	-0.0288592291135112	1.16479086152083
16.2000223236308	-0.0286776842366322	1.16476356153934
16.2026445308297	-0.0284961393597532	1.16473626155786
16.2052675870502	-0.0283145944828741	1.16470896157637
16.2078914927047	-0.0281330496059951	1.16468166159489
16.2105162482057	-0.0279515047291161	1.1646543616134
16.2131418539663	-0.0277699598522371	1.16462706163192
16.2157683103996	-0.0275884149753581	1.16459976165043
16.2183956179193	-0.0274068700984791	1.16457246166894
16.2210237769389	-0.0272253252216001	1.16454516168746
16.2236527878725	-0.0270437803447213	1.16451786170597
16.2262826511344	-0.0268622354678423	1.16449056172449
16.2289133671392	-0.0266806905909633	1.164463261743
16.2315449363017	-0.0264991457140843	1.16443596176152
16.234177359037	-0.0263176008372052	1.16440866178003
16.2368106357604	-0.0261360559603262	1.16438136179855
16.2394447668876	-0.0259545110834472	1.16435406181706
16.2420797528345	-0.0257729662065682	1.16432676183557
16.2447155940173	-0.0255914213296892	1.16429946185409
16.2473522908523	-0.0254098764528102	1.1642721618726
16.2499898437564	-0.0252283315759312	1.16424486189112
16.2526282531464	-0.0250467866990522	1.16421756190963
16.2552675194397	-0.0248652418221732	1.16419026192815
16.2579076430537	-0.0246836969452944	1.16416296194666
16.2605486244064	-0.0245021520684153	1.16413566196518
16.2631904639156	-0.0243206071915363	1.16410836198369
16.2658331619999	-0.0241390623146573	1.1640810620022
16.2684767190777	-0.0239575174377783	1.16405376202072
16.2711211355681	-0.0237759725608993	1.16402646203923
16.27376641189	-0.0235944276840203	1.16399916205775
16.276412548463	-0.0234128828071413	1.16397186207626
16.2790595457068	-0.0232313379302623	1.16394456209478
16.2817074040413	-0.0230497930533833	1.16391726211329
16.2843561238868	-0.0228682481765043	1.16388996213181
16.2870057056638	-0.0226867032996253	1.16386266215032
16.2896561497932	-0.0225051584227462	1.16383536216883
16.2923074566959	-0.0223236135458672	1.16380806218735
16.2949596267933	-0.0221420686689884	1.16378076220586
16.297612660507	-0.0219605237921094	1.16375346222438
16.300266558259	-0.0217789789152304	1.16372616224289
16.3029213204714	-0.0215974340383514	1.16369886226141
16.3055769475666	-0.0214158891614724	1.16367156227992
16.3082334399674	-0.0212343442845934	1.16364426229844
16.3108907980968	-0.0210527994077144	1.16361696231695
16.313549022378	-0.0208712545308354	1.16358966233546
16.3162081132345	-0.0206897096539563	1.16356236235398
16.3188680710902	-0.0205081647770773	1.16353506237249
16.3215288963692	-0.0203266199001983	1.16350776239101
16.3241905894959	-0.0201450750233193	1.16348046240952
16.3268531508949	-0.0199635301464403	1.16345316242804
16.3295165809911	-0.0197819852695615	1.16342586244655
16.3321808802098	-0.0196004403926825	1.16339856246507
16.3348460489764	-0.0194188955158035	1.16337126248358
16.3375120877168	-0.0192373506389245	1.16334396250209
16.3401789968568	-0.0190558057620455	1.16331666252061
16.3428467768229	-0.0188742608851664	1.16328936253912
16.3455154280417	-0.0186927160082874	1.16326206255764
16.3481849509399	-0.0185111711314084	1.16323476257615
16.3508553459449	-0.0183296262545294	1.16320746259467
16.3535266134839	-0.0181480813776504	1.16318016261318
16.3561987539848	-0.0179665365007714	1.1631528626317
16.3588717678755	-0.0177849916238924	1.16312556265021
16.3615456555842	-0.0176034467470134	1.16309826266872
16.3642204175396	-0.0174219018701344	1.16307096268724
16.3668960541705	-0.0172403569932556	1.16304366270575
16.3695725659059	-0.0170588121163766	1.16301636272427
16.3722499531754	-0.0168772672394975	1.16298906274278
16.3749282164084	-0.0166957223626185	1.1629617627613
16.3776073560351	-0.0165141774857395	1.16293446277981
16.3802873724856	-0.0163326326088605	1.16290716279832
16.3829682661905	-0.0161510877319815	1.16287986281684
16.3856500375805	-0.0159695428551025	1.16285256283535
16.3883326870868	-0.0157879979782235	1.16282526285387
16.3910162151406	-0.0156064531013445	1.16279796287238
16.3937006221737	-0.0154249082244655	1.1627706628909
16.396385908618	-0.0152433633475865	1.16274336290941
16.3990720749057	-0.0150618184707074	1.16271606292793
16.4017591214693	-0.0148802735938286	1.16268876294644
16.4044470487416	-0.0146987287169496	1.16266146296495
16.4071358571555	-0.0145171838400706	1.16263416298347
16.4098255471446	-0.0143356389631916	1.16260686300198
16.4125161191424	-0.0141540940863126	1.1625795630205
16.4152075735828	-0.0139725492094336	1.16255226303901
16.4178999109001	-0.0137910043325546	1.16252496305753
16.4205931315286	-0.0136094594556756	1.16249766307604
16.4232872359033	-0.0134279145787966	1.16247036309456
16.4259822244591	-0.0132463697019175	1.16244306311307
16.4286780976314	-0.0130648248250385	1.16241576313158
16.4313748558558	-0.0128832799481595	1.1623884631501
16.4340724995682	-0.0127017350712805	1.16236116316861
16.4367710292049	-0.0125201901944015	1.16233386318713
16.4394704452022	-0.0123386453175227	1.16230656320564
16.4421707479971	-0.0121571004406437	1.16227926322416
16.4448719380265	-0.0119755555637647	1.16225196324267
16.4475740157278	-0.0117940106868857	1.16222466326119
16.4502769815387	-0.0116124658100067	1.1621973632797
16.452980835897	-0.0114309209331277	1.16217006329821
16.455685579241	-0.0112493760562486	1.16214276331673
16.4583912120091	-0.0110678311793696	1.16211546333524
16.4610977346402	-0.0108862863024906	1.16208816335376
16.4638051475733	-0.0107047414256116	1.16206086337227
16.4665134512478	-0.0105231965487326	1.16203356339079
16.4692226461034	-0.0103416516718536	1.1620062634093
16.47193273258	-0.0101601067949746	1.16197896342782
16.4746437111178	-0.00997856191809578	1.16195166344633
16.4773555821573	-0.00979701704121677	1.16192436346484
16.4800683461394	-0.00961547216433776	1.16189706348336
16.4827820035052	-0.00943392728745875	1.16186976350187
16.4854965546961	-0.00925238241057974	1.16184246352039
16.4882120001537	-0.00907083753370073	1.1618151635389
16.49092834032	-0.00888929265682172	1.16178786355742
16.4936455756373	-0.00870774777994271	1.16176056357593
16.4963637065482	-0.0085262029030637	1.16173326359445
16.4990827334954	-0.00834465802618469	1.16170596361296
16.5018026569222	-0.00816311314930568	1.16167866363147
16.504523477272	-0.00798156827242667	1.16165136364999
16.5072451949885	-0.00780002339554766	1.1616240636685
16.5099678105158	-0.00761847851866865	1.16159676368702
16.512691324298	-0.00743693364178984	1.16156946370553
16.5154157367799	-0.00725538876491083	1.16154216372405
16.5181410484064	-0.00707384388803182	1.16151486374256
16.5208672596226	-0.00689229901115281	1.16148756376108
16.5235943708741	-0.0067107541342738	1.16146026377959
16.5263223826065	-0.00652920925739479	1.1614329637981
16.5290512952661	-0.00634766438051578	1.16140566381662
16.5317811092991	-0.00616611950363677	1.16137836383513
16.5345118251522	-0.00598457462675776	1.16135106385365
16.5372434432724	-0.00580302974987875	1.16132376387216
16.5399759641069	-0.00562148487299974	1.16129646389068
16.5427093881034	-0.00543993999612073	1.16126916390919
16.5454437157096	-0.00525839511924172	1.16124186392771
16.5481789473736	-0.00507685024236292	1.16121456394622
16.5509150835441	-0.00489530536548391	1.16118726396473
16.5536521246695	-0.0047137604886049	1.16115996398325
16.5563900711991	-0.00453221561172589	1.16113266400176
16.5591289235821	-0.00435067073484688	1.16110536402028
16.5618686822682	-0.00416912585796787	1.16107806403879
16.5646093477072	-0.00398758098108886	1.16105076405731
16.5673509203495	-0.00380603610420985	1.16102346407582
16.5700934006455	-0.00362449122733084	1.16099616409434
16.572836789046	-0.00344294635045183	1.16096886411285
16.5755810860022	-0.00326140147357282	1.16094156413136
16.5783262919655	-0.00307985659669381	1.16091426414988
16.5810724073877	-0.0028983117198148	1.16088696416839
16.5838194327206	-0.00271676684293579	1.16085966418691
16.5865673684167	-0.00253522196605698	1.16083236420542
16.5893162149285	-0.00235367708917797	1.16080506422394
16.592065972709	-0.00217213221229896	1.16077776424245
16.5948166422114	-0.00199058733541995	1.16075046426097
16.5975682238892	-0.00180904245854094	1.16072316427948
16.6003207181963	-0.00162749758166193	1.16069586429799
16.6030741255867	-0.00144595270478292	1.16066856431651
16.6058284465148	-0.00126440782790391	1.16064126433502
16.6085836814354	-0.0010828629510249	1.16061396435354
16.6113398308035	-9.01318074145892E-4	1.16058666437205
16.6140968950745	-7.19773197266882E-4	1.16055936439057
16.6168548747039	-5.38228320387872E-4	1.16053206440908
16.6196137701478	-3.56683443508862E-4	1.1605047644276
16.6223735818622	-1.75138566630056E-4	1.16047746444611
16.6251343103038	6.40631024895417E-6	1.16045016446462
16.6278959559294	1.87951187127964E-4	1.16042286448314
16.6306585191962	3.69496064006974E-4	1.16039556450165
16.6334220005615	5.51040940885984E-4	1.16036826452017
16.6361864004833	7.32585817764994E-4	1.16034096453868
16.6389517194194	9.14130694644004E-4	1.1603136645572
16.6417179578282	0.00109567557152301	1.16028636457571
16.6444851161685	0.00127722044840202	1.16025906459423
16.6472531948992	0.00145876532528103	1.16023176461274
16.6500221944796	0.00164031020216004	1.16020446463125
16.6527921153692	0.00182185507903905	1.16017716464977
16.655562958028	0.00200339995591806	1.16014986466828
16.6583347229161	0.00218494483279707	1.1601225646868
16.661107410494	0.00236648970967588	1.16009526470531
16.6638810212226	0.00254803458655489	1.16006796472383
16.666655555563	0.0027295794634339	1.16004066474234
16.6694310139765	0.00291112434031291	1.16001336476086
16.6722073969249	0.00366296366649574	1.15951490463427
16.6749847048703	0.00496175155805596	1.15856457203069
16.6777629382749	0.00626053944961619	1.15761423942711
16.6805420976015	0.00755932734117641	1.15666390682353
16.683322183313	0.00885811523273664	1.15571357421995
16.6861031958727	0.0101569031242969	1.15476324161637
16.6888851357441	0.0114556910158571	1.15381290901279
16.6916680033911	0.0127544789074173	1.15286257640921
16.6944517992779	0.0140532667989775	1.15191224380563
16.6972365238691	0.0153520546905363	1.15096191120205
16.7000221776295	0.0166508425820965	1.15001157859847
16.7028087610241	0.0179496304736567	1.14906124599489
16.7055962745184	0.019248418365217	1.1481109133913
16.7083847185782	0.0205472062567772	1.14716058078772
16.7111740936695	0.0218459941483374	1.14621024818414
16.7139644002587	0.0231447820398977	1.14525991558056
16.7167556388124	0.0244435699314579	1.14430958297698
16.7195478097978	0.0257423578230181	1.1433592503734
16.722340913682	0.0270411457145783	1.14240891776982
16.7251349509326	0.0283399336061385	1.14145858516624
16.7279299220177	0.0296387214976988	1.14050825256266
16.7307258274055	0.030937509389259	1.13955791995908
16.7335226675645	0.0322362972808192	1.1386075873555
16.7363204429635	0.033535085172378	1.13765725475192
16.7391191540719	0.0348338730639382	1.13670692214834
16.741918801359	0.0361326609554984	1.13575658954476
16.7447193852947	0.0374314488470587	1.13480625694118
16.747520906349	0.0387302367386189	1.1338559243376
16.7503233649926	0.0400290246301791	1.13290559173402
16.753126761696	0.0413278125217393	1.13195525913043
16.7559310969304	0.0426266004132996	1.13100492652685
16.7587363711671	0.0439253883048598	1.13005459392327
16.7615425848779	0.04522417619642	1.12910426131969
16.7643497385348	0.0465229640879802	1.12815392871611
16.7671578326101	0.0478217519795405	1.12720359611253
16.7699668675765	0.0491205398711007	1.12625326350895
16.7727768439068	0.0504193277626594	1.12530293090537
16.7755877620745	0.0517181156542197	1.12435259830179
16.7783996225531	0.0530169035457799	1.12340226569821
16.7812124258166	0.0543156914373401	1.12245193309463
16.7840261723391	0.0556144793289003	1.12150160049105
16.7868408625952	0.0569132672204606	1.12055126788747
16.7896564970598	0.0582120551120208	1.11960093528389
16.7924730762081	0.059510843003581	1.11865060268031
16.7952906005156	0.0608096308951412	1.11770027007673
16.7981090704582	0.0621084187867015	1.11674993747315
16.8009284865119	0.0634072066782617	1.11579960486956
16.8037488491533	0.0647059945698219	1.11484927226598
16.8065701588591	0.0660047824613822	1.1138989396624
16.8093924161064	0.0673035703529424	1.11294860705882
16.8122156213728	0.0686023582445011	1.11199827445524
16.8150397751358	0.0699011461360614	1.11104794185166
16.8178648778737	0.0711999340276216	1.11009760924808
16.8206909300648	0.0724987219191818	1.1091472766445
16.8235179321878	0.073797509810742	1.10819694404092
16.8263458847217	0.0750962977023023	1.10724661143734
16.8291747881459	0.0763950855938625	1.10629627883376
16.8320046429402	0.0776938734854227	1.10534594623018
16.8348354495844	0.0789926613769829	1.1043956136266
16.8376672085589	0.0802914492685432	1.10344528102302
16.8404999203444	0.0815902371601034	1.10249494841944
16.8433335854219	0.0828890250516636	1.10154461581586
16.8461682042726	0.0841878129432238	1.10059428321228
16.8490037773782	0.0850079916941446	1.09997336101952
16.8518403052205	0.0850293223513203	1.09990225882893
16.854677788282	0.0850506530084959	1.09983115663835
16.8575162270451	0.0850719836656716	1.09976005444776
16.8603556219929	0.0850933143228473	1.09968895225718
16.8631959736084	0.0851146449800229	1.09961785006659
16.8660372823754	0.0851359756371986	1.099546747876
16.8688795487777	0.0851573062943743	1.09947564568542
16.8717227732996	0.0851786369515499	1.09940454349483
16.8745669564255	0.0851999676087256	1.09933344130425
16.8774120986404	0.0852212982659012	1.09926233911366
16.8802582004294	0.0852426289230769	1.09919123692308
16.8831052622782	0.0852639595802526	1.09912013473249
16.8859532846725	0.0852852902374282	1.09904903254191
16.8888022680986	0.0853066208946039	1.09897793035132
16.8916522130429	0.0853279515517795	1.09890682816074
16.8945031199924	0.0853492822089552	1.09883572597015
16.8973549894341	0.0853706128661309	1.09876462377956
16.9002078218556	0.0853919435233065	1.09869352158898
16.9030616177447	0.0854132741804822	1.09862241939839
16.9059163775896	0.0854346048376578	1.09855131720781
16.9087721018787	0.0854559354948335	1.09848021501722
16.911628791101	0.0854772661520092	1.09840911282664
16.9144864457454	0.0854985968091848	1.09833801063605
16.9173450663016	0.0855199274663605	1.09826690844547
16.9202046532593	0.0855412581235361	1.09819580625488
16.9230652071087	0.0855625887807118	1.09812470406429
16.9259267283402	0.0855839194378874	1.09805360187371
16.9287892174447	0.0856052500950631	1.09798249968312
16.9316526749133	0.0856265807522388	1.09791139749254
16.9345171012374	0.0856479114094144	1.09784029530195
16.9373824969089	0.0856692420665901	1.09776919311137
16.9402488624199	0.0856905727237658	1.09769809092078
16.9431161982629	0.0857119033809414	1.0976269887302
16.9459845049307	0.0857332340381171	1.09755588653961
16.9488537829164	0.0857545646952927	1.09748478434902
16.9517240327134	0.0857758953524684	1.09741368215844
16.9545952548157	0.0857972260096441	1.09734257996785
16.9574674497173	0.0858185566668197	1.09727147777727
16.9603406179127	0.0858398873239954	1.09720037558668
16.9632147598967	0.0858612179811711	1.0971292733961
16.9660898761645	0.0858825486383467	1.09705817120551
16.9689659672115	0.0859038792955224	1.09698706901493
16.9718430335336	0.085925209952698	1.09691596682434
16.974721075627	0.0859465406098737	1.09684486463375
16.977600093988	0.0859678712670493	1.09677376244317
16.9804800891136	0.085989201924225	1.09670266025258
16.9833610615008	0.0860105325814007	1.096631558062
16.9862430116473	0.0860318632385763	1.09656045587141
16.9891259400508	0.086053193895752	1.09648935368083
16.9920098472096	0.0860745245529276	1.09641825149024
16.994894733622	0.0860958552101033	1.09634714929966
16.9977805997871	0.086117185867279	1.09627604710907
17.0006674462039	0.0861385165244546	1.09620494491848
17.0035552733721	0.0861598471816303	1.0961338427279
17.0064440817915	0.0861811778388059	1.09606274053731
17.0093338719622	0.0862025084959816	1.09599163834673
17.012224644385	0.0862238391531573	1.09592053615614
17.0151163995605	0.0862451698103329	1.09584943396556
17.0180091379902	0.0862665004675086	1.09577833177497
17.0209028601755	0.0862878311246842	1.09570722958439
17.0237975666184	0.0863091617818599	1.0956361273938
17.0266932578211	0.0863304924390356	1.09556502520321
17.0295899342862	0.0863518230962112	1.09549392301263
17.0324875965167	0.0863731537533869	1.09542282082204
17.0353862450159	0.0863944844105625	1.09535171863146
17.0382858802873	0.0864158150677382	1.09528061644087
17.041186502835	0.0864371457249139	1.09520951425029
17.0440881131632	0.0864584763820895	1.0951384120597
17.0469907117766	0.0864798070392652	1.09506730986912
17.0498942991803	0.0865011376964408	1.09499620767853
17.0527988758795	0.0865224683536165	1.09492510548795
17.0557044423799	0.0865437990107922	1.09485400329736
17.0586109991877	0.0865651296679678	1.09478290110677
17.061518546809	0.0865864603251435	1.09471179891619
17.0644270857508	0.0866077909823191	1.0946406967256
17.06733661652	0.0866291216394948	1.09456959453502
17.070247139624	0.0866504522966705	1.09449849234443
17.0731586555707	0.0866717829538461	1.09442739015385
17.0760711648681	0.0866931136110218	1.09435628796326
17.0789846680247	0.0867144442681975	1.09428518577268
17.0818991655492	0.0867357749253731	1.09421408358209
17.0848146579509	0.0867571055825488	1.0941429813915
17.0877311457392	0.0867784362397244	1.09407187920092
17.090648629424	0.0867997668969001	1.09400077701033
17.0935671095154	0.0868210975540757	1.09392967481975
17.096486586524	0.0868424282112514	1.09385857262916
17.0994070609608	0.0868637588684271	1.09378747043858
17.1023285333368	0.0868850895256027	1.09371636824799
17.1052510041638	0.0869064201827784	1.09364526605741
17.1081744739536	0.086927750839954	1.09357416386682
17.1110989432185	0.0869490814971297	1.09350306167623
17.1140244124713	0.0869704121543054	1.09343195948565
17.1169508822248	0.086991742811481	1.09336085729506
17.1198783529924	0.0870130734686567	1.09328975510448
17.1228068252878	0.0870344041258323	1.09321865291389
17.125736299625	0.087055734783008	1.09314755072331
17.1286667765185	0.0870770654401837	1.09307644853272
17.131598256483	0.0870983960973593	1.09300534634214
17.1345307400335	0.087119726754535	1.09293424415155
17.1374642276856	0.0871410574117106	1.09286314196096
17.140398719955	0.0871623880688863	1.09279203977038
17.1433342173579	0.087183718726062	1.09272093757979
17.1462707204109	0.0872050493832376	1.09264983538921
17.1492082296306	0.0872263800404133	1.09257873319862
17.1521467455345	0.087247710697589	1.09250763100804
17.1550862686401	0.0872690413547646	1.09243652881745
17.1580267994652	0.0872903720119403	1.09236542662687
17.1609683385282	0.0873117026691159	1.09229432443628
17.1639108863478	0.0873330333262916	1.09222322224569
17.1668544434429	0.0873543639834672	1.09215212005511
17.1697990103328	0.0873756946406429	1.09208101786452
17.1727445875373	0.0873970252978186	1.09200991567394
17.1756911755764	0.0874183559549942	1.09193881348335
17.1786387749707	0.0874396866121699	1.09186771129277
17.1815873862407	0.0874610172693455	1.09179660910218
17.1845370099077	0.0874823479265212	1.0917255069116
17.1874876464933	0.0875036785836969	1.09165440472101
17.1904392965191	0.0875250092408725	1.09158330253043
17.1933919605075	0.0875463398980482	1.09151220033984
17.196345638981	0.0875676705552239	1.09144109814925
17.1993003324625	0.0875890012123995	1.09136999595867
17.2022560414753	0.0876103318695752	1.09129889376808
17.2052127665432	0.0876316625267508	1.0912277915775
17.20817050819	0.0876529931839265	1.09115668938691
17.2111292669401	0.0876743238411021	1.09108558719633
17.2140890433184	0.0876956544982778	1.09101448500574
17.2170498378498	0.0877169851554535	1.09094338281516
17.2200116510599	0.0877383158126291	1.09087228062457
17.2229744834744	0.0877596464698048	1.09080117843398
17.2259383356195	0.0877809771269805	1.0907300762434
17.2289032080218	0.0878023077841561	1.09065897405281
17.2318691012081	0.0878236384413318	1.09058787186223
17.2348360157058	0.0878449690985074	1.09051676967164
17.2378039520424	0.0878662997556831	1.09044566748106
17.2407729107459	0.0878876304128587	1.09037456529047
17.2437428923447	0.0879089610700344	1.09030346309989
17.2467138973676	0.0879302917272101	1.0902323609093
17.2496859263435	0.0879516223843857	1.09016125871871
17.252658979802	0.0879729530415614	1.09009015652813
17.2556330582728	0.087994283698737	1.09001905433754
17.2586081622861	0.088286885466978	1.08976317508431
17.2615842923726	0.0886787976008494	1.08943965030265
17.264561449063	0.0890707097347208	1.089116125521
17.2675396328887	0.0894626218685921	1.08879260073935
17.2705188443812	0.0898545340024634	1.0884690759577
17.2734990840727	0.0902464461363348	1.08814555117605
17.2764803524955	0.0906383582702061	1.08782202639439
17.2794626501823	0.0910302704040775	1.08749850161274
17.2824459776662	0.0914221825379484	1.08717497683109
17.2854303354808	0.0918140946718197	1.08685145204944
17.2884157241599	0.092206006805691	1.08652792726779
17.2914021442376	0.0925979189395624	1.08620440248613
17.2943895962486	0.0929898310734337	1.08588087770448
17.2973780807279	0.0933817432073051	1.08555735292283
17.3003675982107	0.0937736553411764	1.08523382814118
17.3033581492328	0.0941655674750478	1.08491030335952
17.3063497343302	0.0945574796089191	1.08458677857787
17.3093423540394	0.0949493917427904	1.08426325379622
17.3123360088972	0.0953413038766618	1.08393972901457
17.3153306994407	0.0957332160105331	1.08361620423292
17.3183264262075	0.0961251281444045	1.08329267945126
17.3213231897355	0.0965170402782754	1.08296915466961
17.3243209905631	0.0969089524121467	1.08264562988796
17.3273198292289	0.0973008645460181	1.08232210510631
17.3303197062719	0.0976927766798894	1.08199858032466
17.3333206222315	0.0980846888137608	1.081675055543
17.3363225776477	0.0984766009476321	1.08135153076135
17.3393255730604	0.0988685130815034	1.0810280059797
17.3423296090102	0.0992604252153748	1.08070448119805
17.3453346860382	0.0996523373492461	1.08038095641639
17.3483408046854	0.100044249483117	1.08005743163474
17.3513479654937	0.100436161616989	1.07973390685309
17.3543561690051	0.10082807375086	1.07941038207144
17.3573654157618	0.101219985884731	1.07908685728979
17.3603757063069	0.101611898018603	1.07876333250813
17.3633870411834	0.102003810152474	1.07843980772648
17.3663994209348	0.102395722286345	1.07811628294483
17.3694128461051	0.102787634420216	1.07779275816318
17.3724273172386	0.103179546554088	1.07746923338153
17.37544283488	0.103571458687959	1.07714570859987
17.3784593995742	0.10396337082183	1.07682218381822
17.3814770118669	0.104355282955702	1.07649865903657
17.3844956723037	0.104747195089573	1.07617513425492
17.3875153814308	0.105139107223444	1.07585160947326
17.3905361397949	0.105531019357316	1.07552808469161
17.3935579479428	0.105922931491187	1.07520455990996
17.396580806422	0.106314843625058	1.07488103512831
17.3996047157801	0.10670675575893	1.07455751034666
17.4026296765652	0.107098667892801	1.074233985565
17.4056556893258	0.107490580026672	1.07391046078335
17.4086827546107	0.107882492160543	1.0735869360017
17.4117108729692	0.108274404294415	1.07326341122005
17.4147400449509	0.108666316428286	1.07293988643839
17.4177702711059	0.109058228562157	1.07261636165674
17.4208015519844	0.109450140696029	1.07229283687509
17.4238338881372	0.1098420528299	1.07196931209344
17.4268672801156	0.110233964963771	1.07164578731179
17.4299017284711	0.110625877097643	1.07132226253013
17.4329372337555	0.111017789231514	1.07099873774848
17.4359737965211	0.111409701365385	1.07067521296683
17.4390114173208	0.111801613499257	1.07035168818518
17.4420500967074	0.112193525633128	1.07002816340353
17.4450898352346	0.112585437766999	1.06970463862187
17.4481306334561	0.11297734990087	1.06938111384022
17.4511724919262	0.113369262034742	1.06905758905857
17.4542154111995	0.113761174168613	1.06873406427692
17.457259391831	0.114153086302484	1.06841053949526
17.4603044343761	0.114544998436356	1.06808701471361
17.4633505393905	0.114936910570227	1.06776348993196
17.4663977074305	0.115328822704098	1.06743996515031
17.4694459390526	0.11572073483797	1.06711644036866
17.4724952348137	0.116112646971841	1.066792915587
17.4755455952713	0.116504559105713	1.06646939080535
17.4785970209829	0.116896471239584	1.0661458660237
17.4816495125067	0.117288383373455	1.06582234124205
17.4847030704013	0.117680295507326	1.0654988164604
17.4877576952255	0.118072207641197	1.06517529167874
17.4908133875385	0.118464119775069	1.06485176689709
17.4938701479002	0.11885603190894	1.06452824211544
17.4969279768705	0.119247944042811	1.06420471733379
17.4999868750098	0.119639856176683	1.06388119255213
17.5030468428792	0.120031768310554	1.06355766777048
17.5061078810397	0.120423680444426	1.06323414298883
17.509169990053	0.120815592578297	1.06291061820718
17.5122331704812	0.121207504712168	1.06258709342553
17.5152974228867	0.12159941684604	1.06226356864387
17.5183627478323	0.121991328979911	1.06194004386222
17.5214291458811	0.122383241113782	1.06161651908057
17.5244966175969	0.122775153247653	1.06129299429892
17.5275651635436	0.123167065381524	1.06096946951727
17.5306347842855	0.123558977515396	1.06064594473561
17.5337054803876	0.123950889649267	1.06032241995396
17.5367772524149	0.124342801783139	1.05999889517231
17.5398501009331	0.12473471391701	1.05967537039066
17.5429240265081	0.125126626050881	1.059351845609
17.5459990297063	0.125518538184753	1.05902832082735
17.5490751110944	0.125910450318624	1.0587047960457
17.5521522712397	0.126302362452495	1.05838127126405
17.5552305107097	0.126694274586367	1.0580577464824
17.5583098300724	0.127086186720238	1.05773422170074
17.5613902298962	0.127478098854109	1.05741069691909
17.5644717107497	0.127870010987981	1.05708717213744
17.5675542732022	0.128261923121851	1.05676364735579
17.5706379178232	0.128653835255723	1.05644012257414
17.5737226451827	0.129045747389594	1.05611659779248
17.576808455851	0.129437659523466	1.05579307301083
17.579895350399	0.129829571657337	1.05546954822918
17.5829833293977	0.130221483791208	1.05514602344753
17.5860723934187	0.13061339592508	1.05482249866587
17.5891625430341	0.131005308058951	1.05449897388422
17.5922537788161	0.131397220192822	1.05417544910257
17.5953461013376	0.131789132326694	1.05385192432092
17.5984395111717	0.132181044460565	1.05352839953927
17.6015340088919	0.132572956594436	1.05320487475761
17.6046295950724	0.132964868728308	1.05288134997596
17.6077262702874	0.133356780862179	1.05255782519431
17.6108240351118	0.13374869299605	1.05223430041266
17.6139228901207	0.134140605129921	1.051910775631
17.6170228358897	0.134532517263793	1.05158725084935
17.6201238729949	0.134924429397664	1.0512637260677
17.6232260020126	0.135316341531535	1.05094020128605
17.6263292235197	0.135708253665407	1.0506166765044
17.6294335380933	0.136100165799278	1.05029315172274
17.6325389463112	0.136492077933149	1.04996962694109
17.6356454487513	0.136883990067021	1.04964610215944
17.6387530459922	0.137275902200892	1.04932257737779
17.6418617386125	0.137667814334763	1.04899905259614
17.6449715271917	0.138059726468635	1.04867552781448
17.6480824123093	0.138451638602506	1.04835200303283
17.6511943945455	0.138843550736377	1.04802847825118
17.6543074744807	0.139235462870248	1.04770495346953
17.6574216526958	0.13962737500412	1.04738142868787
17.6605369297722	0.140019287137991	1.04705790390622
17.6636533062915	0.140411199271862	1.04673437912457
17.6667707828358	0.140803111405734	1.04641085434292
17.6698893599878	0.141195023539605	1.04608732956127
17.6730090383303	0.141586935673476	1.04576380477961
17.6761298184467	0.141978847807348	1.04544027999796
17.6792517009208	0.142370759941219	1.04511675521631
17.6823746863368	0.14276267207509	1.04479323043466
17.6854987752792	0.143154584208962	1.04446970565301
17.6886239683331	0.143546496342833	1.04414618087135
17.6917502660839	0.143938408476704	1.0438226560897
17.6948776691175	0.144330320610575	1.04349913130805
17.69800617802	0.144722232744447	1.0431756065264
17.7011357933782	0.145114144878318	1.04285208174474
17.7042665157791	0.145506057012189	1.04252855696309
17.7073983458103	0.145897969146061	1.04220503218144
17.7105312840596	0.146289881279932	1.04188150739979
17.7136653311154	0.146681793413803	1.04155798261814
17.7168004875664	0.147073705547675	1.04123445783648
17.7199367540017	0.147465617681546	1.04091093305483
17.7230741310111	0.147857529815417	1.04058740827318
17.7262126191844	0.148249441949289	1.04026388349153
17.7293522191121	0.14864135408316	1.03994035870988
17.732492931385	0.149033266217031	1.03961683392822
17.7356347565944	0.149425178350902	1.03929330914657
17.7387776953319	0.149817090484774	1.03896978436492
17.7419217481896	0.150209002618645	1.03864625958327
17.7450669157601	0.150600914752516	1.03832273480161
17.7482131986362	0.150992826886388	1.03799921001996
17.7513605974114	0.151384739020259	1.03767568523831
17.7545091126794	0.15177665115413	1.03735216045666
17.7576587450343	0.152168563288002	1.03702863567501
17.7608094950708	0.152560475421873	1.03670511089335
17.763961363384	0.152952387555744	1.0363815861117
17.7671143505693	0.153344299689616	1.03605806133005
17.7702684572226	0.153736211823487	1.0357345365484
17.7734236839402	0.154128123957358	1.03541101176674
17.7765800313188	0.154520036091229	1.03508748698509
17.7797374999556	0.154911948225101	1.03476396220344
17.7828960904481	0.155303860358972	1.03444043742179
17.7860558033944	0.155695772492843	1.03411691264014
17.7892166393928	0.156087684626715	1.03379338785848
17.7923785990423	0.156479596760586	1.03346986307683
17.7955416829422	0.156871508894457	1.03314633829518
17.798705891692	0.157263421028329	1.03282281351353
17.801871225892	0.1576553331622	1.03249928873188
17.8050376861428	0.158047245296071	1.03217576395022
17.8082052730452	0.158439157429943	1.03185223916857
17.8113739872007	0.158831069563814	1.03152871438692
17.8145438292113	0.159222981697685	1.03120518960527
17.817714799679	0.159614893831557	1.03088166482361
17.8208868992067	0.160006805965428	1.03055814004196
17.8240601283974	0.160398718099299	1.03023461526031
17.8272344878548	0.16079063023317	1.02991109047866
17.8304099781827	0.161182542367042	1.02958756569701
17.8335865999857	0.161574454500913	1.02926404091535
17.8367643538686	0.161966366634784	1.0289405161337
17.8399432404366	0.162358278768656	1.02861699135205
17.8431232602955	0.162750190902527	1.0282934665704
17.8463044140514	0.163142103036398	1.02796994178875
17.8494867023109	0.16353401517027	1.02764641700709
17.852670125681	0.163925927304141	1.02732289222544
17.8558546847692	0.164317839438012	1.02699936744379
17.8590403801833	0.164709751571884	1.02667584266214
17.8622272125316	0.165101663705755	1.02635231788048
17.8654151824229	0.165493575839626	1.02602879309883
17.8686042904663	0.165885487973497	1.02570526831718
17.8717945372715	0.166277400107369	1.02538174353553
17.8749859234486	0.16666931224124	1.02505821875388
17.8781784496079	0.167061224375111	1.02473469397222
17.8813721163605	0.167453136508983	1.02441116919057
17.8845669243177	0.167845048642854	1.02408764440892
17.8877628740913	0.168236960776725	1.02376411962727
17.8909599662934	0.168628872910597	1.02344059484562
17.8941582015369	0.169020785044468	1.02311707006396
17.8973575804348	0.169412697178339	1.02279354528231
17.9005581036006	0.169804609312211	1.02247002050066
17.9037597716483	0.170196521446082	1.02214649571901
17.9069625851924	0.170588433579953	1.02182297093735
17.9101665448477	0.170980345713824	1.0214994461557
17.9133716512295	0.171372257847696	1.02117592137405
17.9165779049536	0.171764169981567	1.0208523965924
17.9197853066362	0.172156082115438	1.02052887181075
17.9229938568939	0.17254799424931	1.02020534702909
17.9262035563437	0.172939906383181	1.01988182224744
17.9294144056032	0.173331818517052	1.01955829746579
17.9326264052903	0.173723730650924	1.01923477268414
17.9358395560234	0.174115642784795	1.01891124790248
17.9390538584214	0.174507554918666	1.01858772312083
17.9422693131035	0.174899467052538	1.01826419833918
17.9454859206896	0.175291379186409	1.01794067355753
17.9487036817996	0.17568329132028	1.01761714877588
17.9519225970544	0.176075203454151	1.01729362399422
17.9551426670748	0.176467115588023	1.01697009921257
17.9583638924826	0.176859027721894	1.01664657443092
17.9615862738995	0.177250939855765	1.01632304964927
17.964809811948	0.177642851989637	1.01599952486762
17.9680345072509	0.178034764123508	1.01567600008596
17.9712603604316	0.178426676257379	1.01535247530431
17.9744873721138	0.178818588391251	1.01502895052266
17.9777155429216	0.179210500525122	1.01470542574101
17.9809448734798	0.179602412658993	1.01438190095935
17.9841753644133	0.179994324792865	1.0140583761777
17.9874070163479	0.180386236926736	1.01373485139605
17.9906398299093	0.180778149060607	1.0134113266144
17.9938738057241	0.181170061194478	1.01308780183275
17.9971089444192	0.18156197332835	1.01276427705109
18.0003452466218	0.181953885462221	1.01244075226944
18.0035827129599	0.182345797596092	1.01211722748779
18.0068213440616	0.182737709729964	1.01179370270614
18.0100611405556	0.183129621863835	1.01147017792449
18.013302103071	0.183521533997706	1.01114665314283
18.0165442322376	0.183913446131578	1.01082312836118
18.0197875286853	0.184305358265449	1.01049960357953
18.0230319930446	0.18469727039932	1.01017607879788
18.0262776259465	0.185089182533192	1.00985255401622
18.0295244280224	0.185481094667063	1.00952902923457
18.0327723999041	0.185873006800934	1.00920550445292
18.0360215422241	0.186264918934805	1.00888197967127
18.0392718556151	0.186656831068677	1.00855845488962
18.0425233407103	0.187048743202548	1.00823493010796
18.0457759981435	0.187440655336419	1.00791140532631
18.0490298285487	0.187832567470291	1.00758788054466
18.0522848325605	0.188224479604162	1.00726435576301
18.0555410108142	0.188616391738033	1.00694083098136
18.0587983639451	0.189008303871905	1.0066173061997
18.0620568925893	0.189400216005776	1.00629378141805
18.0653165973832	0.189792128139647	1.0059702566364
18.0685774789637	0.190184040273519	1.00564673185475
18.0718395379681	0.19057595240739	1.00532320707309
18.0751027750344	0.190967864541261	1.00499968229144
18.0783671908007	0.191359776675133	1.00467615750979
18.0816327859059	0.191751688809004	1.00435263272814
18.0848995609891	0.192143600942875	1.00402910794649
18.08816751669	0.192535513076746	1.00370558316483
18.0914366536487	0.192927425210618	1.00338205838318
18.0947069725058	0.193319337344489	1.00305853360153
18.0979784739024	0.19371124947836	1.00273500881988
18.1012511584801	0.194103161612232	1.00241148403822
18.1045250268807	0.194495073746103	1.00208795925657
18.1078000797468	0.194886985879974	1.00176443447492
18.1110763177212	0.195278898013846	1.00144090969327
18.1143537414473	0.195670810147717	1.00111738491162
18.117632351569	0.196062722281588	1.00079386012996
18.1209121487307	0.19645463441546	1.00047033534831
18.1241931335769	0.196846546549331	1.00014681056666
18.1274753067531	0.197238458683202	0.999823285785008
18.130758668905	0.197630370817073	0.999499761003355
18.1340432206786	0.198022282950945	0.999176236221703
18.1373289627207	0.198414195084816	0.998852711440051
18.1406158956784	0.198806107218687	0.998529186658399
18.1439040201993	0.199198019352559	0.998205661876747
18.1471933369313	0.19958993148643	0.997882137095095
18.1504838465231	0.199981843620301	0.997558612313442
18.1537755496237	0.200373755754173	0.99723508753179
18.1570684468825	0.200765667888044	0.996911562750138
18.1603625389494	0.201157580021915	0.996588037968486
18.163657826475	0.201549492155787	0.996264513186834
18.1669543101099	0.201941404289658	0.995940988405182
18.1702519905057	0.202333316423529	0.99561746362353
18.1735508683141	0.2027252285574	0.995293938841878
18.1768509441874	0.203117140691272	0.994970414060225
18.1801522187785	0.203509052825143	0.994646889278573
18.1834546927405	0.203900964959014	0.994323364496921
18.1867583667273	0.204292877092886	0.993999839715269
18.1900632413929	0.204684789226757	0.993676314933617
18.1933693173921	0.205076701360628	0.993352790151964
18.19667659538	0.2054686134945	0.993029265370312
18.1999850760122	0.205860525628371	0.99270574058866
18.203294759945	0.206252437762242	0.992382215807008
18.2066056478347	0.206644349896114	0.992058691025356
18.2099177403386	0.207036262029985	0.991735166243704
18.2132310381141	0.207428174163856	0.991411641462052
18.2165455418193	0.207820086297727	0.9910881166804
18.2198612521126	0.208211998431599	0.990764591898747
18.2231781696531	0.20860391056547	0.990441067117095
18.2264962951001	0.208995822699341	0.990117542335443
18.2298156291137	0.209387734833213	0.989794017553791
18.2331361723542	0.209779646967084	0.989470492772139
18.2364579254826	0.210171559100955	0.989146967990486
18.2397808891601	0.210563471234827	0.988823443208834
18.2431050640488	0.210955383368698	0.988499918427182
18.2464304508109	0.21134729550257	0.98817639364553
18.2497570501093	0.211739207636441	0.987852868863878
18.2530848626072	0.212131119770312	0.987529344082225
18.2564138889685	0.212523031904184	0.987205819300573
18.2597441298575	0.212914944038054	0.986882294518922
18.2630755859388	0.213306856171926	0.986558769737269
18.2664082578778	0.213698768305797	0.986235244955617
18.2697421463403	0.214090680439668	0.985911720173965
18.2730772519923	0.21448259257354	0.985588195392313
18.2764135755007	0.214874504707411	0.985264670610661
18.2797511175326	0.215266416841282	0.984941145829008
18.2830898787557	0.215658328975154	0.984617621047356
18.2864298598382	0.216050241109025	0.984294096265704
18.2897710614487	0.216442153242897	0.983970571484052
18.2931134842564	0.216834065376768	0.9836470467024
18.2964571289309	0.217225977510639	0.983323521920747
18.2998019961424	0.217617889644511	0.982999997139095
18.3031480865614	0.218009801778381	0.982676472357443
18.3064954008592	0.218401713912253	0.982352947575791
18.3098439397072	0.218793626046124	0.982029422794139
18.3131937037775	0.219185538179995	0.981705898012487
18.3165446937428	0.219577450313867	0.981382373230835
18.3198969102761	0.219969362447738	0.981058848449183
18.323250354051	0.22036127458161	0.98073532366753
18.3266050257416	0.220753186715481	0.980411798885878
18.3299609260223	0.221145098849352	0.980088274104226
18.3333180555683	0.221537010983224	0.979764749322574
18.3366764150551	0.221928923117095	0.979441224540922
18.3400360051587	0.222320835250966	0.979117699759269
18.3433968265557	0.222712747384838	0.978794174977617
18.346758879923	0.223104659518709	0.978470650195965
18.3501221659383	0.22349657165258	0.978147125414313
18.3534866852796	0.223888483786451	0.977823600632661
18.3568524386252	0.224280395920322	0.977500075851009
18.3602194266544	0.224672308054194	0.977176551069357
18.3635876500466	0.225064220188065	0.976853026287705
18.3669571094818	0.225456132321937	0.976529501506052
18.3703278056405	0.225848044455808	0.9762059767244
18.3736997392037	0.226239956589679	0.975882451942748
18.377072910853	0.226631868723551	0.975558927161096
18.3804473212704	0.227023780857422	0.975235402379444
18.3838229711383	0.227415692991293	0.974911877597792
18.3871998611399	0.227807605125165	0.974588352816139
18.3905779919585	0.228199517259036	0.974264828034487
18.3939573642783	0.228591429392907	0.973941303252835
18.3973379787838	0.228983341526778	0.973617778471183
18.40071983616	0.229375253660649	0.973294253689531
18.4041029370924	0.229767165794521	0.972970728907879
18.407487282267	0.230159077928392	0.972647204126227
18.4108728723705	0.230550990062264	0.972323679344574
18.4142597080898	0.230942902196135	0.972000154562922
18.4176477901125	0.231334814330006	0.97167662978127
18.4210371191266	0.231726726463878	0.971353104999618
18.4244276958208	0.232118638597749	0.971029580217966
18.4278195208841	0.23251055073162	0.970706055436313
18.431212595006	0.232902462865492	0.970382530654661
18.4346069188767	0.233294374999363	0.970059005873009
18.4380024931867	0.233686287133234	0.969735481091357
18.4413993186272	0.234078199267105	0.969411956309705
18.4447973958897	0.234470111400977	0.969088431528053
18.4481967256665	0.234862023534848	0.968764906746401
18.45159730865	0.235253935668719	0.968441381964749
18.4549991455335	0.235645847802591	0.968117857183096
18.4584022370107	0.236037759936462	0.967794332401444
18.4618065837756	0.236429672070333	0.967470807619792
18.465212186523	0.236821584204205	0.96714728283814
18.4686190459481	0.23706000360363	0.966790599668966
18.4720271627465	0.237170151349256	0.966406206515862
18.4754365376145	0.237280299094882	0.966021813362759
18.4788471712488	0.237390446840508	0.965637420209655
18.4822590643467	0.237500594586134	0.965253027056552
18.4856722176059	0.23761074233176	0.964868633903449
18.4890866317248	0.237720890077386	0.964484240750345
18.492502307402	0.237831037823013	0.964099847597242
18.4959192453369	0.237941185568639	0.963715454444138
18.4993374462294	0.238051333314265	0.963331061291035
18.5027569107797	0.238161481059891	0.962946668137931
18.5061776396888	0.238271628805517	0.962562274984828
18.509599633658	0.238381776551143	0.962177881831724
18.5130228933892	0.238491924296769	0.961793488678621
18.5164474195849	0.238602072042396	0.961409095525517
18.519873212948	0.238712219788022	0.961024702372414
18.5233002741819	0.238822367533648	0.96064030921931
18.5267286039906	0.238932515279274	0.960255916066207
18.5301582030787	0.2390426630249	0.959871522913103
18.5335890721511	0.239152810770526	0.95948712976
18.5370212119134	0.239262958516152	0.959102736606897
18.5404546230716	0.239373106261778	0.958718343453793
18.5438893063324	0.239483254007405	0.95833395030069
18.5473252624029	0.239593401753031	0.957949557147586
18.5507624919907	0.239703549498657	0.957565163994483
18.554200995804	0.239813697244283	0.957180770841379
18.5576407745514	0.239923844989909	0.956796377688276
18.5610818289422	0.240033992735535	0.956411984535173
18.5645241596861	0.240144140481162	0.956027591382069
18.5679677674934	0.240254288226788	0.955643198228965
18.5714126530749	0.240364435972414	0.955258805075862
18.5748588171419	0.24047458371804	0.954874411922759
18.5783062604062	0.240584731463666	0.954490018769655
18.5817549835802	0.240694879209292	0.954105625616552
18.5852049873769	0.240805026954918	0.953721232463449
18.5886562725097	0.240915174700544	0.953336839310345
18.5921088396925	0.241025322446171	0.952952446157242
18.5955626896399	0.241135470191797	0.952568053004138
18.5990178230668	0.241245617937423	0.952183659851035
18.6024742406889	0.241355765683049	0.951799266697931
18.6059319432221	0.241465913428675	0.951414873544828
18.6093909313833	0.241576061174301	0.951030480391724
18.6128512058894	0.241686208919927	0.950646087238621
18.6163127674582	0.241796356665554	0.950261694085517
18.619775616808	0.24190650441118	0.949877300932414
18.6232397546574	0.242016652156806	0.94949290777931
18.6267051817259	0.242126799902432	0.949108514626207
18.6301718987331	0.242236947648058	0.948724121473104
18.6336399063995	0.242347095393684	0.94833972832
18.637109205446	0.24245724313931	0.947955335166897
18.640579796594	0.242567390884936	0.947570942013793
18.6440516805655	0.242677538630563	0.94718654886069
18.647524858083	0.242787686376189	0.946802155707586
18.6509993298696	0.242897834121815	0.946417762554483
18.6544750966488	0.243007981867441	0.946033369401379
18.6579521591449	0.243118129613067	0.945648976248276
18.6614305180824	0.243228277358693	0.945264583095172
18.6649101741865	0.243338425104319	0.944880189942069
18.6683911281832	0.243448572849946	0.944495796788965
18.6718733807985	0.243558720595572	0.944111403635862
18.6753569327594	0.243668868341198	0.943727010482759
18.6788417847932	0.243779016086824	0.943342617329655
18.6823279376279	0.24388916383245	0.942958224176552
18.685815391992	0.243999311578076	0.942573831023448
18.6893041486144	0.244109459323702	0.942189437870345
18.6927942082246	0.244219607069328	0.941805044717241
18.6962855715529	0.244329754814955	0.941420651564138
18.6997782393299	0.244439902560581	0.941036258411035
18.7032722122866	0.244550050306207	0.940651865257931
18.706767491155	0.244660198051833	0.940267472104828
18.7102640766672	0.244770345797459	0.939883078951724
18.7137619695561	0.244880493543085	0.939498685798621
18.7172611705551	0.244990641288711	0.939114292645517
18.720761680398	0.245100789034337	0.938729899492414
18.7242634998195	0.245210936779964	0.938345506339311
18.7277666295545	0.24532108452559	0.937961113186207
18.7312710703386	0.245431232271216	0.937576720033104
18.7347768229078	0.245541380016842	0.93719232688
18.738283887999	0.245651527762468	0.936807933726897
18.7417922663494	0.245761675508094	0.936423540573793
18.7453019586966	0.24587182325372	0.93603914742069
18.7488129657791	0.245981970999347	0.935654754267586
18.7523252883358	0.246092118744973	0.935270361114483
18.755838927106	0.246202266490599	0.934885967961379
18.7593538828298	0.246312414236225	0.934501574808276
18.7628701562478	0.246422561981851	0.934117181655172
18.766387748101	0.246532709727477	0.933732788502069
18.7699066591312	0.246642857473103	0.933348395348966
18.7734268900805	0.24675300521873	0.932964002195862
18.7769484416917	0.246863152964356	0.932579609042759
18.7804713147081	0.246973300709982	0.932195215889655
18.7839955098737	0.247083448455608	0.931810822736552
18.7875210279329	0.247193596201234	0.931426429583448
18.7910478696307	0.24730374394686	0.931042036430345
18.7945760357127	0.247413891692486	0.930657643277241
18.798105526925	0.247524039438113	0.930273250124138
18.8016363440143	0.247634187183739	0.929888856971035
18.8051684877278	0.247744334929365	0.929504463817931
18.8087019588135	0.247854482674991	0.929120070664827
18.8122367580195	0.247964630420617	0.928735677511724
18.815772886095	0.248074778166243	0.928351284358621
18.8193103437893	0.248184925911869	0.927966891205517
18.8228491318526	0.248295073657495	0.927582498052414
18.8263892510354	0.248405221403122	0.927198104899311
18.829930702089	0.248515369148748	0.926813711746207
18.8334734857652	0.248625516894374	0.926429318593104
18.8370176028162	0.24873566464	0.92604492544
18.840563053995	0.248845812385626	0.925660532286897
18.844109840055	0.248955960131252	0.925276139133793
18.8476579617502	0.249066107876878	0.92489174598069
18.8512074198352	0.249176255622505	0.924507352827586
18.8547582150653	0.249286403368131	0.924122959674483
18.8583103481961	0.249396551113757	0.923738566521379
18.8618638199839	0.249506698859383	0.923354173368276
18.8654186311856	0.249616846605009	0.922969780215173
18.8689747825587	0.249726994350635	0.922585387062069
18.8725322748611	0.249837142096261	0.922200993908966
18.8760911088514	0.249947289841887	0.921816600755862
18.8796512852889	0.250057437587514	0.921432207602759
18.8832128049332	0.25016758533314	0.921047814449655
18.8867756685446	0.250277733078766	0.920663421296552
18.8903398768841	0.250387880824392	0.920279028143448
18.893905430713	0.250498028570018	0.919894634990345
18.8974723307935	0.250608176315644	0.919510241837241
18.901040577888	0.25071832406127	0.919125848684138
18.9046101727598	0.250828471806897	0.918741455531034
18.9081811161726	0.250938619552523	0.918357062377931
18.9117534088908	0.251048767298149	0.917972669224828
18.9153270516793	0.251158915043775	0.917588276071724
18.9189020453036	0.251269062789401	0.917203882918621
18.9224783905297	0.251379210535027	0.916819489765517
18.9260560881243	0.251489358280653	0.916435096612414
18.9296351388546	0.251599506026279	0.916050703459311
18.9332155434884	0.251709653771906	0.915666310306207
18.9367973027941	0.251819801517532	0.915281917153103
18.9403804175407	0.251929949263158	0.914897524
18.9439648884977	0.252040097008784	0.914513130846897
18.9475507164353	0.25215024475441	0.914128737693793
18.9511379021242	0.252260392500036	0.91374434454069
18.9547264463357	0.252370540245662	0.913359951387586
18.9583163498416	0.252480687991288	0.912975558234483
18.9619076134145	0.252590835736915	0.91259116508138
18.9655002378274	0.252700983482541	0.912206771928276
18.9690942238539	0.252811131228167	0.911822378775173
18.9726895722683	0.252921278973793	0.911437985622069
18.9762862838454	0.253031426719419	0.911053592468966
18.9798843593606	0.253141574465045	0.910669199315862
18.9834837995898	0.253251722210671	0.910284806162759
18.9870846053098	0.253361869956298	0.909900413009655
18.9906867772976	0.253472017701924	0.909516019856552
18.9942903163309	0.25358216544755	0.909131626703448
18.9978952231882	0.253692313193176	0.908747233550345
19.0015014986484	0.253802460938802	0.908362840397241
19.005109143491	0.253912608684428	0.907978447244138
19.0087181584962	0.254022756430054	0.907594054091035
19.0123285444446	0.254132904175681	0.907209660937931
19.0159403021177	0.254243051921307	0.906825267784828
19.0195534322971	0.254353199666933	0.906440874631724
19.0231679357656	0.254463347412559	0.906056481478621
19.0267838133062	0.254573495158185	0.905672088325517
19.0304010657025	0.254683642903811	0.905287695172414
19.0340196937388	0.254793790649437	0.90490330201931
19.0376396982001	0.254903938395064	0.904518908866207
19.0412610798718	0.25501408614069	0.904134515713103
19.04488383954	0.255124233886316	0.90375012256
19.0485079779914	0.255234381631942	0.903365729406897
19.0521334960132	0.255344529377568	0.902981336253793
19.0557603943933	0.255454677123194	0.90259694310069
19.0593886739202	0.25556482486882	0.902212549947586
19.0630183353829	0.255674972614446	0.901828156794483
19.0666493795712	0.255785120360073	0.901443763641379
19.0702818072754	0.255895268105699	0.901059370488276
19.0739156192862	0.256005415851325	0.900674977335173
19.0775508163952	0.256115563596951	0.900290584182069
19.0811873993944	0.256225711342577	0.899906191028966
19.0848253690767	0.256335859088203	0.899521797875862
19.0884647262352	0.256446006833829	0.899137404722759
19.0921054716638	0.256556154579456	0.898753011569655
19.0957476061571	0.256666302325082	0.898368618416552
19.0993911305102	0.256776450070708	0.897984225263448
19.1030360455187	0.256886597816334	0.897599832110345
19.1066823519791	0.25699674556196	0.897215438957242
19.1103300506882	0.257106893307586	0.896831045804138
19.1139791424437	0.257217041053212	0.896446652651035
19.1176296280436	0.257327188798838	0.896062259497931
19.1212815082867	0.257437336544465	0.895677866344828
19.1249347839724	0.257547484290091	0.895293473191724
19.1285894559007	0.257657632035717	0.894909080038621
19.1322455248721	0.257767779781343	0.894524686885517
19.1359029916879	0.257877927526969	0.894140293732414
19.13956185715	0.257988075272595	0.89375590057931
19.1432221220606	0.258098223018221	0.893371507426207
19.146883787223	0.258208370763848	0.892987114273103
19.1505468534407	0.258318518509474	0.89260272112
19.154211321518	0.2584286662551	0.892218327966897
19.1578771922598	0.258538814000726	0.891833934813793
19.1615444664717	0.258648961746352	0.89144954166069
19.1652131449597	0.258759109491978	0.891065148507586
19.1688832285307	0.258869257237604	0.890680755354483
19.1725547179919	0.25897940498323	0.890296362201379
19.1762276141513	0.259089552728857	0.889911969048276
19.1799019178176	0.259199700474483	0.889527575895173
19.1835776297999	0.259309848220109	0.889143182742069
19.1872547509082	0.259419995965735	0.888758789588965
19.1909332819528	0.259530143711361	0.888374396435862
19.1946132237449	0.259640291456987	0.887990003282759
19.1982945770961	0.259750439202613	0.887605610129655
19.2019773428189	0.25986058694824	0.887221216976552
19.205661521726	0.259970734693866	0.886836823823449
19.2093471146312	0.260080882439492	0.886452430670345
19.2130341223486	0.260191030185118	0.886068037517242
19.216722545693	0.260301177930744	0.885683644364138
19.22041238548	0.26041132567637	0.885299251211035
19.2241036425255	0.260521473421996	0.884914858057931
19.2277963176463	0.260631621167623	0.884530464904828
19.2314904116597	0.260741768913249	0.884146071751724
19.2351859253836	0.260851916658875	0.883761678598621
19.2388828596368	0.260962064404501	0.883377285445517
19.2425812152383	0.261072212150127	0.882992892292414
19.246280993008	0.261182359895753	0.88260849913931
19.2499821937665	0.261292507641379	0.882224105986207
19.2536848183347	0.261402655387005	0.881839712833104
19.2573888675346	0.261512803132632	0.88145531968
19.2610943421884	0.261622950878258	0.881070926526897
19.2648012431191	0.261733098623884	0.880686533373793
19.2685095711504	0.26184324636951	0.88030214022069
19.2722193271066	0.261953394115136	0.879917747067586
19.2759305118126	0.262063541860762	0.879533353914483
19.2796431260939	0.262173689606388	0.879148960761379
19.2833571707767	0.262283837352015	0.878764567608276
19.2870726466878	0.262393985097641	0.878380174455172
19.2907895546548	0.262504132843267	0.877995781302069
19.2945078955056	0.262614280588893	0.877611388148965
19.298227670069	0.262724428334519	0.877226994995862
19.3019488791744	0.262834576080145	0.876842601842759
19.3056715236519	0.262944723825771	0.876458208689655
19.309395604332	0.263054871571397	0.876073815536552
19.313121122046	0.263165019317024	0.875689422383448
19.3168480776259	0.26327516706265	0.875305029230345
19.3205764719043	0.263385314808276	0.874920636077241
19.3243063057144	0.263495462553902	0.874536242924138
19.32803757989	0.263605610299528	0.874151849771035
19.3317702952657	0.263715758045154	0.873767456617931
19.3355044526766	0.26382590579078	0.873383063464828
19.3392400529586	0.263936053536407	0.872998670311724
19.342977096948	0.264046201282033	0.872614277158621
19.3467155854819	0.264156349027659	0.872229884005517
19.3504555193982	0.264266496773285	0.871845490852414
19.3541968995351	0.264376644518911	0.871461097699311
19.3579397267317	0.264486792264537	0.871076704546207
19.3616840018277	0.264596940010163	0.870692311393104
19.3654297256635	0.264707087755789	0.87030791824
19.36917689908	0.264817235501416	0.869923525086897
19.3729255229189	0.264927383247042	0.869539131933793
19.3766755980223	0.265037530992668	0.86915473878069
19.3804271252334	0.265147678738294	0.868770345627586
19.3841801053957	0.26525782648392	0.868385952474483
19.3879345393533	0.265367974229546	0.868001559321379
19.3916904279513	0.265478121975172	0.867617166168276
19.3954477720352	0.265588269720799	0.867232773015172
19.3992065724512	0.265698417466425	0.866848379862069
19.4029668300461	0.265808565212051	0.866463986708965
19.4067285456675	0.265918712957677	0.866079593555862
19.4104917201636	0.266028860703303	0.865695200402759
19.4142563543832	0.266139008448929	0.865310807249655
19.4180224491758	0.266249156194555	0.864926414096552
19.4217900053915	0.266359303940181	0.864542020943448
19.4255590238812	0.266469451685808	0.864157627790345
19.4293295054964	0.266579599431434	0.863773234637241
19.4331014510891	0.26668974717706	0.863388841484138
19.4368748615123	0.266799894922686	0.863004448331035
19.4406497376193	0.266910042668312	0.862620055177931
19.4444260802643	0.267020190413938	0.862235662024827
19.448203890302	0.267130338159564	0.861851268871724
19.451983168588	0.267240485905191	0.861466875718621
19.4557639159783	0.267350633650817	0.861082482565518
19.4595461333298	0.267460781396443	0.860698089412414
19.4633298214999	0.267570929142069	0.860313696259311
19.4671149813466	0.267681076887695	0.859929303106207
19.4709016137289	0.267791224633321	0.859544909953104
19.474689719506	0.267901372378947	0.8591605168
19.4784792995383	0.268011520124574	0.858776123646897
19.4822703546864	0.2681216678702	0.858391730493793
19.4860628858119	0.268231815615826	0.85800733734069
19.4898568937768	0.268341963361452	0.857622944187586
19.4936523794439	0.268452111107078	0.857238551034483
19.4974493436769	0.268562258852704	0.856854157881379
19.5012477873397	0.26867240659833	0.856469764728276
19.5050477112972	0.268782554343956	0.856085371575172
19.508849116415	0.268892702089583	0.855700978422069
19.5126520035591	0.269002849835209	0.855316585268966
19.5164563735965	0.269112997580835	0.854932192115862
19.5202622273947	0.269223145326461	0.854547798962759
19.5240695658218	0.269333293072087	0.854163405809655
19.5278783897468	0.269443440817713	0.853779012656552
19.5316887000392	0.269553588563339	0.853394619503448
19.5355004975692	0.269663736308966	0.853010226350345
19.5393137832078	0.269773884054592	0.852625833197241
19.5431285578266	0.269884031800218	0.852241440044138
19.5469448222978	0.269994179545844	0.851857046891034
19.5507625774943	0.27010432729147	0.851472653737931
19.55458182429	0.270214475037096	0.851088260584827
19.5584025635589	0.270324622782722	0.850703867431724
19.5622247961763	0.270434770528348	0.850319474278621
19.5660485230177	0.270544918273975	0.849935081125517
19.5698737449595	0.270655066019601	0.849550687972414
19.5737004628789	0.270765213765227	0.84916629481931
19.5775286776534	0.270875361510853	0.848781901666207
19.5813583901617	0.270985509256479	0.848397508513103
19.5851896012828	0.271095657002105	0.84801311536
19.5890223118964	0.271205804747731	0.847628722206897
19.5928565228832	0.271315952493358	0.847244329053793
19.5966922351243	0.271426100238984	0.84685993590069
19.6005294495015	0.27153624798461	0.846475542747586
19.6043681668975	0.271646395730236	0.846091149594483
19.6082083881955	0.271756543475862	0.845706756441379
19.6120501142794	0.271866691221488	0.845322363288276
19.615893346034	0.271976838967114	0.844937970135173
19.6197380843445	0.27208698671274	0.844553576982069
19.6235843300969	0.272197134458367	0.844169183828966
19.6274320841781	0.272307282203993	0.843784790675862
19.6312813474755	0.272417429949619	0.843400397522759
19.635132120877	0.272527577695245	0.843016004369655
19.6389844052717	0.272637725440871	0.842631611216552
19.6428382015489	0.272747873186497	0.842247218063448
19.6466935105989	0.272858020932123	0.841862824910345
19.6505503333126	0.27296816867775	0.841478431757241
19.6544086705817	0.273078316423376	0.841094038604138
19.6582685232984	0.273188464169002	0.840709645451034
19.6621298923557	0.273298611914628	0.840325252297931
19.6659927786475	0.273408759660254	0.839940859144828
19.669857183068	0.27351890740588	0.839556465991724
19.6737231065124	0.273629055151506	0.839172072838621
19.6775905498765	0.273739202897132	0.838787679685517
19.6814595140569	0.273849350642759	0.838403286532414
19.6853299999508	0.273959498388385	0.83801889337931
19.6892020084561	0.274069646134011	0.837634500226207
19.6930755404715	0.274179793879637	0.837250107073103
19.6969505968964	0.274289941625263	0.83686571392
19.7008271786308	0.274400089370889	0.836481320766897
19.7047052865754	0.274510237116516	0.836096927613793
19.7085849216318	0.274620384862142	0.835712534460689
19.7124660847021	0.274730532607768	0.835328141307586
19.7163487766893	0.274840680353394	0.834943748154483
19.7202329984969	0.27495082809902	0.83455935500138
19.7241187510294	0.275060975844646	0.834174961848276
19.7280060351916	0.275171123590272	0.833790568695173
19.7318948518894	0.275281271335898	0.833406175542069
19.7357852020293	0.275391419081525	0.833021782388966
19.7396770865184	0.275501566827151	0.832637389235862
19.7435705062646	0.275611714572777	0.832252996082759
19.7474654621766	0.275721862318403	0.831868602929655
19.7513619551636	0.275832010064029	0.831484209776552
19.7552599861358	0.275942157809655	0.831099816623448
19.7591595560038	0.276052305555281	0.830715423470345
19.7630606656792	0.276162453300907	0.830331030317241
19.7669633160741	0.276272601046534	0.829946637164138
19.7708675081016	0.27638274879216	0.829562244011035
19.7747732426752	0.276492896537786	0.829177850857931
19.7786805207094	0.276603044283412	0.828793457704828
19.7825893431191	0.276713192029038	0.828409064551724
19.7864997108203	0.276823339774664	0.828024671398621
19.7904116247295	0.27693348752029	0.827640278245517
19.7943250857639	0.277043635265917	0.827255885092414
19.7982400948415	0.277153783011543	0.82687149193931
19.8021566528811	0.277263930757169	0.826487098786207
19.806074760802	0.277374078502795	0.826102705633104
19.8099944195246	0.277484226248421	0.82571831248
19.8139156299696	0.277594373994047	0.825333919326897
19.8178383930587	0.277704521739673	0.824949526173793
19.8217627097142	0.277814669485299	0.82456513302069
19.8256885808594	0.277924817230926	0.824180739867586
19.8296160074179	0.278034964976552	0.823796346714483
19.8335449903143	0.278145112722178	0.823411953561379
19.8374755304739	0.278255260467804	0.823027560408276
19.8414076288228	0.27836540821343	0.822643167255173
19.8453412862877	0.278475555959056	0.822258774102069
19.8492765037961	0.278585703704682	0.821874380948966
19.8532132822762	0.278695851450309	0.821489987795862
19.8571516226569	0.278805999195935	0.821105594642759
19.8610915258681	0.278916146941561	0.820721201489656
19.86503299284	0.279026294687187	0.820336808336552
19.868976024504	0.279136442432813	0.819952415183449
19.8729206217919	0.279246590178439	0.819568022030345
19.8768667856363	0.279356737924065	0.819183628877242
19.8808145169708	0.279466885669691	0.818799235724138
19.8847638167293	0.279577033415318	0.818414842571035
19.8887146858468	0.279687181160944	0.818030449417931
19.892667125259	0.27979732890657	0.817646056264828
19.8966211359021	0.279907476652196	0.817261663111724
19.9005767187133	0.280017624397822	0.816877269958621
19.9045338746305	0.280127772143448	0.816492876805517
19.9084926045923	0.280237919889074	0.816108483652414
19.9124529095379	0.2803480676347	0.815724090499311
19.9164147904076	0.280458215380327	0.815339697346207
19.9203782481422	0.280568363125953	0.814955304193104
19.9243432836832	0.280678510871579	0.81457091104
19.928309897973	0.280788658617205	0.814186517886897
19.9322780919548	0.280898806362831	0.813802124733793
19.9362478665723	0.281008954108457	0.81341773158069
19.9402192227701	0.281119101854083	0.813033338427587
19.9441921614937	0.28122924959971	0.812648945274483
19.9481666836891	0.281339397345336	0.81226455212138
19.9521427903032	0.281449545090962	0.811880158968276
19.9561204822836	0.281559692836588	0.811495765815173
19.9600997605786	0.281669840582214	0.811111372662069
19.9640806261375	0.28177998832784	0.810726979508966
19.96806307991	0.281890136073466	0.810342586355862
19.9720471228469	0.282000283819093	0.809958193202759
19.9760327558995	0.282110431564719	0.809573800049655
19.98001998002	0.282220579310345	0.809189406896552
19.9840087961613	0.282330727055971	0.808805013743448
19.9879992052772	0.282440874801597	0.808420620590345
19.9919912083219	0.282551022547223	0.808036227437241
19.9959848062509	0.282661170292849	0.807651834284138
19.99998000002	0.282771318038475	0.807267441131035
20.003976790586	0.282881465784102	0.806883047977931
20.0079751789063	0.282991613529728	0.806498654824828
20.0119751659393	0.283101761275354	0.806114261671724
20.015976752644	0.28321190902098	0.805729868518621
20.0199799399801	0.283322056766606	0.805345475365518
20.0239847289083	0.283432204512232	0.804961082212414
20.0279911203899	0.283542352257858	0.804576689059311
20.0319991153869	0.283652500003485	0.804192295906207
20.0360087148624	0.283762647749111	0.803807902753104
20.0400199197798	0.283872795494737	0.8034235096
20.0440327311037	0.283982943240363	0.803039116446897
20.0480471497992	0.284093090985989	0.802654723293793
20.0520631768323	0.284203238731615	0.80227033014069
20.0560808131698	0.284313386477241	0.801885936987586
20.0601000597791	0.284423534222867	0.801501543834483
20.0641209176286	0.284533681968494	0.80111715068138
20.0681433876872	0.28464382971412	0.800732757528276
20.072167470925	0.284753977459746	0.800348364375173
20.0761931683124	0.284864125205372	0.799963971222069
20.0802204808209	0.284974272950998	0.799579578068966
20.0842494094226	0.285084420696624	0.799195184915862
20.0882799550906	0.28519456844225	0.798810791762759
20.0923121187986	0.285304716187877	0.798426398609655
20.0963459015211	0.285414863933503	0.798042005456552
20.1003813042333	0.285525011679129	0.797657612303448
20.1044183279115	0.285635159424755	0.797273219150345
20.1084569735324	0.285745307170381	0.796888825997242
20.1124972420738	0.285855454916007	0.796504432844138
20.1165391345141	0.285965602661633	0.796120039691035
20.1205826518324	0.286167909113892	0.795880064918648
20.1246277950089	0.286412063713642	0.79570566877597
20.1286745650244	0.286656218313392	0.795531272633292
20.1327229628604	0.286900372913141	0.795356876490613
20.1367729894993	0.287144527512891	0.795182480347935
20.1408246459243	0.287388682112641	0.795008084205257
20.1448779331194	0.28763283671239	0.794833688062578
20.1489328520694	0.28787699131214	0.7946592919199
20.1529894037597	0.28812114591189	0.794484895777222
20.1570475891768	0.288365300511639	0.794310499634543
20.1611074093078	0.288609455111389	0.794136103491865
20.1651688651406	0.288853609711139	0.793961707349187
20.169231957664	0.289097764310889	0.793787311206508
20.1732966878675	0.289341918910638	0.79361291506383
20.1773630567414	0.289586073510388	0.793438518921152
20.1814310652768	0.289830228110138	0.793264122778473
20.1855007144658	0.290074382709887	0.793089726635795
20.189572005301	0.290318537309637	0.792915330493117
20.1936449387759	0.290562691909387	0.792740934350438
20.1977195158849	0.290806846509136	0.79256653820776
20.2017957376231	0.291051001108886	0.792392142065081
20.2058736049865	0.291295155708636	0.792217745922403
20.2099531189718	0.291539310308385	0.792043349779725
20.2140342805765	0.291783464908135	0.791868953637046
20.218117090799	0.292027619507885	0.791694557494368
20.2222015506384	0.292271774107634	0.79152016135169
20.2262876610948	0.292515928707384	0.791345765209011
20.2303754231689	0.292760083307134	0.791171369066333
20.2344648378622	0.293004237906884	0.790996972923655
20.2385559061773	0.293248392506633	0.790822576780976
20.2426486291172	0.293492547106383	0.790648180638298
20.2467430076861	0.293736701706133	0.79047378449562
20.2508390428886	0.293980856305882	0.790299388352941
20.2549367357306	0.294225010905632	0.790124992210263
20.2590360872184	0.294469165505382	0.789950596067585
20.2631370983593	0.294713320105131	0.789776199924906
20.2672397701614	0.294957474704881	0.789601803782228
20.2713441036336	0.295201629304631	0.78942740763955
20.2754500997856	0.29544578390438	0.789253011496871
20.279557759628	0.29568993850413	0.789078615354193
20.2836670841722	0.29593409310388	0.788904219211514
20.2877780744302	0.296178247703629	0.788729823068836
20.2918907314151	0.296422402303379	0.788555426926158
20.2960050561408	0.296666556903129	0.78838103078348
20.3001210496218	0.296910711502879	0.788206634640801
20.3042387128737	0.297154866102628	0.788032238498123
20.3083580469127	0.297399020702378	0.787857842355444
20.312479052756	0.297643175302128	0.787683446212766
20.3166017314214	0.297887329901877	0.787509050070088
20.3207260839279	0.298131484501627	0.787334653927409
20.3248521112948	0.298375639101377	0.787160257784731
20.3289798145428	0.298619793701126	0.786985861642053
20.333109194693	0.298863948300876	0.786811465499374
20.3372402527675	0.299108102900626	0.786637069356696
20.3413729897892	0.299352257500375	0.786462673214018
20.345507406782	0.299596412100125	0.786288277071339
20.3496435047703	0.299840566699875	0.786113880928661
20.3537812847795	0.300084721299624	0.785939484785983
20.357920747836	0.300328875899374	0.785765088643304
20.3620618949668	0.300573030499124	0.785590692500626
20.3662047271998	0.300817185098874	0.785416296357948
20.3703492455637	0.301061339698623	0.785241900215269
20.3744954510883	0.301305494298373	0.785067504072591
20.3786433448038	0.301549648898123	0.784893107929913
20.3827929277416	0.301793803497872	0.784718711787234
20.3869442009337	0.302037958097622	0.784544315644556
20.3910971654132	0.302282112697372	0.784369919501877
20.3952518222138	0.302526267297121	0.784195523359199
20.3994081723701	0.302770421896871	0.784021127216521
20.4035662169177	0.303014576496621	0.783846731073842
20.4077259568928	0.30325873109637	0.783672334931164
20.4118873933326	0.30350288569612	0.783497938788486
20.4160505272751	0.30374704029587	0.783323542645807
20.4202153597593	0.303991194895619	0.783149146503129
20.4243818918247	0.304235349495369	0.782974750360451
20.428550124512	0.304479504095119	0.782800354217772
20.4327200588626	0.304723658694869	0.782625958075094
20.4368916959187	0.304967813294618	0.782451561932416
20.4410650367234	0.305211967894368	0.782277165789737
20.4452400823207	0.305456122494118	0.782102769647059
20.4494168337554	0.305700277093867	0.78192837350438
20.4535952920733	0.305944431693617	0.781753977361702
20.4577754583207	0.306188586293367	0.781579581219024
20.461957333545	0.306432740893116	0.781405185076346
20.4661409187947	0.306676895492866	0.781230788933667
20.4703262151186	0.306921050092616	0.781056392790989
20.4745132235667	0.307165204692365	0.78088199664831
20.47870194519	0.307409359292115	0.780707600505632
20.48289238104	0.307653513891865	0.780533204362954
20.4870845321692	0.307897668491615	0.780358808220275
20.4912783996312	0.308141823091364	0.780184412077597
20.49547398448	0.308385977691114	0.780010015934919
20.4996712877709	0.308630132290864	0.77983561979224
20.5038703105598	0.308874286890613	0.779661223649562
20.5080710539036	0.309118441490363	0.779486827506884
20.51227351886	0.309362596090113	0.779312431364205
20.5164777064876	0.309606750689862	0.779138035221527
20.5206836178458	0.309850905289612	0.778963639078849
20.5248912539949	0.310095059889362	0.77878924293617
20.5291006159962	0.310339214489111	0.778614846793492
20.5333117049117	0.310583369088861	0.778440450650814
20.5375245218043	0.310827523688611	0.778266054508135
20.5417390677378	0.31107167828836	0.778091658365457
20.545955343777	0.31131583288811	0.777917262222778
20.5501733509873	0.31155998748786	0.7777428660801
20.5543930904352	0.311804142087609	0.777568469937422
20.558614563188	0.312048296687359	0.777394073794743
20.5628377703139	0.312292451287109	0.777219677652065
20.567062712882	0.312536605886859	0.777045281509387
20.5712893919621	0.312780760486608	0.776870885366708
20.5755178086251	0.313024915086358	0.77669648922403
20.5797479639426	0.313269069686108	0.776522093081352
20.5839798589874	0.313513224285857	0.776347696938673
20.5882134948328	0.313757378885607	0.776173300795995
20.5924488725531	0.314001533485357	0.775998904653317
20.5966859932237	0.314245688085106	0.775824508510638
20.6009248579206	0.314489842684856	0.77565011236796
20.6051654677208	0.314733997284606	0.775475716225282
20.6094078237022	0.314978151884355	0.775301320082603
20.6136519269436	0.315222306484105	0.775126923939925
20.6178977785246	0.315466461083855	0.774952527797247
20.6221453795258	0.315710615683604	0.774778131654568
20.6263947310287	0.315954770283354	0.77460373551189
20.6306458341156	0.316198924883104	0.774429339369212
20.6348986898697	0.316443079482853	0.774254943226533
20.639153299375	0.316687234082603	0.774080547083855
20.6434096637168	0.316931388682353	0.773906150941177
20.6476677839808	0.317175543282103	0.773731754798498
20.6519276612539	0.317419697881852	0.77355735865582
20.6561892966237	0.317663852481602	0.773382962513141
20.6604526911789	0.317908007081352	0.773208566370463
20.664717846009	0.318152161681101	0.773034170227785
20.6689847622044	0.318396316280851	0.772859774085106
20.6732534408563	0.318640470880601	0.772685377942428
20.677523883057	0.31888462548035	0.77251098179975
20.6817960898996	0.3191287800801	0.772336585657071
20.6860700624781	0.31937293467985	0.772162189514393
20.6903458018875	0.319617089279599	0.771987793371715
20.6946233092234	0.319861243879349	0.771813397229036
20.6989025855827	0.320105398479099	0.771639001086358
20.703183632063	0.320349553078849	0.77146460494368
20.7074664497629	0.320593707678598	0.771290208801001
20.7117510397817	0.320837862278348	0.771115812658323
20.7160374032199	0.321082016878098	0.770941416515645
20.7203255411786	0.321326171477847	0.770767020372966
20.7246154547602	0.321570326077597	0.770592624230288
20.7289071450677	0.321814480677347	0.77041822808761
20.7332006132051	0.322058635277096	0.770243831944931
20.7374958602774	0.322302789876846	0.770069435802253
20.7417928873903	0.322546944476596	0.769895039659575
20.7460916956507	0.322791099076345	0.769720643516896
20.7503922861662	0.323035253676095	0.769546247374218
20.7546946600454	0.323279408275845	0.76937185123154
20.7589988183978	0.323523562875594	0.769197455088861
20.7633047623339	0.323767717475344	0.769023058946183
20.767612492965	0.324011872075094	0.768848662803504
20.7719220114034	0.324256026674844	0.768674266660826
20.7762333187623	0.324500181274593	0.768499870518148
20.7805464161558	0.324744335874343	0.768325474375469
20.784861304699	0.324988490474093	0.768151078232791
20.7891779855079	0.325232645073842	0.767976682090113
20.7934964596993	0.325476799673592	0.767802285947434
20.7978167283911	0.325720954273342	0.767627889804756
20.8021387927021	0.325965108873091	0.767453493662078
20.806462653752	0.326209263472841	0.767279097519399
20.8107883126613	0.326453418072591	0.767104701376721
20.8151157705516	0.32669757267234	0.766930305234043
20.8194450285455	0.32694172727209	0.766755909091364
20.8237760877664	0.32718588187184	0.766581512948686
20.8281089493385	0.32743003647159	0.766407116806007
20.8324436143873	0.327674191071339	0.766232720663329
20.8367800840389	0.327918345671089	0.766058324520651
20.8411183594205	0.328162500270838	0.765883928377972
20.8454584416602	0.328406654870588	0.765709532235294
20.8498003318871	0.328650809470338	0.765535136092616
20.8541440312312	0.328894964070088	0.765360739949937
20.8584895408233	0.329139118669837	0.765186343807259
20.8628368617954	0.329383273269587	0.765011947664581
20.8671859952803	0.329627427869337	0.764837551521902
20.8715369424117	0.329871582469086	0.764663155379224
20.8758897043243	0.330115737068836	0.764488759236546
20.8802442821539	0.330359891668586	0.764314363093867
20.884600677037	0.330604046268335	0.764139966951189
20.8889588901111	0.330848200868085	0.763965570808511
20.8933189225148	0.331092355467835	0.763791174665832
20.8976807753875	0.331336510067584	0.763616778523154
20.9020444498697	0.331580664667334	0.763442382380476
20.9064099471026	0.331824819267084	0.763267986237797
20.9107772682286	0.332068973866834	0.763093590095119
20.915146414391	0.332313128466583	0.762919193952441
20.9195173867339	0.332557283066333	0.762744797809762
20.9238901864026	0.332801437666083	0.762570401667084
20.9282648145431	0.333045592265832	0.762396005524406
20.9326412723027	0.333289746865582	0.762221609381727
20.9370195608293	0.333533901465332	0.762047213239049
20.9413996812719	0.333778056065081	0.76187281709637
20.9457816347806	0.334022210664831	0.761698420953692
20.9501654225062	0.334266365264581	0.761524024811014
20.9545510456007	0.33451051986433	0.761349628668335
20.9589385052169	0.33475467446408	0.761175232525657
20.9633278025087	0.33499882906383	0.761000836382979
20.9677189386308	0.335242983663579	0.7608264402403
20.9721119147391	0.335487138263329	0.760652044097622
20.9765067319903	0.335731292863079	0.760477647954944
20.9809033915421	0.335975447462829	0.760303251812265
20.9853018945531	0.336219602062578	0.760128855669587
20.989702242183	0.336463756662328	0.759954459526909
20.9941044355924	0.336707911262078	0.75978006338423
20.998508475943	0.336952065861827	0.759605667241552
21.0029143643972	0.337196220461577	0.759431271098874
21.0073221021187	0.337440375061327	0.759256874956195
21.011731690272	0.337684529661076	0.759082478813517
21.0161431300225	0.337928684260826	0.758908082670839
21.0205564225367	0.338172838860576	0.75873368652816
21.0249715689822	0.338416993460325	0.758559290385482
21.0293885705273	0.338661148060075	0.758384894242804
21.0338074283415	0.338905302659825	0.758210498100125
21.0382281435952	0.339149457259575	0.758036101957447
21.0426507174597	0.339393611859324	0.757861705814769
21.0470751511075	0.339637766459074	0.75768730967209
21.0515014457119	0.339881921058824	0.757512913529412
21.0559296024472	0.340126075658573	0.757338517386733
21.0603596224888	0.340370230258323	0.757164121244055
21.0647915070131	0.340614384858073	0.756989725101377
21.0692252571973	0.340858539457822	0.756815328958698
21.0736608742198	0.341102694057572	0.75664093281602
21.0780983592597	0.341346848657322	0.756466536673342
21.0825377134976	0.341591003257071	0.756292140530663
21.0869789381146	0.341835157856821	0.756117744387985
21.091422034293	0.342079312456571	0.755943348245307
21.0958670032161	0.34232346705632	0.755768952102628
21.1003138460681	0.34256762165607	0.75559455595995
21.1047625640345	0.34281177625582	0.755420159817272
21.1092131583014	0.343055930855569	0.755245763674593
21.1136656300561	0.343300085455319	0.755071367531915
21.1181199804869	0.343544240055069	0.754896971389237
21.122576210783	0.343788394654819	0.754722575246558
21.1270343221349	0.344032549254568	0.75454817910388
21.1314943157337	0.344276703854318	0.754373782961201
21.1359561927718	0.344520858454068	0.754199386818523
21.1404199544424	0.344765013053817	0.754024990675845
21.1448856019399	0.345009167653567	0.753850594533166
21.1493531364596	0.345253322253317	0.753676198390488
21.1538225591979	0.345497476853066	0.75350180224781
21.1582938713521	0.345741631452816	0.753327406105131
21.1627670741205	0.345985786052566	0.753153009962453
21.1672421687025	0.346229940652315	0.752978613819775
21.1717191562985	0.346474095252065	0.752804217677096
21.17619803811	0.346718249851815	0.752629821534418
21.1806788153392	0.346962404451565	0.75245542539174
21.1851614891897	0.347206559051314	0.752281029249061
21.189646060866	0.347450713651064	0.752106633106383
21.1941325315734	0.347694868250813	0.751932236963705
21.1986209025186	0.347939022850563	0.751757840821026
21.2031111749089	0.348183177450313	0.751583444678348
21.207603349953	0.348427332050063	0.75140904853567
21.2120974288605	0.348671486649812	0.751234652392991
21.2165934128418	0.348915641249562	0.751060256250313
21.2210913031087	0.349060923947657	0.750654167003006
21.2255911008738	0.349154010608665	0.750125763309637
21.2300928073507	0.349247097269673	0.749597359616269
21.2345964237542	0.349340183930681	0.7490689559229
21.2391019513	0.349433270591689	0.748540552229531
21.2436093912049	0.349526357252697	0.748012148536162
21.2481187446866	0.349619443913705	0.747483744842794
21.2526300129641	0.349712530574713	0.746955341149425
21.2571431972571	0.349805617235721	0.746426937456057
21.2616582987867	0.349898703896729	0.745898533762688
21.2661753187747	0.349991790557736	0.745370130069319
21.270694258444	0.350084877218744	0.74484172637595
21.2752151190189	0.350177963879752	0.744313322682582
21.2797379017242	0.35027105054076	0.743784918989213
21.2842626077862	0.350364137201768	0.743256515295844
21.2887892384319	0.350457223862776	0.742728111602476
21.2933177948896	0.350550310523784	0.742199707909107
21.2978482783884	0.350643397184792	0.741671304215738
21.3023806901588	0.3507364838458	0.741142900522369
21.306915031432	0.350829570506808	0.740614496829001
21.3114513034403	0.350922657167816	0.740086093135632
21.3159895074173	0.351015743828824	0.739557689442264
21.3205296445974	0.351108830489832	0.739029285748895
21.3250717162162	0.35120191715084	0.738500882055526
21.3296157235102	0.351295003811848	0.737972478362157
21.334161667717	0.351388090472856	0.737444074668788
21.3387095500754	0.351481177133864	0.73691567097542
21.3432593718252	0.351574263794872	0.736387267282051
21.3478111342071	0.35166735045588	0.735858863588683
21.352364838463	0.351760437116888	0.735330459895314
21.3569204858358	0.351853523777896	0.734802056201945
21.3614780775695	0.351946610438904	0.734273652508576
21.3660376149092	0.352039697099912	0.733745248815208
21.370599099101	0.35213278376092	0.733216845121839
21.3751625313921	0.352225870421928	0.73268844142847
21.3797279130307	0.352318957082935	0.732160037735102
21.3842952452661	0.352412043743943	0.731631634041733
21.3888645293487	0.352505130404951	0.731103230348364
21.39343576653	0.352598217065959	0.730574826654995
21.3980089580625	0.352691303726967	0.730046422961627
21.4025841051997	0.352784390387975	0.729518019268258
21.4071612091963	0.352877477048983	0.72898961557489
21.4117402713082	0.352970563709991	0.728461211881521
21.416321292792	0.353063650370999	0.727932808188152
21.4209042749056	0.353156737032007	0.727404404494783
21.4254892189081	0.353249823693015	0.726876000801415
21.4300761260594	0.353342910354023	0.726347597108046
21.4346649976208	0.353435997015031	0.725819193414677
21.4392558348543	0.353529083676039	0.725290789721309
21.4438486390233	0.353622170337047	0.72476238602794
21.4484434113921	0.353715256998055	0.724233982334571
21.4530401532262	0.353808343659063	0.723705578641202
21.4576388657921	0.353901430320071	0.723177174947834
21.4622395503575	0.353994516981079	0.722648771254465
21.466842208191	0.354087603642087	0.722120367561096
21.4714468405625	0.354180690303095	0.721591963867728
21.4760534487428	0.354273776964103	0.721063560174359
21.4806620340039	0.35436686362511	0.72053515648099
21.4852725976189	0.354459950286118	0.720006752787621
21.4898851408619	0.354553036947126	0.719478349094253
21.4944996650082	0.354646123608134	0.718949945400884
21.4991161713342	0.354739210269142	0.718421541707515
21.5037346611173	0.35483229693015	0.717893138014147
21.508355135636	0.354925383591158	0.717364734320778
21.51297759617	0.355018470252166	0.716836330627409
21.5176020440001	0.355111556913174	0.71630792693404
21.522228480408	0.355204643574182	0.715779523240672
21.5268569066768	0.35529773023519	0.715251119547303
21.5314873240904	0.355390816896198	0.714722715853935
21.5361197339342	0.355483903557206	0.714194312160566
21.5407541374942	0.355576990218214	0.713665908467197
21.5453905360579	0.355670076879222	0.713137504773828
21.5500289309138	0.35576316354023	0.71260910108046
21.5546693233515	0.355856250201238	0.712080697387091
21.5593117146616	0.355949336862246	0.711552293693722
21.5639561061361	0.356042423523254	0.711023890000354
21.5686024990677	0.356135510184262	0.710495486306985
21.5732508947506	0.35622859684527	0.709967082613616
21.5779012944799	0.356321683506278	0.709438678920247
21.5825536995519	0.356414770167286	0.708910275226879
21.5872081112639	0.356507856828294	0.70838187153351
21.5918645309146	0.356600943489302	0.707853467840141
21.5965229598035	0.356694030150309	0.707325064146773
21.6011833992313	0.356787116811317	0.706796660453404
21.6058458505001	0.356880203472325	0.706268256760035
21.6105103149127	0.356973290133333	0.705739853066667
21.6151767937733	0.357066376794341	0.705211449373298
21.6198452883871	0.357159463455349	0.704683045679929
21.6245158000606	0.357252550116357	0.70415464198656
21.6291883301012	0.357345636777365	0.703626238293192
21.6338628798176	0.357438723438373	0.703097834599823
21.6385394505196	0.357531810099381	0.702569430906454
21.643218043518	0.357624896760389	0.702041027213086
21.647898660125	0.357717983421397	0.701512623519717
21.6525813016536	0.357811070082405	0.700984219826348
21.6572659694182	0.357904156743413	0.70045581613298
21.6619526647343	0.357997243404421	0.699927412439611
21.6666413889184	0.358090330065429	0.699399008746242
21.6713321432882	0.358183416726437	0.698870605052873
21.6760249291628	0.358276503387445	0.698342201359505
21.6807197478619	0.358369590048453	0.697813797666136
21.6854166007069	0.358462676709461	0.697285393972767
21.6901154890199	0.358555763370469	0.696756990279399
21.6948164141245	0.358648850031477	0.69622858658603
21.6995193773453	0.358741936692485	0.695700182892661
21.704224380008	0.358835023353492	0.695171779199293
21.7089314234394	0.3589281100145	0.694643375505924
21.7136405089677	0.359021196675508	0.694114971812555
21.7183516379221	0.359114283336516	0.693586568119186
21.7230648116328	0.359207369997524	0.693058164425818
21.7277800314314	0.359300456658532	0.692529760732449
21.7324972986506	0.35939354331954	0.69200135703908
21.7372166146241	0.359486629980548	0.691472953345712
21.7419379806871	0.359579716641556	0.690944549652343
21.7466613981755	0.359672803302564	0.690416145958974
21.7513868684267	0.359765889963572	0.689887742265605
21.7561143927792	0.35985897662458	0.689359338572237
21.7608439725726	0.359952063285588	0.688830934878868
21.7655756091477	0.360045149946596	0.688302531185499
21.7703093038465	0.360138236607604	0.687774127492131
21.775045058012	0.360231323268612	0.687245723798762
21.7797828729886	0.36032440992962	0.686717320105393
21.7845227501217	0.360417496590628	0.686188916412025
21.789264690758	0.360510583251636	0.685660512718656
21.7940086962453	0.360603669912644	0.685132109025287
21.7987547679326	0.360696756573652	0.684603705331918
21.8035029071701	0.36078984323466	0.68407530163855
21.808253115309	0.360882929895668	0.683546897945181
21.8130053937018	0.360976016556676	0.683018494251812
21.8177597437024	0.361069103217683	0.682490090558444
21.8225161666655	0.361162189878691	0.681961686865075
21.8272746639473	0.361255276539699	0.681433283171706
21.8320352369049	0.361348363200707	0.680904879478338
21.8367978868967	0.361441449861715	0.680376475784969
21.8415626152825	0.361534536522723	0.6798480720916
21.8463294234229	0.361627623183731	0.679319668398231
21.85109831268	0.361720709844739	0.678791264704863
21.855869284417	0.361813796505747	0.678262861011494
21.8606423399981	0.361906883166755	0.677734457318125
21.865417480789	0.361999969827763	0.677206053624757
21.8701947081565	0.362093056488771	0.676677649931388
21.8749740234683	0.362186143149779	0.676149246238019
21.8797554280938	0.362279229810787	0.67562084254465
21.8845389234032	0.362372316471795	0.675092438851282
21.8893245107681	0.362465403132803	0.674564035157913
21.8941121915612	0.362558489793811	0.674035631464545
21.8989019671565	0.362651576454819	0.673507227771176
21.903693838929	0.362744663115827	0.672978824077807
21.9084878082552	0.362837749776835	0.672450420384438
21.9132838765125	0.362930836437843	0.67192201669107
21.9180820450798	0.363023923098851	0.671393612997701
21.922882315337	0.363117009759859	0.670865209304332
21.9276846886653	0.363210096420866	0.670336805610964
21.932489166447	0.363303183081874	0.669808401917595
21.9372957500658	0.363396269742882	0.669279998224226
21.9421044409064	0.36348935640389	0.668751594530857
21.9469152403549	0.363582443064898	0.668223190837489
21.9517281497986	0.363675529725906	0.66769478714412
21.9565431706258	0.363768616386914	0.667166383450752
21.9613603042263	0.363861703047922	0.666637979757383
21.966179551991	0.36395478970893	0.666109576064014
21.9710009153119	0.364047876369938	0.665581172370645
21.9758243955824	0.364140963030946	0.665052768677276
21.9806499941971	0.364234049691954	0.664524364983908
21.9854777125517	0.364327136352962	0.663995961290539
21.9903075520434	0.36442022301397	0.663467557597171
21.9951395140702	0.364513309674978	0.662939153903802
21.9999736000317	0.364606396335986	0.662410750210433
22.0048098113286	0.364699482996994	0.661882346517064
22.0096481493628	0.364792569658002	0.661353942823696
22.0144886155374	0.36488565631901	0.660825539130327
22.019331211257	0.364978742980018	0.660297135436958
22.0241759379271	0.365071829641026	0.65976873174359
22.0290227969545	0.365164916302034	0.659240328050221
22.0338717897475	0.365258002963042	0.658711924356852
22.0387229177153	0.36535108962405	0.658183520663483
22.0435761822686	0.365444176285057	0.657655116970115
22.0484315848192	0.365537262946065	0.657126713276746
22.0532891267802	0.365630349607073	0.656598309583378
22.0581488095658	0.365723436268081	0.656069905890009
22.0630106345918	0.365816522929089	0.65554150219664
22.0678746032748	0.365909609590097	0.655013098503271
22.072740717033	0.366002696251105	0.654484694809902
22.0776089772857	0.366095782912113	0.653956291116534
22.0824793854534	0.366188869573121	0.653427887423165
22.0873519429581	0.366281956234129	0.652899483729797
22.0922266512227	0.366375042895137	0.652371080036428
22.0971035116717	0.366468129556145	0.651842676343059
22.1019825257306	0.366561216217153	0.65131427264969
22.1068636948262	0.366654302878161	0.650785868956322
22.1117470203868	0.366747389539169	0.650257465262953
22.1166325038417	0.366840476200177	0.649729061569584
22.1215201466214	0.366933562861185	0.649200657876216
22.126409950158	0.367026649522193	0.648672254182847
22.1313019158847	0.367119736183201	0.648143850489478
22.1361960452358	0.367212822844209	0.647615446796109
22.141092339647	0.367305909505217	0.647087043102741
22.1459908005554	0.367398996166225	0.646558639409372
22.1508914293992	0.367492082827233	0.646030235716003
22.155794227618	0.36758516948824	0.645501832022635
22.1606991966525	0.367678256149248	0.644973428329266
22.1656063379448	0.367771342810256	0.644445024635897
22.1705156529383	0.367864429471264	0.643916620942529
22.1754271430776	0.367957516132272	0.64338821724916
22.1803408098087	0.36805060279328	0.642859813555791
22.1852566545787	0.368143689454288	0.642331409862423
22.1901746788361	0.368236776115296	0.641803006169054
22.1950948840306	0.368329862776304	0.641274602475685
22.2000172716134	0.368422949437312	0.640746198782316
22.2049418430368	0.36851603609832	0.640217795088948
22.2098685997544	0.368609122759328	0.639689391395579
22.2147975432211	0.368702209420336	0.63916098770221
22.2197286748932	0.368795296081344	0.638632584008842
22.224661996228	0.368888382742352	0.638104180315473
22.2295975086845	0.36898146940336	0.637575776622104
22.2345352137228	0.369074556064368	0.637047372928735
22.2394751128042	0.369167642725376	0.636518969235367
22.2444172073914	0.369260729386384	0.635990565541998
22.2493614989484	0.369353816047392	0.635462161848629
22.2543079889405	0.3694469027084	0.634933758155261
22.2592566788343	0.369539989369408	0.634405354461892
22.2642075700977	0.369633076030416	0.633876950768523
22.2691606642	0.369726162691424	0.633348547075155
22.2741159626116	0.369819249352431	0.632820143381786
22.2790734668043	0.369912336013439	0.632291739688417
22.2840331782513	0.370005422674447	0.631763335995049
22.2889950984271	0.370098509335455	0.63123493230168
22.2939592288074	0.370191595996463	0.630706528608311
22.2989255708692	0.370284682657471	0.630178124914942
22.3038941260911	0.370377769318479	0.629649721221574
22.3088648959526	0.370470855979487	0.629121317528205
22.3138378819348	0.370563942640495	0.628592913834836
22.3188130855201	0.370657029301503	0.628064510141468
22.3237905081922	0.370750115962511	0.627536106448099
22.328770151436	0.370843202623519	0.62700770275473
22.3337520167378	0.370936289284527	0.626479299061361
22.3387361055854	0.371029375945535	0.625950895367993
22.3437224194676	0.371122462606543	0.625422491674624
22.3487109598749	0.371215549267551	0.624894087981255
22.3537017282988	0.371308635928559	0.624365684287887
22.3586947262323	0.371401722589567	0.623837280594518
22.3636899551698	0.371494809250575	0.623308876901149
22.3686874166067	0.371587895911583	0.622780473207781
22.3736871120403	0.371680982572591	0.622252069514412
22.3786890429686	0.371774069233599	0.621723665821043
22.3836932108915	0.371867155894607	0.621195262127675
22.38869961731	0.371960242555614	0.620666858434306
22.3937082637262	0.372053329216622	0.620138454740937
22.398719151644	0.37214641587763	0.619610051047568
22.4037322825684	0.372239502538638	0.6190816473542
22.4087476580058	0.372332589199646	0.618553243660831
22.4137652794638	0.372425675860654	0.618024839967462
22.4187851484516	0.372518762521662	0.617496436274094
22.4238072664796	0.37261184918267	0.616968032580725
22.4288316350596	0.372704935843678	0.616439628887356
22.4338582557047	0.372798022504686	0.615911225193987
22.4388871299295	0.372891109165694	0.615382821500619
22.4439182592497	0.372984195826702	0.61485441780725
22.4489516451826	0.37307728248771	0.614326014113882
22.4539872892469	0.373170369148718	0.613797610420513
22.4590251929623	0.373263455809726	0.613269206727144
22.4640653578503	0.373356542470734	0.612740803033775
22.4691077854335	0.373449629131742	0.612212399340406
22.4741524772359	0.37354271579275	0.611683995647038
22.479199434783	0.373635802453758	0.611155591953669
22.4842486596015	0.373728889114766	0.610627188260301
22.4893001532196	0.373821975775774	0.610098784566932
22.4943539171668	0.373915062436782	0.609570380873563
22.499409952974	0.37400814909779	0.609041977180194
22.5044682621735	0.374101235758798	0.608513573486826
22.5095288462989	0.374194322419806	0.607985169793457
22.5145917068852	0.374287409080813	0.607456766100088
22.519656845469	0.374380495741821	0.60692836240672
22.5247242635879	0.374473582402829	0.606399958713351
22.5297939627812	0.374566669063837	0.605871555019982
22.5348659445895	0.374659755724845	0.605343151326613
22.5399402105546	0.374752842385853	0.604814747633245
22.54501676222	0.374845929046861	0.604286343939876
22.5500956011303	0.374939015707869	0.603757940246508
22.5551767288317	0.375032102368877	0.603229536553139
22.5602601468718	0.375125189029885	0.60270113285977
22.5653458567994	0.375218275690893	0.602172729166401
22.5704338601649	0.375311362351901	0.601644325473033
22.5755241585199	0.375404449012909	0.601115921779664
22.5806167534176	0.375497535673917	0.600587518086295
22.5857116464126	0.375590622334925	0.600059114392927
22.5908088390606	0.375683708995933	0.599530710699558
22.5959083329191	0.375776795656941	0.599002307006189
22.6010101295467	0.375869882317949	0.59847390331282
22.6061142305037	0.375962968978957	0.597945499619452
22.6112206373515	0.376056055639965	0.597417095926083
22.6163293516532	0.376149142300973	0.596888692232714
22.621440374973	0.376242228961981	0.596360288539346
22.6265537088768	0.376335315622988	0.595831884845977
22.6316693549318	0.376428402283996	0.595303481152608
22.6367873147066	0.376521488945004	0.59477507745924
22.6419075897712	0.376614575606012	0.594246673765871
22.6470301816971	0.37670766226702	0.593718270072502
22.6521550920572	0.376800748928028	0.593189866379134
22.6572823224258	0.376893835589036	0.592661462685765
22.6624118743786	0.376986922250044	0.592133058992396
22.6675437494928	0.377080008911052	0.591604655299027
22.672677949347	0.37717309557206	0.591076251605659
22.6778144755211	0.377266182233068	0.59054784791229
22.6829533295967	0.377359268894076	0.590019444218921
22.6880945131566	0.377452355555084	0.589491040525553
22.6932380277851	0.377545442216092	0.588962636832184
22.6983838750681	0.3776385288771	0.588434233138815
22.7035320565926	0.377731615538108	0.587905829445446
22.7086825739474	0.377824702199116	0.587377425752078
22.7138354287225	0.377917788860124	0.586849022058709
22.7189906225094	0.378010875521132	0.58632061836534
22.7241481569012	0.37810396218214	0.585792214671972
22.7293080334921	0.378197048843148	0.585263810978603
22.7344702538781	0.378290135504156	0.584735407285234
22.7396348196565	0.378383222165164	0.584207003591866
22.7448017324261	0.378476308826172	0.583678599898497
22.749970993787	0.37856939548718	0.583150196205128
22.755142605341	0.378662482148187	0.582621792511759
22.7603165686911	0.378755568809195	0.582093388818391
22.765492885442	0.378848655470203	0.581564985125022
22.7706715571997	0.378941742131211	0.581036581431653
22.7758525855717	0.379034828792219	0.580508177738285
22.781035972167	0.379127915453227	0.579979774044916
22.7862217185961	0.379221002114235	0.579451370351547
22.7914098264708	0.379314088775243	0.578922966658179
22.7966002974044	0.379407175436251	0.57839456296481
22.801793133012	0.379500262097259	0.577866159271441
22.8069883349097	0.379593348758267	0.577337755578072
22.8121859047153	0.379686435419275	0.576809351884704
22.8173858440482	0.379779522080283	0.576280948191335
22.822588154529	0.379872608741291	0.575752544497966
22.82779283778	0.379965695402299	0.575224140804598
22.8329998954249	0.380058782063307	0.574695737111229
22.8382093290888	0.380151868724315	0.57416733341786
22.8434211403984	0.380244955385323	0.573638929724491
22.8486353309819	0.380338042046331	0.573110526031123
22.8538519024689	0.380431128707339	0.572582122337754
22.8590708564905	0.380524215368347	0.572053718644386
22.8642921946794	0.380617302029355	0.571525314951017
22.8695159186696	0.380710388690363	0.570996911257648
22.8747420300968	0.38080347535137	0.570468507564279
22.879970530598	0.380896562012378	0.569940103870911
22.8852014218118	0.380989648673386	0.569411700177542
22.8904347053784	0.381082735334394	0.568883296484173
22.8956703829392	0.381175821995402	0.568354892790805
22.9009084561375	0.38126890865641	0.567826489097436
22.9061489266179	0.381361995317418	0.567298085404067
22.9113917960263	0.381455081978426	0.566769681710698
22.9166370660105	0.381548168639434	0.56624127801733
22.9218847382195	0.381641255300442	0.565712874323961
22.927134814304	0.38173434196145	0.565184470630592
22.9323872959161	0.381827428622458	0.564656066937224
22.9376421847095	0.381920515283466	0.564127663243855
22.9428994823394	0.382013601944474	0.563599259550486
22.9481591904624	0.382106688605482	0.563070855857117
22.9534213107368	0.38219977526649	0.562542452163749
22.9586858448222	0.382292861927498	0.56201404847038
22.9639527943801	0.382385948588506	0.561485644777012
22.969222161073	0.382479035249514	0.560957241083643
22.9744939465655	0.382572121910522	0.560428837390274
22.9797681525232	0.38266520857153	0.559900433696905
22.9850447806135	0.382758295232538	0.559372030003537
22.9903238325054	0.382851381893546	0.558843626310168
22.9956053098692	0.382944468554554	0.558315222616799
23.000889214377	0.382965739101593	0.557880086855576
23.0061755477023	0.382880817937165	0.557582862780077
23.01146431152	0.382795896772736	0.557285638704577
23.0167555075068	0.382710975608308	0.556988414629078
23.0220491373408	0.38262605444388	0.556691190553579
23.0273452027017	0.382541133279451	0.55639396647808
23.0326437052706	0.382456212115023	0.556096742402581
23.0379446467304	0.382371290950595	0.555799518327082
23.0432480287653	0.382286369786167	0.555502294251583
23.0485538530613	0.382201448621738	0.555205070176084
23.0538621213057	0.38211652745731	0.554907846100585
23.0591728351876	0.382031606292882	0.554610622025086
23.0644859963973	0.381946685128453	0.554313397949587
23.0698016066271	0.381861763964025	0.554016173874087
23.0751196675706	0.381776842799597	0.553718949798588
23.080440180923	0.381691921635168	0.553421725723089
23.085763148381	0.38160700047074	0.55312450164759
23.091088571643	0.381522079306312	0.552827277572091
23.0964164524089	0.381437158141883	0.552530053496592
23.1017467923802	0.381352236977455	0.552232829421093
23.1070795932599	0.381267315813027	0.551935605345594
23.1124148567527	0.381182394648598	0.551638381270095
23.1177525845647	0.38109747348417	0.551341157194596
23.1230927784038	0.381012552319742	0.551043933119097
23.1284354399792	0.380927631155314	0.550746709043597
23.1337805710019	0.380842709990885	0.550449484968098
23.1391281731843	0.380757788826457	0.550152260892599
23.1444782482407	0.380672867662029	0.5498550368171
23.1498307978867	0.3805879464976	0.549557812741601
23.1551858238395	0.380503025333172	0.549260588666102
23.160543327818	0.380418104168744	0.548963364590603
23.1659033115427	0.380333183004315	0.548666140515104
23.1712657767356	0.380248261839887	0.548368916439605
23.1766307251203	0.380163340675459	0.548071692364106
23.1819981584221	0.38007841951103	0.547774468288607
23.1873680783677	0.379993498346602	0.547477244213108
23.1927404866857	0.379908577182174	0.547180020137608
23.1981153851061	0.379823656017745	0.546882796062109
23.2034927753605	0.379738734853317	0.54658557198661
23.2088726591821	0.379653813688889	0.546288347911111
23.2142550383058	0.379568892524461	0.545991123835612
23.2196399144681	0.379483971360032	0.545693899760113
23.2250272894071	0.379399050195604	0.545396675684614
23.2304171648623	0.379314129031176	0.545099451609115
23.2358095425752	0.379229207866747	0.544802227533616
23.2412044242886	0.379144286702319	0.544505003458116
23.2466018117472	0.379059365537891	0.544207779382617
23.2520017066969	0.378974444373462	0.543910555307118
23.2574041108857	0.378889523209034	0.543613331231619
23.262809026063	0.378804602044606	0.54331610715612
23.2682164539797	0.378719680880177	0.543018883080621
23.2736263963885	0.378634759715749	0.542721659005122
23.2790388550438	0.378549838551321	0.542424434929623
23.2844538317014	0.378464917386892	0.542127210854124
23.2898713281189	0.378379996222464	0.541829986778625
23.2952913460555	0.378295075058036	0.541532762703126
23.3007138872721	0.378210153893608	0.541235538627627
23.3061389535311	0.378125232729179	0.540938314552127
23.3115665465966	0.378040311564751	0.540641090476628
23.3169966682343	0.377955390400323	0.540343866401129
23.3224293202118	0.377870469235894	0.54004664232563
23.327864504298	0.377785548071466	0.539749418250131
23.3333022222637	0.377700626907038	0.539452194174632
23.3387424758812	0.377615705742609	0.539154970099133
23.3441852669244	0.377530784578181	0.538857746023634
23.3496305971691	0.377445863413753	0.538560521948135
23.3550784683926	0.377360942249324	0.538263297872635
23.3605288823739	0.377276021084896	0.537966073797136
23.3659818408936	0.377191099920468	0.537668849721637
23.3714373457339	0.37710617875604	0.537371625646138
23.3768953986789	0.377021257591611	0.537074401570639
23.3823560015142	0.376936336427183	0.53677717749514
23.3878191560272	0.376851415262755	0.536479953419641
23.3932848640067	0.376766494098326	0.536182729344142
23.3987531272434	0.376681572933898	0.535885505268643
23.4042239475296	0.37659665176947	0.535588281193144
23.4096973266594	0.376511730605041	0.535291057117645
23.4151732664284	0.376426809440613	0.534993833042146
23.4206517686339	0.376341888276185	0.534696608966647
23.4261328350751	0.376256967111756	0.534399384891147
23.4316164675526	0.376172045947328	0.534102160815648
23.4371026678688	0.3760871247829	0.533804936740149
23.4425914378279	0.376002203618471	0.53350771266465
23.4480827792356	0.375917282454043	0.533210488589151
23.4535766938994	0.375832361289615	0.532913264513652
23.4590731836285	0.375747440125187	0.532616040438153
23.4645722502337	0.375662518960758	0.532318816362654
23.4700738955277	0.37557759779633	0.532021592287155
23.4755781213246	0.375492676631902	0.531724368211656
23.4810849294405	0.375407755467473	0.531427144136157
23.4865943216931	0.375322834303045	0.531129920060657
23.4921062999016	0.375237913138617	0.530832695985158
23.4976208658873	0.375152991974188	0.530535471909659
23.5031380214729	0.37506807080976	0.53023824783416
23.508657768483	0.374983149645332	0.529941023758661
23.5141801087437	0.374898228480903	0.529643799683162
23.519705044083	0.374813307316475	0.529346575607663
23.5252325763306	0.374728386152047	0.529049351532164
23.5307627073178	0.374643464987618	0.528752127456665
23.5362954388778	0.37455854382319	0.528454903381166
23.5418307728453	0.374473622658762	0.528157679305666
23.5473687110571	0.374388701494334	0.527860455230167
23.5529092553512	0.374303780329905	0.527563231154668
23.5584524075678	0.374218859165477	0.527266007079169
23.5639981695486	0.374133938001049	0.52696878300367
23.5695465431371	0.37404901683662	0.526671558928171
23.5750975301785	0.373964095672192	0.526374334852672
23.5806511325197	0.373879174507764	0.526077110777173
23.5862073520095	0.373794253343335	0.525779886701674
23.5917661904983	0.373709332178907	0.525482662626175
23.5973276498383	0.373624411014479	0.525185438550676
23.6028917318834	0.37353948985005	0.524888214475176
23.6084584384893	0.373454568685622	0.524590990399677
23.6140277715135	0.373369647521194	0.524293766324178
23.6195997328151	0.373284726356765	0.523996542248679
23.625174324255	0.373199805192337	0.52369931817318
23.6307515476961	0.373114884027909	0.523402094097681
23.6363314050026	0.373029962863481	0.523104870022182
23.6419138980409	0.372945041699052	0.522807645946683
23.647499028679	0.372860120534624	0.522510421871184
23.6530867987865	0.372775199370196	0.522213197795685
23.658677210235	0.372690278205767	0.521915973720185
23.6642702648978	0.372605357041339	0.521618749644686
23.66986596465	0.372520435876911	0.521321525569187
23.6754643113683	0.372435514712482	0.521024301493688
23.6810653069315	0.372350593548054	0.520727077418189
23.6866689532198	0.372265672383626	0.52042985334269
23.6922752521154	0.372180751219197	0.520132629267191
23.6978842055024	0.372095830054769	0.519835405191692
23.7034958152663	0.372010908890341	0.519538181116193
23.7091100832948	0.371925987725912	0.519240957040694
23.7147270114772	0.371841066561484	0.518943732965195
23.7203466017045	0.371756145397056	0.518646508889695
23.7259688558697	0.371671224232627	0.518349284814196
23.7315937758674	0.371586303068199	0.518052060738697
23.7372213635942	0.371501381903771	0.517754836663198
23.7428516209482	0.371416460739343	0.517457612587699
23.7484845498297	0.371331539574914	0.5171603885122
23.7541201521404	0.371246618410486	0.516863164436701
23.7597584297841	0.371161697246058	0.516565940361202
23.7653993846663	0.371076776081629	0.516268716285703
23.7710430186943	0.370991854917201	0.515971492210204
23.7766893337772	0.370906933752773	0.515674268134705
23.7823383318259	0.370822012588344	0.515377044059206
23.7879900147533	0.370737091423916	0.515079819983706
23.7936443844739	0.370652170259488	0.514782595908207
23.799301442904	0.370567249095059	0.514485371832708
23.804961191962	0.370482327930631	0.514188147757209
23.8106236335678	0.370397406766203	0.51389092368171
23.8162887696434	0.370312485601775	0.513593699606211
23.8219566021123	0.370227564437346	0.513296475530712
23.8276271329003	0.370142643272918	0.512999251455213
23.8333003639345	0.37005772210849	0.512702027379714
23.8389762971443	0.369972800944061	0.512404803304215
23.8446549344606	0.369887879779633	0.512107579228715
23.8503362778163	0.369802958615205	0.511810355153216
23.8560203291463	0.369718037450776	0.511513131077717
23.861707090387	0.369633116286348	0.511215907002218
23.8673965634768	0.36954819512192	0.510918682926719
23.873088750356	0.369463273957491	0.51062145885122
23.8787836529668	0.369378352793063	0.510324234775721
23.884481273253	0.369293431628635	0.510027010700222
23.8901816131606	0.369208510464206	0.509729786624723
23.8958846746372	0.369123589299778	0.509432562549224
23.9015904596324	0.36903866813535	0.509135338473725
23.9072989700975	0.368953746970922	0.508838114398225
23.9130102079858	0.368868825806493	0.508540890322726
23.9187241752525	0.368783904642065	0.508243666247227
23.9244408738546	0.368698983477637	0.507946442171728
23.9301603057509	0.368614062313208	0.507649218096229
23.9358824729022	0.36852914114878	0.50735199402073
23.9416073772711	0.368444219984352	0.507054769945231
23.9473350208222	0.368359298819923	0.506757545869732
23.9530654055218	0.368274377655495	0.506460321794233
23.9587985333382	0.368189456491067	0.506163097718734
23.9645344062415	0.368104535326638	0.505865873643234
23.9702730262038	0.36801961416221	0.505568649567736
23.976014395199	0.367934692997782	0.505271425492236
23.981758515203	0.367849771833353	0.504974201416737
23.9875053881934	0.367764850668925	0.504676977341238
23.9932550161499	0.367679929504497	0.504379753265739
23.9990074010539	0.367595008340069	0.50408252919024
24.0047625448889	0.36751008717564	0.503785305114741
24.0105204496402	0.367425166011212	0.503488081039242
24.016281117295	0.367340244846784	0.503190856963743
24.0220445498425	0.367255323682355	0.502893632888244
24.0278107492736	0.367170402517927	0.502596408812744
24.0335797175814	0.367085481353499	0.502299184737245
24.0393514567607	0.36700056018907	0.502001960661746
24.0451259688082	0.366915639024642	0.501704736586247
24.0509032557227	0.366830717860214	0.501407512510748
24.0566833195048	0.366745796695785	0.501110288435249
24.062466162157	0.366660875531357	0.50081306435975
24.0682517856838	0.366575954366929	0.500515840284251
24.0740401920916	0.3664910332025	0.500218616208752
24.0798313833887	0.366406112038072	0.499921392133253
24.0856253615855	0.366321190873644	0.499624168057754
24.091422128694	0.366236269709216	0.499326943982255
24.0972216867284	0.366151348544787	0.499029719906755
24.1030240377048	0.366066427380359	0.498732495831256
24.1088291836413	0.365981506215931	0.498435271755757
24.1146371265577	0.365896585051502	0.498138047680258
24.120447868476	0.365811663887074	0.497840823604759
24.1262614114201	0.365726742722646	0.49754359952926
24.1320777574157	0.365641821558217	0.497246375453761
24.1378969084906	0.365556900393789	0.496949151378262
24.1437188666745	0.365471979229361	0.496651927302763
24.1495436339992	0.365387058064932	0.496354703227264
24.1553712124982	0.365302136900504	0.496057479151764
24.1612016042071	0.365217215736076	0.495760255076265
24.1670348111636	0.365132294571648	0.495463031000766
24.1728708354072	0.365047373407219	0.495165806925267
24.1787096789793	0.364962452242791	0.494868582849768
24.1845513439234	0.364877531078363	0.494571358774269
24.1903958322851	0.364792609913934	0.49427413469877
24.1962431461117	0.364707688749506	0.493976910623271
24.2020932874526	0.364622767585078	0.493679686547772
24.2079462583593	0.364537846420649	0.493382462472273
24.2138020608851	0.364452925256221	0.493085238396774
24.2196606970854	0.364368004091793	0.492788014321274
24.2255221690176	0.364283082927364	0.492490790245775
24.231386478741	0.364198161762936	0.492193566170276
24.2372536283169	0.364113240598508	0.491896342094777
24.2431236198087	0.364028319434079	0.491599118019278
24.2489964552817	0.363943398269651	0.491301893943779
24.2548721368033	0.363858477105223	0.49100466986828
24.2607506664428	0.363773555940795	0.490707445792781
24.2666320462716	0.363688634776366	0.490410221717282
24.272516278363	0.363603713611938	0.490112997641783
24.2784033647925	0.36351879244751	0.489815773566283
24.2842933076373	0.363433871283081	0.489518549490784
24.290186108977	0.363348950118653	0.489221325415285
24.2960817708928	0.363264028954225	0.488924101339786
24.3019802954683	0.363179107789796	0.488626877264287
24.307881684789	0.363094186625368	0.488329653188788
24.3137859409423	0.36300926546094	0.488032429113289
24.3196930660178	0.362924344296511	0.48773520503779
24.3256030621069	0.362839423132083	0.487437980962291
24.3315159313034	0.362754501967655	0.487140756886792
24.3374316757028	0.362669580803226	0.486843532811293
24.3433502974027	0.362584659638798	0.486546308735794
24.349271798503	0.36249973847437	0.486249084660294
24.3551961811052	0.362414817309942	0.485951860584795
24.3611234473133	0.362329896145513	0.485654636509296
24.3670535992331	0.362244974981085	0.485357412433797
24.3729866389725	0.362160053816657	0.485060188358298
24.3789225686413	0.362075132652228	0.484762964282799
24.3848613903516	0.3619902114878	0.4844657402073
24.3908031062176	0.361905290323372	0.484168516131801
24.3967477183552	0.361820369158943	0.483871292056302
24.4026952288826	0.361735447994515	0.483574067980803
24.4086456399202	0.361650526830087	0.483276843905304
24.4145989535903	0.361565605665658	0.482979619829804
24.4205551720172	0.36148068450123	0.482682395754305
24.4265142973274	0.361395763336802	0.482385171678806
24.4324763316494	0.361310842172373	0.482087947603307
24.4384412771138	0.361225921007945	0.481790723527808
24.4444091358535	0.361140999843517	0.481493499452309
24.450379910003	0.361056078679089	0.48119627537681
24.4563536016994	0.36097115751466	0.480899051301311
24.4623302130816	0.360886236350232	0.480601827225812
24.4683097462906	0.360801315185804	0.480304603150313
24.4742922034695	0.360716394021375	0.480007379074813
24.4802775867636	0.360631472856947	0.479710154999314
24.4862658983203	0.360546551692519	0.479412930923815
24.492257140289	0.36046163052809	0.479115706848316
24.4982513148212	0.360376709363662	0.478818482772817
24.5042484240705	0.360291788199234	0.478521258697318
24.5102484701928	0.360206867034805	0.478224034621819
24.516251455346	0.360121945870377	0.47792681054632
24.5222573816899	0.360037024705949	0.477629586470821
24.5282662513868	0.35995210354152	0.477332362395322
24.5342780666008	0.359867182377092	0.477035138319823
24.5402928294982	0.359782261212664	0.476737914244323
24.5463105422476	0.359697340048236	0.476440690168824
24.5523312070196	0.359612418883807	0.476143466093325
24.5583548259869	0.359527497719379	0.475846242017826
24.5643814013243	0.359442576554951	0.475549017942327
24.5704109352088	0.359357655390522	0.475251793866828
24.5764434298196	0.359272734226094	0.474954569791329
24.582478887338	0.359187813061666	0.47465734571583
24.5885173099474	0.359102891897237	0.474360121640331
24.5945586998333	0.359017970732809	0.474062897564832
24.6006030591834	0.358933049568381	0.473765673489332
24.6066503901877	0.358848128403952	0.473468449413834
24.6127006950381	0.358763207239524	0.473171225338334
24.6187539759288	0.358678286075096	0.472874001262835
24.6248102350561	0.358593364910667	0.472576777187336
24.6308694746186	0.358508443746239	0.472279553111837
24.6369316968169	0.358423522581811	0.471982329036338
24.6429969038539	0.358338601417383	0.471685104960839
24.6490650979344	0.358253680252954	0.47138788088534
24.6551362812658	0.358168759088526	0.471090656809841
24.6612104560573	0.358083837924098	0.470793432734342
24.6672876245205	0.357998916759669	0.470496208658843
24.673367788869	0.357913995595241	0.470198984583343
24.6794509513188	0.357829074430813	0.469901760507844
24.6855371140879	0.357744153266384	0.469604536432345
24.6916262793966	0.357659232101956	0.469307312356846
24.6977184494674	0.357574310937528	0.469010088281347
24.7038136265248	0.357489389773099	0.468712864205848
24.7099118127957	0.357404468608671	0.468415640130349
24.7160130105093	0.357319547444243	0.46811841605485
24.7221172218966	0.357234626279814	0.467821191979351
24.7282244491912	0.357149705115386	0.467523967903852
24.7343346946287	0.357064783950958	0.467226743828353
24.740447960447	0.35697986278653	0.466929519752853
24.7465642488861	0.356894941622101	0.466632295677354
24.7526835621884	0.356810020457673	0.466335071601855
24.7588059025984	0.356725099293245	0.466037847526356
24.7649312723627	0.356640178128816	0.465740623450857
24.7710596737305	0.356555256964388	0.465443399375358
24.7771911089527	0.35647033579996	0.465146175299859
24.783325580283	0.356385414635531	0.46484895122436
24.7894630899768	0.356300493471103	0.464551727148861
24.7956036402922	0.356215572306675	0.464254503073362
24.8017472334891	0.356130651142246	0.463957278997862
24.80789387183	0.356045729977818	0.463660054922364
24.8140435575795	0.35596080881339	0.463362830846864
24.8201962930044	0.355875887648961	0.463065606771365
24.8263520803738	0.355790966484533	0.462768382695866
24.8325109219591	0.355706045320105	0.462471158620367
24.8386728200339	0.355621124155677	0.462173934544868
24.844837776874	0.355536202991248	0.461876710469369
24.8510057947575	0.35545128182682	0.46157948639387
24.8571768759649	0.355366360662392	0.461282262318371
24.8633510227788	0.355281439497963	0.460985038242872
24.8695282374841	0.355196518333535	0.460687814167372
24.875708522368	0.355111597169107	0.460390590091873
24.8818918797199	0.355026676004678	0.460093366016374
24.8880783118317	0.35494175484025	0.459796141940875
24.8942678209973	0.354856833675822	0.459498917865376
24.900460409513	0.354771912511393	0.459201693789877
24.9066560796774	0.354686991346965	0.458904469714378
24.9128548337914	0.354602070182537	0.458607245638879
24.9190566741582	0.354517149018108	0.45831002156338
24.9252616030832	0.35443222785368	0.458012797487881
24.9314696228741	0.354347306689252	0.457715573412381
24.9376807358411	0.354262385524824	0.457418349336883
24.9438949442965	0.354177464360395	0.457121125261383
24.950112250555	0.354092543195967	0.456823901185884
24.9563326569335	0.354007622031539	0.456526677110385
24.9625561657514	0.35392270086711	0.456229453034886
24.9687827793301	0.353837779702682	0.455932228959387
24.9750124999938	0.353752858538254	0.455635004883888
24.9812453300685	0.353667937373825	0.455337780808389
24.9874812718828	0.353583016209397	0.45504055673289
24.9937203277677	0.353498095044969	0.454743332657391
24.9999625000563	0.35341317388054	0.454446108581892
25.0062077910841	0.353328252716112	0.454148884506392
25.0124562031892	0.353243331551684	0.453851660430893
25.0187077387116	0.353158410387255	0.453554436355394
25.024962399994	0.353073489222827	0.453257212279895
25.0312201893812	0.352988568058399	0.452959988204396
25.0374811092205	0.352903646893971	0.452662764128897
25.0437451618615	0.352818725729542	0.452365540053398
25.0500123496561	0.352733804565114	0.452068315977899
25.0562826749586	0.352648883400686	0.4517710919024
25.0625561401258	0.352563962236257	0.451473867826901
25.0688327475165	0.352479041071829	0.451176643751402
25.0751124994922	0.352394119907401	0.450879419675902
25.0813953984167	0.352309198742972	0.450582195600403
25.0876814466561	0.352224277578544	0.450284971524904
25.0939706465788	0.352139356414116	0.449987747449405
25.1002630005557	0.352054435249687	0.449690523373906
25.1065585109601	0.351969514085259	0.449393299298407
25.1128571801677	0.351884592920831	0.449096075222908
25.1191590105563	0.351799671756402	0.448798851147409
25.1254640045065	0.351714750591974	0.44850162707191
25.131772164401	0.351629829427546	0.448204402996411
25.138083492625	0.351544908263118	0.447907178920911
25.1443979915661	0.351459987098689	0.447609954845412
25.1507156636142	0.351375065934261	0.447312730769913
25.1570365111618	0.351290144769833	0.447015506694414
25.1633605366036	0.351205223605404	0.446718282618915
25.1696877423369	0.351120302440976	0.446421058543416
25.1760181307612	0.351035381276548	0.446123834467917
25.1823517042786	0.350950460112119	0.445826610392418
25.1886884652935	0.350865538947691	0.445529386316919
25.1950284162128	0.350780617783263	0.44523216224142
25.2013715594458	0.350695696618834	0.444934938165921
25.2077178974041	0.350610775454406	0.444637714090421
25.2140674325019	0.350525854289978	0.444340490014922
25.2204201671559	0.350440933125549	0.444043265939423
25.226776103785	0.350356011961121	0.443746041863924
25.2331352448106	0.350271090796693	0.443448817788425
25.2394975926567	0.350186169632265	0.443151593712926
25.2458631497496	0.350101248467836	0.442854369637427
25.2522319185181	0.350016327303408	0.442557145561928
25.2586039013934	0.34993140613898	0.442259921486429
25.2649791008093	0.349846484974551	0.44196269741093
25.2713575192018	0.349761563810123	0.44166547333543
25.2777391590096	0.349676642645695	0.441368249259932
25.2841240226738	0.349591721481266	0.441071025184432
25.2905121126379	0.349506800316838	0.440773801108933
25.2969034313479	0.34942187915241	0.440476577033434
25.3032979812523	0.349336957987981	0.440179352957935
25.3096957648021	0.349252036823553	0.439882128882436
25.3160967844507	0.349167115659125	0.439584904806937
25.322501042654	0.349082194494697	0.439287680731438
25.3289085418705	0.349002488171846	0.438991153166771
25.335319284561	0.349079981403962	0.4387156216748
25.341733273189	0.349157474636079	0.438440090182829
25.3481505102203	0.349234967868196	0.438164558690859
25.3545709981233	0.349312461100313	0.437889027198888
25.3609947393689	0.34938995433243	0.437613495706917
25.3674217364305	0.349467447564546	0.437337964214946
25.373851991784	0.349544940796663	0.437062432722975
25.3802855079077	0.34962243402878	0.436786901231005
25.3867222872828	0.349699927260897	0.436511369739034
25.3931623323924	0.349777420493014	0.436235838247063
25.3996056457228	0.34985491372513	0.435960306755092
25.4060522297622	0.349932406957247	0.435684775263121
25.4125020870017	0.350009900189364	0.435409243771151
25.418955219935	0.350087393421481	0.43513371227918
25.425411631058	0.350164886653597	0.434858180787209
25.4318713228693	0.350242379885714	0.434582649295238
25.4383342978702	0.350319873117831	0.434307117803267
25.4448005585643	0.350397366349948	0.434031586311296
25.4512701074578	0.350474859582065	0.433756054819326
25.4577429470596	0.350552352814181	0.433480523327355
25.464219079881	0.350629846046298	0.433204991835384
25.4706985084359	0.350707339278415	0.432929460343413
25.4771812352408	0.350784832510532	0.432653928851442
25.4836672628146	0.350862325742649	0.432378397359472
25.490156593679	0.350939818974765	0.432102865867501
25.4966492303582	0.351017312206882	0.43182733437553
25.5031451753788	0.351094805438999	0.431551802883559
25.5096444312701	0.351172298671116	0.431276271391588
25.5161470005642	0.351249791903233	0.431000739899618
25.5226528857953	0.351327285135349	0.430725208407647
25.5291620895007	0.351404778367466	0.430449676915676
25.5356746142198	0.351482271599583	0.430174145423705
25.542190462495	0.3515597648317	0.429898613931735
25.5487096368711	0.351637258063816	0.429623082439764
25.5552321398955	0.351714751295933	0.429347550947793
25.5617579741182	0.35179224452805	0.429072019455822
25.5682871420919	0.351869737760167	0.428796487963851
25.5748196463719	0.351947230992284	0.42852095647188
25.5813554895159	0.3520247242244	0.42824542497991
25.5878946740844	0.352102217456517	0.427969893487939
25.5944372026406	0.352179710688634	0.427694361995968
25.6009830777502	0.352257203920751	0.427418830503997
25.6075323019814	0.352334697152868	0.427143299012026
25.6140848779053	0.352412190384984	0.426867767520056
25.6206408080955	0.352489683617101	0.426592236028085
25.6272000951282	0.352567176849218	0.426316704536114
25.6337627415822	0.352644670081335	0.426041173044143
25.6403287500391	0.352722163313451	0.425765641552172
25.6468981230831	0.352799656545568	0.425490110060202
25.6534708633009	0.352877149777685	0.425214578568231
25.660046973282	0.352954643009802	0.42493904707626
25.6666264556186	0.353032136241919	0.424663515584289
25.6732093129053	0.353109629474035	0.424387984092318
25.6797955477398	0.353187122706152	0.424112452600348
25.686385162722	0.353264615938269	0.423836921108377
25.6929781604547	0.353342109170386	0.423561389616406
25.6995745435434	0.353419602402503	0.423285858124435
25.7061743145963	0.353497095634619	0.423010326632464
25.712777476224	0.353574588866736	0.422734795140494
25.7193840310402	0.353652082098853	0.422459263648523
25.725993981661	0.35372957533097	0.422183732156552
25.7326073307052	0.353807068563087	0.421908200664581
25.7392240807944	0.353884561795203	0.42163266917261
25.7458442345529	0.35396205502732	0.42135713768064
25.7524677946076	0.354039548259437	0.421081606188669
25.7590947635882	0.354117041491554	0.420806074696698
25.765725144127	0.35419453472367	0.420530543204727
25.7723589388592	0.354272027955787	0.420255011712756
25.7789961504225	0.354349521187904	0.419979480220786
25.7856367814575	0.354427014420021	0.419703948728815
25.7922808346073	0.354504507652138	0.419428417236844
25.7989283125179	0.354582000884254	0.419152885744873
25.8055792178381	0.354659494116371	0.418877354252902
25.8122335532192	0.354736987348488	0.418601822760932
25.8188913213153	0.354814480580605	0.418326291268961
25.8255525247835	0.354891973812722	0.41805075977699
25.8322171662833	0.354969467044838	0.417775228285019
25.8388852484771	0.355046960276955	0.417499696793048
25.84555677403	0.355124453509072	0.417224165301078
25.8522317456099	0.355201946741189	0.416948633809107
25.8589101658875	0.355279439973306	0.416673102317136
25.8655920375362	0.355356933205422	0.416397570825165
25.872277363232	0.355434426437539	0.416122039333194
25.8789661456541	0.355511919669656	0.415846507841223
25.885658387484	0.355589412901773	0.415570976349253
25.8923540914062	0.355666906133889	0.415295444857282
25.8990532601081	0.355744399366006	0.415019913365311
25.9057558962796	0.355821892598123	0.41474438187334
25.9124620026135	0.35589938583024	0.414468850381369
25.9191715818056	0.355976879062357	0.414193318889399
25.9258846365541	0.356054372294473	0.413917787397428
25.9326011695603	0.35613186552659	0.413642255905457
25.9393211835282	0.356209358758707	0.413366724413486
25.9460446811646	0.356286851990824	0.413091192921516
25.9527716651791	0.356364345222941	0.412815661429545
25.9595021382842	0.356441838455057	0.412540129937574
25.966236103195	0.356519331687174	0.412264598445603
25.9729735626297	0.356596824919291	0.411989066953632
25.979714519309	0.356674318151408	0.411713535461661
25.9864589759568	0.356751811383524	0.411438003969691
25.9932069352995	0.356829304615641	0.41116247247772
25.9999584000666	0.356906797847758	0.410886940985749
26.0067133729901	0.356984291079875	0.410611409493778
26.0134718568052	0.357061784311992	0.410335878001807
26.0202338542497	0.357139277544108	0.410060346509837
26.0269993680645	0.357216770776225	0.409784815017866
26.0337684009929	0.357294264008342	0.409509283525895
26.0405409557816	0.357371757240459	0.409233752033924
26.0473170351798	0.357449250472576	0.408958220541953
26.0540966419396	0.357526743704692	0.408682689049983
26.0608797788161	0.357604236936809	0.408407157558012
26.0676664485672	0.357681730168926	0.408131626066041
26.0744566539536	0.357759223401043	0.40785609457407
26.0812503977391	0.35783671663316	0.407580563082099
26.08804768269	0.357914209865276	0.407305031590129
26.0948485115759	0.357991703097393	0.407029500098158
26.1016528871691	0.35806919632951	0.406753968606187
26.1084608122447	0.358146689561627	0.406478437114216
26.1152722895808	0.358224182793743	0.406202905622245
26.1220873219584	0.35830167602586	0.405927374130275
26.1289059121614	0.358379169257977	0.405651842638304
26.1357280629767	0.358456662490094	0.405376311146333
26.1425537771938	0.358534155722211	0.405100779654362
26.1493830576055	0.358611648954327	0.404825248162391
26.1562159070073	0.358689142186444	0.404549716670421
26.1630523281977	0.358766635418561	0.40427418517845
26.169892323978	0.358844128650678	0.403998653686479
26.1767358971527	0.358921621882795	0.403723122194508
26.1835830505288	0.358999115114911	0.403447590702537
26.1904337869167	0.359076608347028	0.403172059210567
26.1972881091295	0.359154101579145	0.402896527718596
26.2041460199833	0.359231594811262	0.402620996226625
26.2110075222971	0.359309088043378	0.402345464734654
26.2178726188928	0.359386581275495	0.402069933242683
26.2247413125955	0.359464074507612	0.401794401750713
26.2316136062331	0.359541567739729	0.401518870258742
26.2384895026363	0.359619060971846	0.401243338766771
26.2453690046391	0.359696554203962	0.4009678072748
26.2522521150783	0.359774047436079	0.400692275782829
26.2591388367937	0.359851540668196	0.400416744290859
26.266029172628	0.359929033900313	0.400141212798888
26.2729231254269	0.36000652713243	0.399865681306917
26.2798206980393	0.360084020364546	0.399590149814946
26.2867218933169	0.360161513596663	0.399314618322975
26.2936267141144	0.36023900682878	0.399039086831004
26.3005351632895	0.360316500060897	0.398763555339034
26.307447243703	0.360393993293014	0.398488023847063
26.3143629582186	0.36047148652513	0.398212492355092
26.3212823097031	0.360548979757247	0.397936960863121
26.3282053010262	0.360626472989364	0.397661429371151
26.3351319350607	0.360703966221481	0.39738589787918
26.3420622146825	0.360781459453598	0.397110366387209
26.3489961427705	0.360858952685714	0.396834834895238
26.3559337222064	0.360936445917831	0.396559303403267
26.3628749558751	0.361013939149948	0.396283771911297
26.3698198466648	0.361091432382065	0.396008240419326
26.3767683974663	0.361168925614181	0.395732708927355
26.3837206111736	0.361246418846298	0.395457177435384
26.390676490684	0.361323912078415	0.395181645943413
26.3976360388974	0.361401405310532	0.394906114451443
26.4045992587173	0.361478898542649	0.394630582959472
26.4115661530497	0.361556391774765	0.394355051467501
26.4185367248042	0.361633885006882	0.39407951997553
26.425510976893	0.361711378238999	0.393803988483559
26.4324889122317	0.361788871471116	0.393528456991588
26.4394705337389	0.361866364703233	0.393252925499618
26.4464558443362	0.361943857935349	0.392977394007647
26.4534448469483	0.362021351167466	0.392701862515676
26.4604375445032	0.362098844399583	0.392426331023705
26.4674339399316	0.3621763376317	0.392150799531734
26.4744340361678	0.362253830863816	0.391875268039764
26.4814378361488	0.362331324095933	0.391599736547793
26.4884453428148	0.36240881732805	0.391324205055822
26.4954565591092	0.362486310560167	0.391048673563851
26.5024714879786	0.362563803792284	0.39077314207188
26.5094901323725	0.3626412970244	0.39049761057991
26.5165124952436	0.362718790256517	0.390222079087939
26.5235385795478	0.362796283488634	0.389946547595968
26.5305683882441	0.362873776720751	0.389671016103997
26.5376019242946	0.362951269952868	0.389395484612026
26.5446391906646	0.363028763184984	0.389119953120056
26.5516801903224	0.363106256417101	0.388844421628085
26.5587249262398	0.363183749649218	0.388568890136114
26.5657734013913	0.363261242881335	0.388293358644143
26.5728256187549	0.363338736113452	0.388017827152172
26.5798815813116	0.363416229345568	0.387742295660202
26.5869412920456	0.363493722577685	0.387466764168231
26.5940047539443	0.363571215809802	0.38719123267626
26.6010719699983	0.363648709041919	0.386915701184289
26.6081429432012	0.363726202274035	0.386640169692318
26.6152176765501	0.363803695506152	0.386364638200348
26.6222961730449	0.363881188738269	0.386089106708377
26.6293784356891	0.363958681970386	0.385813575216406
26.6364644674891	0.364036175202503	0.385538043724435
26.6435542714547	0.364113668434619	0.385262512232464
26.6506478505986	0.364191161666736	0.384986980740494
26.6577452079371	0.364268654898853	0.384711449248523
26.6648463464894	0.36434614813097	0.384435917756552
26.6719512692782	0.364423641363087	0.384160386264581
26.6790599793291	0.364501134595203	0.38388485477261
26.6861724796711	0.36457862782732	0.38360932328064
26.6932887733366	0.364656121059437	0.383333791788669
26.7004088633609	0.364733614291554	0.383058260296698
26.7075327527828	0.36481110752367	0.382782728804727
26.7146604446442	0.364888600755787	0.382507197312756
26.7217919419902	0.364966093987904	0.382231665820785
26.7289272478694	0.365043587220021	0.381956134328815
26.7360663653334	0.365121080452138	0.381680602836844
26.7432092974372	0.365198573684254	0.381405071344873
26.750356047239	0.365276066916371	0.381129539852902
26.7575066178003	0.365353560148488	0.380854008360931
26.764661012186	0.365431053380605	0.380578476868961
26.7718192334639	0.365508546612722	0.38030294537699
26.7789812847056	0.365586039844838	0.380027413885019
26.7861471689855	0.365663533076955	0.379751882393048
26.7933168893817	0.365741026309072	0.379476350901078
26.8004904489752	0.365818519541189	0.379200819409107
26.8076678508507	0.365896012773306	0.378925287917136
26.814849098096	0.365973506005422	0.378649756425165
26.8220341938021	0.366050999237539	0.378374224933194
26.8292231410635	0.366128492469656	0.378098693441224
26.836415942978	0.366205985701773	0.377823161949253
26.8436126026466	0.366283478933889	0.377547630457282
26.8508131231738	0.366360972166006	0.377272098965311
26.8580175076673	0.366438465398123	0.37699656747334
26.8652257592382	0.36651595863024	0.376721035981369
26.8724378810008	0.366593451862357	0.376445504489399
26.879653876073	0.366670945094473	0.376169972997428
26.8868737475758	0.36674843832659	0.375894441505457
26.8940974986338	0.366825931558707	0.375618910013486
26.9013251323747	0.366903424790824	0.375343378521515
26.9085566519298	0.366980918022941	0.375067847029545
26.9157920604335	0.366848252803715	0.374790444347988
26.9230313610239	0.366646932344272	0.374512430380186
26.9302745568421	0.36644561188483	0.374234416412384
26.937521651033	0.366244291425387	0.373956402444582
26.9447726467446	0.366042970965944	0.37367838847678
26.9520275471283	0.365841650506502	0.373400374508978
26.959286355339	0.365640330047059	0.373122360541176
26.966549074535	0.365439009587616	0.372844346573375
26.9738157078779	0.365237689128173	0.372566332605573
26.9810862585328	0.365036368668731	0.372288318637771
26.9883607296681	0.364835048209288	0.372010304669969
26.9956391244558	0.364633727749845	0.371732290702167
27.0029214460713	0.364432407290402	0.371454276734365
27.0102076976931	0.36423108683096	0.371176262766563
27.0174978825036	0.364029766371517	0.370898248798762
27.0247920036883	0.363828445912074	0.37062023483096
27.0320900644364	0.363627125452632	0.370342220863158
27.0393920679403	0.363425804993189	0.370064206895356
27.0466980173959	0.363224484533746	0.369786192927554
27.0540079160027	0.363023164074303	0.369508178959752
27.0613217669636	0.362821843614861	0.36923016499195
27.0686395734849	0.362620523155418	0.368952151024149
27.0759613387763	0.362419202695975	0.368674137056347
27.0832870660513	0.362217882236533	0.368396123088545
27.0906167585264	0.36201656177709	0.368118109120743
27.0979504194221	0.361815241317647	0.367840095152941
27.1052880519619	0.361613920858204	0.367562081185139
27.1126296593732	0.361412600398762	0.367284067217337
27.1199752448866	0.361211279939319	0.367006053249536
27.1273248117364	0.361009959479876	0.366728039281734
27.1346783631602	0.360808639020433	0.366450025313932
27.1420359023994	0.360607318560991	0.36617201134613
27.1493974326987	0.360405998101548	0.365893997378328
27.1567629573063	0.360204677642105	0.365615983410526
27.1641324794741	0.360003357182662	0.365337969442724
27.1715060024574	0.35980203672322	0.365059955474923
27.178883529515	0.359600716263777	0.364781941507121
27.1862650639095	0.359399395804334	0.364503927539319
27.1936506089066	0.359198075344892	0.364225913571517
27.201040167776	0.358996754885449	0.363947899603715
27.2084337437907	0.358795434426006	0.363669885635913
27.2158313402273	0.358594113966563	0.363391871668111
27.223232960366	0.358392793507121	0.36311385770031
27.2306386074905	0.358191473047678	0.362835843732508
27.2380482848882	0.357990152588235	0.362557829764706
27.24546199585	0.357788832128793	0.362279815796904
27.2528797436703	0.35758751166935	0.362001801829102
27.2603015316473	0.357386191209907	0.3617237878613
27.2677273630826	0.357184870750464	0.361445773893498
27.2751572412815	0.356983550291022	0.361167759925697
27.2825911695528	0.356782229831579	0.360889745957895
27.2900291512091	0.356580909372136	0.360611731990093
27.2974711895665	0.356379588912694	0.360333718022291
27.3049172879446	0.356178268453251	0.360055704054489
27.3123674496667	0.355976947993808	0.359777690086687
27.3198216780599	0.355775627534365	0.359499676118886
27.3272799764548	0.355574307074923	0.359221662151084
27.3347423481856	0.35537298661548	0.358943648183282
27.3422087965901	0.355171666156037	0.35866563421548
27.3496793250099	0.354970345696594	0.358387620247678
27.3571539367902	0.354769025237152	0.358109606279876
27.3646326352798	0.354567704777709	0.357831592312074
27.3721154238312	0.354366384318266	0.357553578344272
27.3796023058006	0.354165063858824	0.357275564376471
27.3870932845478	0.353963743399381	0.356997550408669
27.3945883634363	0.353762422939938	0.356719536440867
27.4020875458334	0.353561102480495	0.356441522473065
27.4095908351099	0.353359782021053	0.356163508505263
27.4170982346405	0.35315846156161	0.355885494537461
27.4246097478033	0.352957141102167	0.35560748056966
27.4321253779804	0.352755820642724	0.355329466601858
27.4396451285575	0.352554500183282	0.355051452634056
27.4471690029239	0.352353179723839	0.354773438666254
27.4546970044729	0.352151859264396	0.354495424698452
27.4622291366013	0.351950538804954	0.35421741073065
27.4697654027095	0.351749218345511	0.353939396762848
27.477305806202	0.351547897886068	0.353661382795046
27.4848503504868	0.351346577426625	0.353383368827245
27.4923990389757	0.351145256967183	0.353105354859443
27.4999518750842	0.35094393650774	0.352827340891641
27.5075088622317	0.350742616048297	0.352549326923839
27.5150700038411	0.350541295588854	0.352271312956037
27.5226353033393	0.350339975129412	0.351993298988235
27.530204764157	0.350138654669969	0.351715285020433
27.5377783897284	0.349937334210526	0.351437271052632
27.5453561834917	0.349736013751084	0.35115925708483
27.5529381488889	0.349534693291641	0.350881243117028
27.5605242893657	0.349333372832198	0.350603229149226
27.5681146083715	0.349132052372755	0.350325215181424
27.5757091093597	0.348930731913313	0.350047201213622
27.5833077957875	0.34872941145387	0.34976918724582
27.5909106711158	0.348528090994427	0.349491173278019
27.5985177388093	0.348326770534985	0.349213159310217
27.6061290023366	0.348125450075542	0.348935145342415
27.6137444651701	0.347924129616099	0.348657131374613
27.6213641307861	0.347722809156656	0.348379117406811
27.6289880026645	0.347521488697214	0.348101103439009
27.6366160842895	0.347320168237771	0.347823089471207
27.6442483791486	0.347118847778328	0.347545075503406
27.6518848907336	0.346917527318885	0.347267061535604
27.6595256225399	0.346716206859443	0.346989047567802
27.6671705780668	0.3465148864	0.3467110336
27.6748197608176	0.346313565940557	0.346433019632198
27.6824731742994	0.346112245481115	0.346155005664396
27.6901308220231	0.345945896080453	0.345808196441132
27.6977927075036	0.345823614535788	0.345374696693852
27.7054588342596	0.345701332991124	0.344941196946573
27.7131292058138	0.34557905144646	0.344507697199294
27.7208038256927	0.345456769901795	0.344074197452015
27.7284826974268	0.345334488357131	0.343640697704736
27.7361658245504	0.345212206812467	0.343207197957457
27.7438532106019	0.345089925267802	0.342773698210177
27.7515448591234	0.344967643723138	0.342340198462898
27.7592407736611	0.344845362178474	0.341906698715619
27.7669409577651	0.344723080633809	0.34147319896834
27.7746454149893	0.344600799089145	0.341039699221061
27.7823541488918	0.344478517544481	0.340606199473782
27.7900671630343	0.344356235999816	0.340172699726503
27.7977844609829	0.344233954455152	0.339739199979223
27.8055060463073	0.344111672910488	0.339305700231944
27.8132319225813	0.343989391365823	0.338872200484665
27.8209620933827	0.343867109821159	0.338438700737386
27.8286965622933	0.343744828276495	0.338005200990107
27.8364353328987	0.34362254673183	0.337571701242828
27.8441784087887	0.343500265187166	0.337138201495548
27.8519257935571	0.343377983642502	0.336704701748269
27.8596774908014	0.343255702097837	0.33627120200099
27.8674335041236	0.343133420553173	0.335837702253711
27.8751938371291	0.343011139008509	0.335404202506432
27.882958493428	0.342888857463844	0.334970702759152
27.8907274766338	0.34276657591918	0.334537203011874
27.8985007903645	0.342644294374516	0.334103703264594
27.9062784382419	0.342522012829851	0.333670203517315
27.9140604238918	0.342399731285187	0.333236703770036
27.9218467509441	0.342277449740523	0.332803204022757
27.9296374230329	0.342155168195858	0.332369704275478
27.9374324437962	0.342032886651194	0.331936204528199
27.945231816876	0.34191060510653	0.331502704780919
27.9530355459186	0.341788323561865	0.33106920503364
27.9608436345741	0.341666042017201	0.330635705286361
27.968656086497	0.341543760472537	0.330202205539082
27.9764729053455	0.341421478927872	0.329768705791803
27.9842940947822	0.341299197383208	0.329335206044523
27.9921196584737	0.341176915838544	0.328901706297245
27.9999496000907	0.341054634293879	0.328468206549965
28.007783923308	0.340932352749215	0.328034706802686
28.0156226318044	0.340810071204551	0.327601207055407
28.0234657292631	0.340687789659886	0.327167707308128
28.0313132193711	0.340565508115222	0.326734207560849
28.0391651058198	0.340443226570558	0.326300707813569
28.0470213923046	0.340320945025893	0.32586720806629
28.0548820825251	0.340198663481229	0.325433708319011
28.062747180185	0.340076381936565	0.325000208571732
28.0706166889922	0.3399541003919	0.324566708824453
28.0784906126586	0.339831818847236	0.324133209077174
28.0863689549006	0.339709537302572	0.323699709329894
28.0942517194384	0.339587255757907	0.323266209582615
28.1021389099967	0.339464974213243	0.322832709835336
28.1100305303042	0.339342692668579	0.322399210088057
28.1179265840937	0.339220411123914	0.321965710340778
28.1258270751024	0.33909812957925	0.321532210593499
28.1337320070717	0.338975848034586	0.32109871084622
28.141641383747	0.338853566489921	0.32066521109894
28.1495552088781	0.338731284945257	0.320231711351661
28.157473486219	0.338609003400593	0.319798211604382
28.1653962195279	0.338486721855928	0.319364711857103
28.1733234125671	0.338364440311264	0.318931212109824
28.1812550691033	0.3382421587666	0.318497712362545
28.1891911929074	0.338119877221935	0.318064212615265
28.1971317877546	0.337997595677271	0.317630712867986
28.2050768574242	0.337875314132607	0.317197213120707
28.2130264056999	0.337753032587942	0.316763713373428
28.2209804363697	0.337630751043278	0.316330213626149
28.2289389532258	0.337508469498614	0.31589671387887
28.2369019600646	0.337386187953949	0.315463214131591
28.2448694606868	0.337263906409285	0.315029714384311
28.2528414588976	0.337141624864621	0.314596214637032
28.2608179585063	0.337019343319957	0.314162714889753
28.2687989633266	0.336897061775292	0.313729215142474
28.2767844771764	0.336774780230628	0.313295715395195
28.284774503878	0.336652498685963	0.312862215647916
28.292769047258	0.336530217141299	0.312428715900636
28.3007681111473	0.336407935596635	0.311995216153357
28.3087716993812	0.33628565405197	0.311561716406078
28.3167798157994	0.336163372507306	0.311128216658799
28.3247924642456	0.336041090962642	0.31069471691152
28.3328096485683	0.335918809417977	0.310261217164241
28.3408313726202	0.335796527873313	0.309827717416962
28.3488576402581	0.335674246328649	0.309394217669682
28.3568884553436	0.335551964783984	0.308960717922403
28.3649238217423	0.33542968323932	0.308527218175124
28.3729637433246	0.335307401694656	0.308093718427845
28.3810082239648	0.335185120149992	0.307660218680566
28.3890572675419	0.335062838605327	0.307226718933287
28.3971108779393	0.334940557060663	0.306793219186007
28.4051690590447	0.334818275515998	0.306359719438728
28.4132318147503	0.334695993971334	0.305926219691449
28.4212991489526	0.33457371242667	0.30549271994417
28.4293710655527	0.334451430882006	0.305059220196891
28.4374475684561	0.334329149337341	0.304625720449612
28.4455286615725	0.334206867792677	0.304192220702333
28.4536143488163	0.334084586248013	0.303758720955053
28.4617046341063	0.333962304703348	0.303325221207774
28.4697995213657	0.333840023158684	0.302891721460495
28.4778990145223	0.33371774161402	0.302458221713216
28.4860031175082	0.333595460069355	0.302024721965937
28.49411183426	0.333473178524691	0.301591222218658
28.5022251687189	0.333350896980027	0.301157722471379
28.5103431248305	0.333228615435362	0.300724222724099
28.518465706545	0.333106333890698	0.30029072297682
28.5265929178169	0.332984052346034	0.299857223229541
28.5347247626054	0.332861770801369	0.299423723482262
28.5428612448741	0.332739489256705	0.298990223734983
28.5510023685912	0.332617207712041	0.298556723987704
28.5591481377294	0.332494926167376	0.298123224240424
28.5672985562659	0.332372644622712	0.297689724493145
28.5754536281825	0.332250363078048	0.297256224745866
28.5836133574655	0.332128081533383	0.296822724998587
28.5917777481059	0.332005799988719	0.296389225251308
28.5999468040989	0.331883518444055	0.295955725504029
28.6081205294448	0.33176123689939	0.295522225756749
28.6162989281479	0.331638955354726	0.29508872600947
28.6244820042175	0.331516673810062	0.294655226262191
28.6326697616674	0.331394392265397	0.294221726514912
28.6408622045158	0.331272110720733	0.293788226767633
28.6490593367857	0.331149829176069	0.293354727020354
28.6572611625047	0.331027547631404	0.292921227273075
28.6654676857049	0.33090526608674	0.292487727525795
28.6736789104231	0.330782984542076	0.292054227778516
28.6818948407008	0.330660702997411	0.291620728031237
28.6901154805838	0.330538421452747	0.291187228283958
28.698340834123	0.330416139908083	0.290753728536679
28.7065709053737	0.330293858363418	0.2903202287894
28.7148056983958	0.330171576818754	0.28988672904212
28.7230452172539	0.33004929527409	0.289453229294841
28.7312894660175	0.329927013729425	0.289019729547562
28.7395384487604	0.329804732184761	0.288586229800283
28.7477921695614	0.329682450640097	0.288152730053004
28.7560506325037	0.329560169095432	0.287719230305725
28.7643138416755	0.329437887550768	0.287285730558446
28.7725818011694	0.329315606006104	0.286852230811166
28.7808545150829	0.329193324461439	0.286418731063887
28.7891319875182	0.329071042916775	0.285985231316608
28.7974142225821	0.328948761372111	0.285551731569329
28.8057012243863	0.328826479827446	0.28511823182205
28.8139929970471	0.328704198282782	0.284684732074771
28.8222895446856	0.328581916738118	0.284251232327491
28.8305908714277	0.328459635193453	0.283817732580212
28.8388969814038	0.328337353648789	0.283384232832933
28.8472078787494	0.328215072104125	0.282950733085654
28.8555235676046	0.32809279055946	0.282517233338375
28.8638440521142	0.327970509014796	0.282083733591096
28.872169336428	0.327848227470132	0.281650233843817
28.8804994247005	0.327725945925467	0.281216734096537
28.8888343210907	0.327603664380803	0.280783234349258
28.8971740297629	0.327481382836139	0.280349734601979
28.9055185548859	0.327359101291474	0.2799162348547
28.9138679006334	0.32723681974681	0.279482735107421
28.922222071184	0.327114538202146	0.279049235360142
28.9305810707208	0.326992256657481	0.278615735612862
28.9389449034322	0.326869975112817	0.278182235865583
28.9473135735111	0.326747693568153	0.277748736118304
28.9556870851555	0.326625412023488	0.277315236371025
28.964065442568	0.326503130478824	0.276881736623746
28.9724486499563	0.32638084893416	0.276448236876467
28.9808367115329	0.326258567389495	0.276014737129188
28.989229631515	0.326136285844831	0.275581237381908
28.997627414125	0.326014004300167	0.275147737634629
29.0060300635899	0.325891722755502	0.27471423788735
29.0144375841419	0.325769441210838	0.274280738140071
29.0228499800178	0.325647159666174	0.273847238392792
29.0312672554595	0.325524878121509	0.273413738645513
29.0396894147138	0.325402596576845	0.272980238898233
29.0481164620324	0.325280315032181	0.272546739150954
29.0565484016719	0.325158033487516	0.272113239403675
29.064985237894	0.325035751942852	0.271679739656396
29.0734269749652	0.324913470398188	0.271246239909117
29.0818736171569	0.324791188853523	0.270812740161838
29.0903251687457	0.324668907308859	0.270379240414559
29.098781634013	0.324546625764195	0.269945740667279
29.1072430172452	0.32442434421953	0.26951224092
29.1157093227337	0.324302062674866	0.269078741172721
29.1241805547749	0.324179781130202	0.268645241425442
29.1326567176702	0.324057499585537	0.268211741678163
29.141137815726	0.323935218040873	0.267778241930883
29.1496238532538	0.323812936496209	0.267344742183604
29.15811483457	0.323690654951544	0.266911242436325
29.166610763996	0.32356837340688	0.266477742689046
29.1751116458585	0.323446091862216	0.266044242941767
29.1836174844889	0.323323810317551	0.265610743194488
29.1921282842239	0.323201528772887	0.265177243447208
29.2006440494052	0.323079247228223	0.264743743699929
29.2091647843794	0.322956965683558	0.26431024395265
29.2176904934985	0.322834684138894	0.263876744205371
29.2262211811193	0.32271240259423	0.263443244458092
29.2347568516038	0.322590121049565	0.263009744710813
29.2432975093191	0.322467839504901	0.262576244963534
29.2518431586374	0.322345557960237	0.262142745216254
29.2603938039361	0.322223276415572	0.261709245468975
29.2689494495974	0.322100994870908	0.261275745721696
29.277510100009	0.321978713326244	0.260842245974417
29.2860757595637	0.321856431781579	0.260408746227138
29.2946464326591	0.321734150236915	0.259975246479859
29.3032221236983	0.321611868692251	0.25954174673258
29.3118028370894	0.321489587147586	0.2591082469853
29.3203885772457	0.321367305602922	0.258674747238021
29.3289793485858	0.321245024058258	0.258241247490742
29.3375751555332	0.321122742513593	0.257807747743463
29.3461760025167	0.321000460968929	0.257374247996184
29.3547818939705	0.320878179424265	0.256940748248905
29.3633928343338	0.3207558978796	0.256507248501625
29.372008828051	0.320633616334936	0.256073748754346
29.3806298795717	0.320511334790272	0.255640249007067
29.389255993351	0.320389053245607	0.255206749259788
29.3978871738488	0.320266771700943	0.254773249512509
29.4065234255306	0.320144490156279	0.25433974976523
29.415164752867	0.320022208611614	0.253906250017951
29.4238111603339	0.31989992706695	0.253472750270671
29.4324626524123	0.319777645522286	0.253039250523392
29.4411192335888	0.319655363977621	0.252605750776113
29.4497809083549	0.319533082432957	0.252172251028834
29.4584476812078	0.319410800888293	0.251738751281555
29.4671195566495	0.319288519343628	0.251305251534276
29.4757965391878	0.319166237798964	0.250871751786996
29.4844786333355	0.3190439562543	0.250438252039717
29.4931658436107	0.318921674709635	0.250004752292438
29.5018581745371	0.318799393164971	0.249571252545159
29.5105556306435	0.318677111620307	0.24913775279788
29.5192582164641	0.318554830075642	0.248704253050601
29.5279659365385	0.318432548530978	0.248270753303322
29.5366787954115	0.318310266986314	0.247837253556042
29.5453967976335	0.318187985441649	0.247403753808763
29.5541199477601	0.318065703896985	0.246970254061484
29.5628482503524	0.317943422352321	0.246536754314205
29.5715817099767	0.317821140807656	0.246103254566926
29.5803203312049	0.317698859262992	0.245669754819647
29.5890641186143	0.317576577718328	0.245236255072367
29.5978130767874	0.317454296173663	0.244802755325088
29.6065672103123	0.317332014628999	0.244369255577809
29.6153265237826	0.317209733084335	0.24393575583053
29.6240910217971	0.31708745153967	0.243502256083251
29.6328607089603	0.316965169995006	0.243068756335972
29.6416355898819	0.316842888450342	0.242635256588693
29.6504156691773	0.316720606905677	0.242201756841413
29.6592009514672	0.316598325361013	0.241768257094134
29.6679914413778	0.316476043816349	0.241334757346855
29.676787143541	0.316353762271684	0.240901257599576
29.6855880625938	0.31623148072702	0.240467757852297
29.6943942031791	0.316109199182356	0.240034258105018
29.7032055699451	0.315986917637691	0.239600758357738
29.7120221675455	0.315864636093027	0.239167258610459
29.7208440006396	0.315742354548363	0.23873375886318
29.7296710738922	0.315620073003698	0.238300259115901
29.7385033919737	0.315497791459034	0.237866759368622
29.74734095956	0.31537550991437	0.237433259621343
29.7561837813325	0.315253228369705	0.236999759874064
29.7650318619784	0.315130946825041	0.236566260126784
29.7738852061901	0.315008665280377	0.236132760379505
29.782743818666	0.314886383735712	0.235699260632226
29.7916077041098	0.314764102191048	0.235265760884947
29.8004768672308	0.314641820646384	0.234832261137668
29.8093513127442	0.314519539101719	0.234398761390389
29.8182310453705	0.314397257557055	0.233965261643109
29.827116069836	0.314274976012391	0.23353176189583
29.8360063908726	0.314152694467726	0.233098262148551
29.8449020132177	0.314030412923062	0.232664762401272
29.8538029416146	0.313908131378398	0.232231262653993
29.8627091808121	0.313785849833733	0.231797762906714
29.8716207355648	0.313663568289069	0.231364263159435
29.8805376106327	0.313541286744405	0.230930763412155
29.8894598107818	0.31341900519974	0.230497263664876
29.8983873407836	0.313296723655076	0.230063763917597
29.9073202054154	0.313174442110412	0.229630264170318
29.9162584094602	0.313052160565747	0.229196764423039
29.9252019577067	0.312929879021083	0.22876326467576
29.9341508549493	0.312807597476419	0.22832976492848
29.9431051059881	0.312685315931754	0.227896265181201
29.9520647156291	0.31256303438709	0.227462765433922
29.9610296886839	0.312440752842426	0.227029265686643
29.97000002997	0.312318471297761	0.226595765939364
29.9789757443105	0.312196189753097	0.226162266192085
29.9879568365344	0.312073908208433	0.225728766444806
29.9969433114766	0.311951626663768	0.225295266697526
30.0059351739774	0.311827670126177	0.224980672184688
30.0149324288834	0.311702356216665	0.224762435467608
30.0239350810466	0.311577042307153	0.224544198750528
30.0329431353251	0.311451728397642	0.224325962033449
30.0419565965828	0.31132641448813	0.224107725316369
30.0509754696892	0.311201100578618	0.223889488599289
30.05999975952	0.311075786669106	0.223671251882209
30.0690294709565	0.310950472759595	0.22345301516513
30.0780646088859	0.310825158850083	0.22323477844805
30.0871051782014	0.310699844940571	0.22301654173097
30.096151183802	0.31057453103106	0.22279830501389
30.1052026305926	0.310449217121548	0.222580068296811
30.114259523484	0.310323903212036	0.222361831579731
30.1233218673929	0.310198589302524	0.222143594862651
30.132389667242	0.310073275393013	0.221925358145571
30.1414629279598	0.309947961483501	0.221707121428492
30.1505416544808	0.309822647573989	0.221488884711412
30.1596258517455	0.309697333664477	0.221270647994332
30.1687155247003	0.309572019754966	0.221052411277252
30.1778106782976	0.309446705845454	0.220834174560173
30.1869113174957	0.309321391935942	0.220615937843093
30.1960174472589	0.309196078026431	0.220397701126013
30.2051290725576	0.309070764116919	0.220179464408933
30.214246198368	0.308945450207407	0.219961227691854
30.2233688296726	0.308820136297895	0.219742990974774
30.2324969714596	0.308694822388384	0.219524754257694
30.2416306287235	0.308569508478872	0.219306517540614
30.2507698064647	0.308440532730973	0.219091257891953
30.2599145096895	0.308308790629039	0.218878247284445
30.2690647434107	0.308177048527105	0.218665236676938
30.2782205126466	0.308045306425171	0.21845222606943
30.2873818224221	0.307913564323237	0.218239215461923
30.2965486777677	0.307781822221303	0.218026204854415
30.3057210837205	0.307650080119369	0.217813194246907
30.3148990453232	0.307518338017435	0.2176001836394
30.324082567625	0.307386595915501	0.217387173031892
30.333271655681	0.307254853813567	0.217174162424385
30.3424663145525	0.307123111711633	0.216961151816877
30.3516665493069	0.306991369609699	0.21674814120937
30.3608723650178	0.306859627507766	0.216535130601862
30.370083766765	0.306727885405832	0.216322119994355
30.3793007596344	0.306596143303898	0.216109109386847
30.388523348718	0.306464401201964	0.215896098779339
30.3977515391142	0.30633265910003	0.215683088171832
30.4069853359273	0.306200916998096	0.215470077564324
30.416224744268	0.306069174896162	0.215257066956817
30.4254697692532	0.305937432794228	0.215044056349309
30.4347204160061	0.305805690692294	0.214831045741802
30.4439766896559	0.30567394859036	0.214618035134294
30.4532385953383	0.305542206488426	0.214405024526787
30.462506138195	0.305410464386492	0.214192013919279
30.4717793233741	0.305278722284558	0.213979003311772
30.4810581560301	0.305146980182624	0.213765992704264
30.4903426413235	0.30501523808069	0.213552982096756
30.4996327844213	0.30488374024182	0.213341994799614
30.5089285904967	0.304752301510392	0.213131497108626
30.5182300647292	0.304620862778964	0.212920999417639
30.5275372123047	0.304489424047536	0.212710501726651
30.5368500384154	0.304357985316108	0.212500004035664
30.5461685482597	0.30422654658468	0.212289506344676
30.5554927470427	0.304095107853252	0.212079008653689
30.5648226399754	0.303963669121824	0.211868510962701
30.5741582322756	0.303832230390396	0.211658013271714
30.583499529167	0.303700791658968	0.211447515580726
30.5928465358802	0.30356935292754	0.211237017889739
30.6021992576519	0.303437914196111	0.211026520198751
30.6115576997251	0.303306475464683	0.210816022507763
30.6209218673496	0.303175036733255	0.210605524816776
30.6302917657812	0.303043598001827	0.210395027125788
30.6396674002824	0.302912159270399	0.210184529434801
30.6490487761222	0.302780720538971	0.209974031743813
30.6584358985758	0.302649281807543	0.209763534052826
30.667828772925	0.302517843076115	0.209553036361838
30.6772274044581	0.302386404344687	0.209342538670851
30.6866317984698	0.302254965613259	0.209132040979863
30.6960419602615	0.302123526881831	0.208921543288876
30.7054578951409	0.301992088150403	0.208711045597888
30.7148796084221	0.301860649418975	0.208500547906901
30.7243071054262	0.301729210687547	0.208290050215913
30.7337403914802	0.301597771956118	0.208079552524926
30.7431794719183	0.30146527868946	0.207870378635336
30.7526243520806	0.30132973877466	0.207665029328325
30.7620750373144	0.301194198859861	0.207459680021314
30.7715315329731	0.301058658945061	0.207254330714303
30.7809938444169	0.300923119030261	0.207048981407291
30.7904619770125	0.300787579115462	0.20684363210028
30.7999359361333	0.300652039200662	0.206638282793269
30.8094157271592	0.300516499285862	0.206432933486257
30.8189013554769	0.300380959371062	0.206227584179246
30.8283928264796	0.300245419456263	0.206022234872235
30.8378901455672	0.300109879541463	0.205816885565223
30.8473933181461	0.299974339626663	0.205611536258212
30.8569023496297	0.299838799711863	0.205406186951201
30.8664172454377	0.299703259797064	0.20520083764419
30.8759380109968	0.299567719882264	0.204995488337178
30.8854646517401	0.299432179967464	0.204790139030167
30.8949971731078	0.299296640052664	0.204584789723156
30.9045355805463	0.299161100137865	0.204379440416144
30.9140798795093	0.299025560223065	0.204174091109133
30.9236300754568	0.298890020308265	0.203968741802122
30.9331861738556	0.298754480393466	0.203763392495111
30.9427481801796	0.298618940478666	0.203558043188099
30.9523160999091	0.298483400563866	0.203352693881088
30.9618899385314	0.298347860649066	0.203147344574077
30.9714697015403	0.298212320734267	0.202941995267065
30.9810553944369	0.298076780819467	0.202736645960054
30.9906470227285	0.297941240904667	0.202531296653043
31.0002445919298	0.297806240163998	0.202328134469838
31.009848107562	0.297671283863585	0.202125152555558
31.0194575751532	0.297536327563171	0.201922170641278
31.0290730002383	0.297401371262758	0.201719188726998
31.0386943883593	0.297266414962344	0.201516206812718
31.0483217450647	0.297131458661931	0.201313224898438
31.0579550759103	0.296996502361517	0.201110242984158
31.0675943864585	0.296861546061103	0.200907261069878
31.0772396822787	0.29672658976069	0.200704279155598
31.0868909689473	0.296591633460276	0.200501297241318
31.0965482520475	0.296456677159863	0.200298315327038
31.1062115371694	0.296321720859449	0.200095333412759
31.1158808299103	0.296186764559036	0.199892351498479
31.1255561358743	0.296051808258622	0.199689369584199
31.1352374606723	0.295916851958209	0.199486387669919
31.1449248099225	0.295781895657795	0.199283405755639
31.15461818925	0.295646939357382	0.199080423841359
31.1643176042867	0.295511983056968	0.198877441927079
31.1740230606718	0.295377026756555	0.198674460012799
31.1837345640514	0.295242070456141	0.198471478098519
31.1934521200786	0.295107114155727	0.198268496184239
31.2031757344136	0.294972157855314	0.198065514269959
31.2129054127236	0.2948372015549	0.197862532355679
31.222641160683	0.294702245254487	0.197659550441399
31.2323829839731	0.294567288954073	0.197456568527119
31.2421308882825	0.29443233265366	0.197253586612839
31.2518848793068	0.29429462636502	0.197054678148032
31.2616449627486	0.294156247119074	0.196856766508431
31.2714111443179	0.294017867873128	0.19665885486883
31.2811834297315	0.293879488627182	0.196460943229229
31.2909618247137	0.293741109381237	0.196263031589628
31.3007463349956	0.293602730135291	0.196065119950027
31.3105369663158	0.293464350889345	0.195867208310426
31.3203337244199	0.2933259716434	0.195669296670825
31.3301366150607	0.293187592397454	0.195471385031224
31.3399456439983	0.293049213151508	0.195273473391623
31.3497608169999	0.292910833905562	0.195075561752022
31.3595821398399	0.292772454659616	0.194877650112421
31.3694096183002	0.292634075413671	0.19467973847282
31.3792432581696	0.292495696167725	0.19448182683322
31.3890830652444	0.292357316921779	0.194283915193619
31.3989290453281	0.292218937675834	0.194086003554018
31.4087812042315	0.292080558429888	0.193888091914417
31.4186395477727	0.291942179183942	0.193690180274816
31.428504081777	0.291803799937996	0.193492268635215
31.4383748120771	0.291665420692051	0.193294356995614
31.4482517445131	0.291527041446105	0.193096445356013
31.4581348849324	0.291388662200159	0.192898533716412
31.4680242391897	0.291250282954213	0.192700622076811
31.4779198131471	0.291111903708268	0.19250271043721
31.487821612674	0.290973524462322	0.192304798797609
31.4977296436473	0.290835145216376	0.192106887158008
31.5076439119513	0.290697351951368	0.191911021720383
31.5175644234776	0.290559627937423	0.19171539810233
31.5274911841253	0.290421903923477	0.191519774484278
31.5374241998009	0.290284179909531	0.191324150866226
31.5473634764185	0.290146455895585	0.191128527248173
31.5573090198994	0.29000873188164	0.190932903630121
31.5672608361725	0.289871007867694	0.190737280012069
31.5772189311743	0.289733283853748	0.190541656394017
31.5871833108485	0.289595559839803	0.190346032775964
31.5971539811466	0.289457835825857	0.190150409157912
31.6071309480275	0.289320111811911	0.18995478553986
31.6171142174575	0.289182387797966	0.189759161921807
31.6271037954106	0.28904466378402	0.189563538303755
31.6370996878684	0.288906939770074	0.189367914685703
31.6471019008199	0.288769215756129	0.189172291067651
31.6571104402618	0.288631491742183	0.188976667449598
31.6671253121983	0.288493767728237	0.188781043831546
31.6771465226412	0.288356043714292	0.188585420213494
31.6871740776101	0.288218319700346	0.188389796595441
31.697207983132	0.2880805956864	0.188194172977389
31.7072482452416	0.287942871672454	0.187998549359337
31.7172948699813	0.287805147658509	0.187802925741284
31.7273478634011	0.287667423644563	0.187607302123232
31.7374072315587	0.287529699630617	0.18741167850518
31.7474729805194	0.287391975616672	0.187216054887128
31.7575451163565	0.287253707602504	0.187021361023462
31.7676236451506	0.287113188871167	0.186830513875439
31.7777085729902	0.286972670139829	0.186639666727415
31.7877999059717	0.286832151408491	0.186448819579392
31.797897650199	0.286691632677153	0.186257972431368
31.8080018117838	0.286551113945816	0.186067125283345
31.8181123968457	0.286410595214478	0.185876278135322
31.828229411512	0.28627007648314	0.185685430987298
31.8383528619177	0.286129557751802	0.185494583839275
31.8484827542058	0.285989039020465	0.185303736691251
31.8586190945271	0.285848520289127	0.185112889543228
31.86876188904	0.285708001557789	0.184922042395205
31.878911143911	0.285567482826451	0.184731195247181
31.8890668653143	0.285426964095114	0.184540348099158
31.8992290594321	0.285286445363776	0.184349500951134
31.9093977324544	0.285145926632438	0.184158653803111
31.9195728905791	0.2850054079011	0.183967806655088
31.929754540012	0.284864889169763	0.183776959507064
31.9399426869668	0.284724370438425	0.183586112359041
31.9501373376653	0.284583851707087	0.183395265211018
31.9603384983371	0.284443332975749	0.183204418062994
31.9705461752197	0.284302814244412	0.183013570914971
31.9807603745587	0.284162295513074	0.182822723766948
31.9909811026076	0.284021776781736	0.182631876618924
32.0012083656279	0.283881258050398	0.182441029470901
32.0114421698892	0.283740739319061	0.182250182322877
32.0216825216691	0.283600662196074	0.182060932245608
32.0319294272531	0.283460771738651	0.181872357241874
32.0421828929349	0.283320881281227	0.181683782238141
32.0524429250162	0.283180990823804	0.181495207234408
32.0627095298068	0.28304110036638	0.181306632230675
32.0729827136245	0.282901209908957	0.181118057226942
32.0832624827954	0.282761319451533	0.180929482223209
32.0935488436534	0.282621428994109	0.180740907219475
32.1038418025408	0.282481538536686	0.180552332215742
32.114141365808	0.282341648079263	0.180363757212009
32.1244475398134	0.282201757621839	0.180175182208276
32.1347603309238	0.282061867164416	0.179986607204543
32.1450797455138	0.281921976706992	0.17979803220081
32.1554057899667	0.281782086249568	0.179609457197076
32.1657384706735	0.281642195792145	0.179420882193343
32.1760777940339	0.281502305334721	0.17923230718961
32.1864237664553	0.281362414877298	0.179043732185877
32.1967763943538	0.281222524419874	0.178855157182144
32.2071356841536	0.281082633962451	0.178666582178411
32.2175016422871	0.280942743505027	0.178478007174677
32.2278742751951	0.280802853047604	0.178289432170944
32.2382535893266	0.28066296259018	0.178100857167211
32.2486395911389	0.280523072132757	0.177912282163478
32.2590322870976	0.280383181675333	0.177723707159745
32.269431683677	0.28024329121791	0.177535132156012
32.2798377873591	0.280102415937877	0.177348467886864
32.2902506046349	0.279960165208391	0.177164472239269
32.3006701420034	0.279817914478905	0.176980476591674
32.3110964059721	0.279675663749419	0.176796480944078
32.3215294030569	0.279533413019933	0.176612485296483
32.3319691397821	0.279391162290447	0.176428489648888
32.3424156226804	0.27924891156096	0.176244494001293
32.3528688582931	0.279106660831474	0.176060498353697
32.3633288531698	0.278964410101988	0.175876502706102
32.3737956138687	0.278822159372502	0.175692507058507
32.3842691469563	0.278679908643016	0.175508511410911
32.3947494590077	0.27853765791353	0.175324515763316
32.4052365566066	0.278395407184044	0.175140520115721
32.4157304463452	0.278253156454558	0.174956524468126
32.4262311348241	0.278110905725072	0.17477252882053
32.4367386286525	0.277968654995586	0.174588533172935
32.4472529344484	0.2778264042661	0.17440453752534
32.4577740588382	0.277684153536614	0.174220541877744
32.4683020084567	0.277541902807128	0.174036546230149
32.4788367899477	0.277399652077642	0.173852550582554
32.4893784099633	0.277257401348155	0.173668554934959
32.4999268751645	0.277115150618669	0.173484559287363
32.5104821922208	0.276972899889183	0.173300563639768
32.5210443678104	0.276830649159697	0.173116567992173
32.5316134086202	0.276688398430211	0.172932572344577
32.5421893213457	0.276546351843393	0.172749331973859
32.5527721126912	0.276404708477364	0.172567583419342
32.5633617893698	0.276263065111336	0.172385834864825
32.5739583581031	0.276121421745307	0.172204086310308
32.5845618256218	0.275979778379278	0.172022337755791
32.595172198665	0.27583813501325	0.171840589201274
32.6057894839808	0.275696491647221	0.171658840646757
32.616413688326	0.275554848281192	0.17147709209224
32.6270448184664	0.275413204915164	0.171295343537723
32.6376828811763	0.275271561549135	0.171113594983206
32.6483278832391	0.275129918183106	0.170931846428689
32.658979831447	0.274988274817078	0.170750097874171
32.669638732601	0.274846631451049	0.170568349319654
32.6803045935109	0.274704988085021	0.170386600765137
32.6909774209957	0.274563344718992	0.17020485221062
32.701657221883	0.274421701352963	0.170023103656103
32.7123440030095	0.274280057986935	0.169841355101586
32.7230377712208	0.274138414620906	0.169659606547069
32.7337385333714	0.273996771254877	0.169477857992552
32.7444462963248	0.273855127888849	0.169296109438035
32.7551610669535	0.27371348452282	0.169114360883518
32.765882852139	0.273571841156792	0.168932612329001
32.7766116587719	0.273430197790763	0.168750863774483
32.7873474937516	0.273288554424734	0.168569115219966
32.7980903639867	0.273146911058706	0.168387366665449
32.8088402763948	0.27300433257493	0.168207604054361
32.8195972379027	0.272860646511304	0.168030193650715
32.8303612554461	0.272716960447679	0.167852783247069
32.84113233597	0.272573274384053	0.167675372843423
32.8519104864284	0.272429588320428	0.167497962439778
32.8626957137843	0.272285902256802	0.167320552036132
32.8734880250102	0.272142216193176	0.167143141632486
32.8842874270873	0.271998530129551	0.16696573122884
32.8950939270064	0.271854844065925	0.166788320825194
32.9059075317674	0.2717111580023	0.166610910421548
32.9167282483791	0.271567471938674	0.166433500017902
32.9275560838599	0.271423785875049	0.166256089614256
32.9383910452373	0.271280099811423	0.16607867921061
32.9492331395479	0.271136413747798	0.165901268806965
32.9600823738379	0.270992727684172	0.165723858403319
32.9709387551624	0.270849041620546	0.165546447999673
32.9818022905862	0.270705355556921	0.165369037596027
32.992672987183	0.270561669493295	0.165191627192381
33.0035508520362	0.27041798342967	0.165014216788735
33.0144358922382	0.270274297366044	0.164836806385089
33.0253281148912	0.270130611302419	0.164659395981443
33.0362275271062	0.269986925238793	0.164481985577797
33.0471341360042	0.269843239175167	0.164304575174152
33.0580479487151	0.269699553111542	0.164127164770506
33.0689689723785	0.269555867047916	0.16394975436686
33.0798972141434	0.269412641613138	0.163774080912344
33.0908326811682	0.269269545605023	0.163598895502666
33.1017753806208	0.269126449596909	0.163423710092987
33.1127253196785	0.268983353588794	0.163248524683308
33.1236825055283	0.268840257580679	0.16307333927363
33.1346469453666	0.268697161572564	0.162898153863951
33.1456186463992	0.268554065564449	0.162722968454272
33.1565976158417	0.268410969556335	0.162547783044593
33.167583860919	0.26826787354822	0.162372597634915
33.1785773888659	0.268124777540105	0.162197412225236
33.1895782069264	0.267981681531991	0.162022226815557
33.2005863223545	0.267838585523876	0.161847041405879
33.2116017424135	0.267695489515761	0.1616718559962
33.2226244743766	0.267552393507646	0.161496670586521
33.2336545255264	0.267409297499531	0.161321485176843
33.2446919031556	0.267266201491417	0.161146299767164
33.255736614566	0.267123105483302	0.160971114357485
33.2667886670696	0.266980009475187	0.160795928947807
33.277848067988	0.266836913467072	0.160620743538128
33.2889148246523	0.266693817458958	0.160445558128449
33.2999889444037	0.266550721450843	0.16027037271877
33.3110704345929	0.266407625442728	0.160095187309092
33.3221593025805	0.266264529434613	0.159920001899413
33.333255555737	0.266121433426499	0.159744816489734
33.3443592014426	0.265977810148427	0.159570883867822
33.3554702470873	0.265832974556841	0.159399831689824
33.3665887000711	0.265688138965254	0.159228779511827
33.3777145678037	0.265543303373668	0.159057727333829
33.3888478577047	0.265398467782082	0.158886675155831
33.3999885772039	0.265253632190496	0.158715622977833
33.4111367337406	0.26510879659891	0.158544570799835
33.4222923347644	0.264963961007324	0.158373518621837
33.4334553877345	0.264819125415738	0.158202466443839
33.4446259001203	0.264674289824152	0.158031414265841
33.4558038794012	0.264529454232566	0.157860362087844
33.4669893330665	0.26438461864098	0.157689309909846
33.4781822686155	0.264239783049394	0.157518257731848
33.4893826935577	0.264094947457808	0.15734720555385
33.5005906154125	0.263950111866222	0.157176153375852
33.5118060417095	0.263805276274636	0.157005101197854
33.5230289799881	0.26366044068305	0.156834049019856
33.5342594377981	0.263515605091463	0.156662996841858
33.5454974226994	0.263370769499877	0.156491944663861
33.5567429422619	0.263225933908291	0.156320892485863
33.5679960040658	0.263081098316705	0.156149840307865
33.5792566157012	0.262936262725119	0.155978788129867
33.5905247847687	0.262791427133533	0.155807735951869
33.601800518879	0.262646591541947	0.155636683773871
33.613083825653	0.262501768706582	0.155465683166656
33.6243747127218	0.262357477466166	0.155296831688601
33.6356731877268	0.26221318622575	0.155127980210546
33.6469792583196	0.262068894985333	0.154959128732492
33.6582929321624	0.261924603744917	0.154790277254437
33.6696142169273	0.261780312504501	0.154621425776382
33.6809431202969	0.261636021264084	0.154452574298327
33.6922796499642	0.261491730023668	0.154283722820272
33.7036238136324	0.261347438783252	0.154114871342217
33.7149756190154	0.261203147542835	0.153946019864162
33.7263350738371	0.261058856302419	0.153777168386107
33.737702185832	0.260914565062002	0.153608316908052
33.7490769627451	0.260770273821586	0.153439465429998
33.7604594123317	0.26062598258117	0.153270613951943
33.7718495423577	0.260481691340753	0.153101762473888
33.7832473605994	0.260337400100337	0.152932910995833
33.7946528748435	0.260193108859921	0.152764059517778
33.8060660928876	0.260048817619504	0.152595208039723
33.8174870225394	0.259904526379088	0.152426356561668
33.8289156716173	0.259760235138671	0.152257505083613
33.8403520479504	0.259615943898255	0.152088653605558
33.8517961593783	0.259471652657839	0.151919802127503
33.8632480137512	0.259327361417422	0.151750950649449
33.8747076189299	0.259183070177006	0.151582099171394
33.8861749827858	0.25903877893659	0.151413247693339
33.8976501132012	0.258892902023537	0.151248071778906
33.9091330180688	0.25874692425219	0.151083129652375
33.9206237052922	0.258600946480843	0.150918187525844
33.9321221827856	0.258454968709496	0.150753245399313
33.9436284584739	0.258308990938149	0.150588303272782
33.9551425402929	0.258163013166802	0.150423361146251
33.966664436189	0.258017035395454	0.15025841901972
33.9781941541197	0.257871057624107	0.150093476893189
33.9897317020528	0.25772507985276	0.149928534766658
34.0012770879674	0.257579102081413	0.149763592640127
34.0128303198533	0.257433124310066	0.149598650513596
34.0243914057109	0.257287146538719	0.149433708387065
34.0359603535519	0.257141168767372	0.149268766260534
34.0475371713987	0.256995190996025	0.149103824134004
34.0591218672846	0.256849213224677	0.148938882007473
34.0707144492537	0.25670323545333	0.148773939880942
34.0823149253614	0.256557257681983	0.148608997754411
34.0939233036739	0.256411279910636	0.14844405562788
34.1055395922683	0.256265302139289	0.148279113501349
34.1171637992328	0.256119324367942	0.148114171374818
34.1287959326666	0.255973346596595	0.147949229248287
34.1404360006801	0.255827368825247	0.147784287121756
34.1520840113945	0.2556813910539	0.147619344995225
34.1637399729423	0.255535436449811	0.147454515613888
34.1754038934671	0.255389906807684	0.147291754341786
34.1870757811234	0.255244377165557	0.147128993069683
34.1987556440771	0.255098847523431	0.14696623179758
34.2104434905052	0.254953317881304	0.146803470525477
34.2221393285959	0.254807788239177	0.146640709253375
34.2338431665483	0.25466225859705	0.146477947981272
34.2455550125733	0.254516728954924	0.146315186709169
34.2572748748924	0.254371199312797	0.146152425437066
34.2690027617389	0.25422566967067	0.145989664164964
34.2807386813571	0.254080140028544	0.145826902892861
34.2924826420026	0.253934610386417	0.145664141620758
34.3042346519424	0.25378908074429	0.145501380348655
34.3159947194547	0.253643551102163	0.145338619076553
34.3277628528293	0.253498021460037	0.14517585780445
34.3395390603672	0.25335249181791	0.145013096532347
34.3513233503808	0.253206962175783	0.144850335260245
34.3631157311938	0.253061432533657	0.144687573988142
34.3749162111417	0.25291590289153	0.144524812716039
34.3867247985712	0.252770373249403	0.144362051443936
34.3985415018403	0.252624843607277	0.144199290171834
34.4103663293189	0.25247931396515	0.144036528899731
34.4221992893881	0.252333784323023	0.143873767627628
34.4340403904407	0.252188254680896	0.143711006355525
34.4458896408809	0.252042038812064	0.143549578885805
34.4577470491247	0.251894583291979	0.143390560896481
34.4696126235994	0.251747127771893	0.143231542907157
34.4814863727442	0.251599672251808	0.143072524917833
34.4933683050097	0.251452216731722	0.14291350692851
34.5052584288583	0.251304761211637	0.142754488939186
34.517156752764	0.251157305691552	0.142595470949862
34.5290632852125	0.251009850171466	0.142436452960538
34.5409780347012	0.250862394651381	0.142277434971214
34.5529010097394	0.250714939131295	0.14211841698189
34.5648322188479	0.25056748361121	0.141959398992567
34.5767716705594	0.250420028091125	0.141800381003243
34.5887193734184	0.250272572571039	0.141641363013919
34.6006753359812	0.250125117050954	0.141482345024595
34.6126395668159	0.249977661530868	0.141323327035271
34.6246120745025	0.249830206010783	0.141164309045947
34.6365928676328	0.249682750490698	0.141005291056624
34.6485819548106	0.249535294970612	0.1408462730673
34.6605793446516	0.249387839450527	0.140687255077976
34.6725850457834	0.249240383930441	0.140528237088652
34.6845990668455	0.249092928410356	0.140369219099328
34.6966214164896	0.248945472890271	0.140210201110004
34.708652103379	0.248798017370185	0.14005118312068
34.7206911361895	0.2486505618501	0.139892165131357
34.7327385236085	0.248503523921138	0.139735540987464
34.7447942743359	0.248356558135556	0.139579330406237
34.7568583970832	0.248209592349974	0.13942311982501
34.7689309005744	0.248062626564392	0.139266909243782
34.7810117935455	0.247915660778809	0.139110698662555
34.7931010847445	0.247768694993227	0.138954488081328
34.8051987829318	0.247621729207645	0.1387982775001
34.8173048968799	0.247474763422063	0.138642066918873
34.8294194353733	0.24732779763648	0.138485856337646
34.8415424072091	0.247180831850898	0.138329645756419
34.8536738211965	0.247033866065316	0.138173435175191
34.8658136861568	0.246886900279733	0.138017224593964
34.8779620109238	0.246739934494151	0.137861014012737
34.8901188043435	0.246592968708569	0.137704803431509
34.9022840752745	0.246446002922987	0.137548592850282
34.9144578325873	0.246299037137404	0.137392382269055
34.9266400851651	0.246152071351822	0.137236171687827
34.9388308419035	0.24600510556624	0.1370799611066
34.9510301117105	0.245858139780657	0.136923750525373
34.9632379035064	0.245711173995075	0.136767539944145
34.975454226224	0.245564208209493	0.136611329362918
34.9876790888089	0.245417242423911	0.136455118781691
34.9999125002187	0.245270276638328	0.136298908200463
35.0121544694241	0.245122550132544	0.136146307097457
35.0244050054078	0.244974173073982	0.135996792748398
35.0366641171654	0.244825796015419	0.13584727839934
35.0489318137051	0.244677418956856	0.135697764050282
35.0612081040477	0.244529041898294	0.135548249701224
35.0734929972264	0.244380664839731	0.135398735352165
35.0857865022874	0.244232287781168	0.135249221003107
35.0980886282895	0.244083910722606	0.135099706654049
35.110399384304	0.243935533664043	0.134950192304991
35.1227187794153	0.24378715660548	0.134800677955932
35.1350468227202	0.243638779546918	0.134651163606874
35.1473835233284	0.243490402488355	0.134501649257816
35.1597288903625	0.243342025429793	0.134352134908757
35.1720829329578	0.24319364837123	0.134202620559699
35.1844456602625	0.243045271312667	0.134053106210641
35.1968170814377	0.242896894254105	0.133903591861583
35.2091972056573	0.242748517195542	0.133754077512524
35.2215860421081	0.242600140136979	0.133604563163466
35.23398359999	0.242451763078417	0.133455048814408
35.2463898885157	0.242303386019854	0.13330553446535
35.2588049169109	0.242155008961291	0.133156020116291
35.2712286944143	0.242006631902729	0.133006505767233
35.2836612302778	0.241858254844166	0.132856991418175
35.296102533766	0.241710372075451	0.13270836737359
35.308552614157	0.241563189262601	0.132561004074779
35.3210114807416	0.24141600644975	0.132413640775969
35.3334791428239	0.2412688236369	0.132266277477158
35.3459556097213	0.24112164082405	0.132118914178348
35.358440890764	0.240974458011199	0.131971550879537
35.3709349952957	0.240827275198349	0.131824187580726
35.3834379326731	0.240680092385498	0.131676824281916
35.3959497122663	0.240532909572648	0.131529460983105
35.4084703434586	0.240385726759798	0.131382097684295
35.4209998356466	0.240238543946947	0.131234734385484
35.43353819824	0.240091361134097	0.131087371086674
35.4460854406622	0.239944178321246	0.130940007787863
35.4586415723496	0.239796995508396	0.130792644489052
35.4712066027523	0.239649812695545	0.130645281190242
35.4837805413335	0.239502629882695	0.130497917891431
35.4963633975699	0.239355447069845	0.130350554592621
35.5089551809519	0.239208264256994	0.13020319129381
35.521555900983	0.239061081444144	0.130055827995
35.5341655671804	0.238913898631293	0.129908464696189
35.5467841890748	0.238766715818443	0.129761101397378
35.5594117762104	0.238619533005593	0.129613738098568
35.5720483381451	0.238472350192742	0.129466374799757
35.5846938844501	0.238325991615726	0.129320756247881
35.5973484247105	0.238180541043485	0.129177059765494
35.610011968525	0.238035090471244	0.129033363283106
35.6226845255058	0.237889639899003	0.128889666800718
35.635366105279	0.237744189326761	0.12874597031833
35.6480567174842	0.23759873875452	0.128602273835943
35.6607563717748	0.237453288182279	0.128458577353555
35.6734650778181	0.237307837610038	0.128314880871167
35.686182845295	0.237162387037797	0.128171184388779
35.6989096839004	0.237016936465556	0.128027487906392
35.7116456033429	0.236871485893315	0.127883791424004
35.7243906133449	0.236726035321073	0.127740094941616
35.7371447236429	0.236580584748832	0.127596398459228
35.749907943987	0.236435134176591	0.127452701976841
35.7626802841417	0.23628968360435	0.127309005494453
35.7754617538849	0.236144233032109	0.127165309012065
35.7882523630088	0.235998782459868	0.127021612529678
35.8010521213197	0.235853331887627	0.12687791604729
35.8138610386378	0.235707881315385	0.126734219564902
35.8266791247972	0.235562430743144	0.126590523082514
35.8395063896464	0.235416980170903	0.126446826600127
35.8523428430478	0.235271529598662	0.126303130117739
35.8651884948779	0.235126079026421	0.126159433635351
35.8780433550276	0.234981254004038	0.126017167833433
35.8909074334017	0.234836668310579	0.125875449395107
35.9037807399195	0.234692082617121	0.125733730956781
35.9166632845142	0.234547496923662	0.125592012518455
35.9295550771336	0.234402911230204	0.12545029408013
35.9424561277395	0.234258325536745	0.125308575641804
35.9553664463082	0.234113739843286	0.125166857203478
35.9682860428303	0.233969154149828	0.125025138765152
35.9812149273108	0.233824568456369	0.124883420326826
35.9941531097689	0.23367998276291	0.1247417018885
36.0071006002384	0.233535397069452	0.124599983450174
36.0200574087675	0.233390811375993	0.124458265011848
36.0330235454189	0.233246225682535	0.124316546573523
36.0459990202698	0.233101639989076	0.124174828135197
36.0589838434117	0.232957054295617	0.124033109696871
36.071978024951	0.232812468602159	0.123891391258545
36.0849815750084	0.2326678829087	0.123749672820219
36.0979945037194	0.232523297215241	0.123607954381893
36.1110168212339	0.232378711521783	0.123466235943567
36.1240485377166	0.232234125828324	0.123324517505241
36.1370896633469	0.232089540134865	0.123182799066916
36.1501402083188	0.231944954441407	0.12304108062859
36.1632001828411	0.231800453620679	0.122899817945417
36.1762695971374	0.231656416706089	0.122761046375844
36.189348461446	0.231512379791499	0.12262227480627
36.2024367860201	0.231368342876909	0.122483503236696
36.2155345811275	0.23122430596232	0.122344731667122
36.2286418570512	0.23108026904773	0.122205960097548
36.2417586240889	0.23093623213314	0.122067188527974
36.2548848925532	0.23079219521855	0.1219284169584
36.2680206727718	0.23064815830396	0.121789645388826
36.2811659750872	0.230504121389371	0.121650873819252
36.294320809857	0.230360084474781	0.121512102249678
36.3074851874537	0.230216047560191	0.121373330680105
36.3206591182652	0.230072010645601	0.121234559110531
36.333842612694	0.229927973731011	0.121095787540957
36.347035681158	0.229783936816422	0.120957015971383
36.3602383340902	0.229639899901832	0.120818244401809
36.3734505819388	0.229495862987242	0.120679472832235
36.3866724351671	0.229351826072652	0.120540701262661
36.3999039042537	0.229207789158062	0.120401929693087
36.4131449996923	0.229063752243473	0.120263158123513
36.4263957319921	0.228919715328883	0.120124386553939
36.4396561116774	0.228775678414293	0.119985614984365
36.4529261492879	0.228631641499703	0.119846843414792
36.4662058553787	0.228488226967368	0.119709574615156
36.4794952405203	0.228344999750504	0.119572758097148
36.4927943152985	0.22820177253364	0.119435941579139
36.5061030903146	0.228058545316775	0.119299125061131
36.5194215761855	0.227915318099911	0.119162308543123
36.5327497835435	0.227772090883047	0.119025492025115
36.5460877230362	0.227628863666183	0.118888675507107
36.5594354053272	0.227485636449319	0.118751858989098
36.5727928410952	0.227342409232454	0.11861504247109
36.586160041035	0.22719918201559	0.118478225953082
36.5995370158568	0.227055954798726	0.118341409435074
36.6129237762863	0.226912727581862	0.118204592917066
36.6263203330651	0.226769500364998	0.118067776399057
36.6397266969506	0.226626273148133	0.117930959881049
36.6531428787158	0.226483045931269	0.117794143363041
36.6665688891496	0.226339818714405	0.117657326845033
36.6800047390566	0.226196591497541	0.117520510327025
36.6934504392573	0.226053364280677	0.117383693809016
36.7069060005881	0.225910137063812	0.117246877291008
36.7203714339011	0.225766909846948	0.117110060773
36.7338467500647	0.225623682630084	0.116973244254992
36.747331959963	0.22548045541322	0.116836427736984
36.7608270744962	0.225337481287617	0.11670119596493
36.7743321045803	0.22519470313848	0.116567191311155
36.7878470611477	0.225051924989343	0.11643318665738
36.8013719551465	0.224909146840206	0.116299182003605
36.8149067975412	0.224766368691069	0.11616517734983
36.8284515993123	0.224623590541932	0.116031172696054
36.8420063714566	0.224480812392795	0.115897168042279
36.8555711249868	0.224338034243658	0.115763163388504
36.8691458709322	0.224195256094521	0.115629158734729
36.882730620338	0.224052477945384	0.115495154080954
36.896325384266	0.223909699796247	0.115361149427179
36.9099301737941	0.22376692164711	0.115227144773404
36.9235450000166	0.223624143497973	0.115093140119629
36.9371698740443	0.223481365348836	0.114959135465854
36.9508048070041	0.223338587199699	0.114825130812079
36.9644498100397	0.223195809050562	0.114691126158304
36.978104894311	0.223053030901425	0.114557121504529
36.9917700709946	0.222910252752289	0.114423116850754
37.0054453512834	0.222767474603152	0.114289112196979
37.0191307463871	0.222624696454015	0.114155107543203
37.0328262675318	0.222481918304878	0.114021102889428
37.0465319259603	0.222339140155741	0.113887098235653
37.060247732932	0.222196802001423	0.113754127274547
37.0739736997231	0.222054841438004	0.113622043398754
37.0877098376263	0.221912880874585	0.113489959522962
37.1014561579513	0.221770920311166	0.11335787564717
37.1152126720244	0.221628959747747	0.113225791771378
37.1289793911887	0.221486999184328	0.113093707895586
37.1427563268043	0.221345038620909	0.112961624019794
37.1565434902479	0.221203078057489	0.112829540144002
37.1703408929134	0.22106111749407	0.112697456268209
37.1841485462113	0.220919156930651	0.112565372392417
37.1979664615695	0.220777196367232	0.112433288516625
37.2117946504324	0.220635235803813	0.112301204640833
37.2256331242618	0.220493275240394	0.112169120765041
37.2394818945363	0.220351314676974	0.112037036889249
37.2533409727518	0.220209354113555	0.111904953013457
37.2672103704212	0.220067393550136	0.111772869137664
37.2810900990745	0.219925432986717	0.111640785261872
37.294980170259	0.219783472423298	0.11150870138608
37.3088805955393	0.219641511859879	0.111376617510288
37.3227913864969	0.21949955129646	0.111244533634496
37.336712554731	0.21935759073304	0.111112449758704
37.3506441118577	0.219215630169621	0.110980365882912
37.3645860695108	0.219074042535083	0.11085012012914
37.3785384393414	0.21893262185522	0.110720697275067
37.3925012330177	0.218791201175357	0.110591274420994
37.4064744622258	0.218649780495493	0.110461851566921
37.420458138669	0.21850835981563	0.110332428712848
37.4344522740681	0.218366939135767	0.110203005858775
37.4484568801616	0.218225518455903	0.110073583004701
37.4624719687054	0.21808409777604	0.109944160150628
37.476497551473	0.217942677096177	0.109814737296555
37.4905336402558	0.217801256416313	0.109685314442482
37.5045802468627	0.21765983573645	0.109555891588409
37.5186373831201	0.217518415056587	0.109426468734336
37.5327050608724	0.217376994376724	0.109297045880263
37.5467832919818	0.21723557369686	0.10916762302619
37.5608720883281	0.217094153016997	0.109038200172117
37.5749714618092	0.216952732337134	0.108908777318044
37.5890814243405	0.21681131165727	0.10877935446397
37.6032019878557	0.216669890977407	0.108649931609897
37.6173331643061	0.216528470297544	0.108520508755824
37.6314749656613	0.21638704961768	0.108391085901751
37.6456274039086	0.216245628937817	0.108261663047678
37.6597904910535	0.216104225758093	0.108132278586246
37.6739642391197	0.215963672927281	0.108004759660806
37.6881486601486	0.215823120096468	0.107877240735367
37.7023437662002	0.215682567265656	0.107749721809928
37.7165495693524	0.215542014434843	0.107622202884488
37.7307660817015	0.215401461604031	0.107494683959049
37.7449933153617	0.215260908773218	0.10736716503361
37.7592312824659	0.215120355942406	0.107239646108171
37.773479995165	0.214979803111594	0.107112127182731
37.7877394656285	0.214839250280781	0.106984608257292
37.802009706044	0.214698697449969	0.106857089331853
37.8162907286178	0.214558144619156	0.106729570406413
37.8305825455745	0.214417591788344	0.106602051480974
37.8448851691572	0.214277038957531	0.106474532555535
37.8591986116275	0.214136486126719	0.106347013630096
37.8735228852656	0.213995933295906	0.106219494704656
37.8878580023703	0.213855380465094	0.106091975779217
37.902203975259	0.213714827634282	0.105964456853778
37.9165608162677	0.213574274803469	0.105836937928339
37.9309285377513	0.213433721972657	0.105709419002899
37.9453071520833	0.213293169141844	0.10558190007746
37.9596966716558	0.213152616311032	0.105454381152021
37.9740971088801	0.213012439176598	0.105328202735097
37.988508476186	0.212872602382144	0.105203238672819
38.0029307860222	0.21273276558769	0.10507827461054
38.0173640508566	0.212592928793237	0.104953310548261
38.0318082831757	0.212453091998783	0.104828346485983
38.0462634954852	0.212313255204329	0.104703382423704
38.0607297003098	0.212173418409876	0.104578418361426
38.0752069101932	0.212033581615422	0.104453454299147
38.0896951376981	0.211893744820969	0.104328490236869
38.1041943954065	0.211753908026515	0.10420352617459
38.1187046959195	0.211614071232061	0.104078562112311
38.1332260518574	0.211474234437608	0.103953598050033
38.1477584758597	0.211334397643154	0.103828633987754
38.1623019805853	0.2111945608487	0.103703669925476
38.1768565787123	0.211054724054247	0.103578705863197
38.1914222829381	0.210914887259793	0.103453741800919
38.2059991059796	0.210775050465339	0.10332877773864
38.2205870605731	0.210635213670886	0.103203813676361
38.2351861594744	0.210495376876432	0.103078849614083
38.2497964154586	0.210355540081979	0.102953885551804
38.2644178413205	0.210215703287525	0.102828921489526
38.2790504498745	0.210076201531025	0.102704335634286
38.2936942539546	0.209938014203085	0.102581233569543
38.3083492664143	0.209799826875144	0.1024581315048
38.3230155001269	0.209661639547203	0.102335029440057
38.3376929679853	0.209523452219262	0.102211927375314
38.3523816829025	0.209385264891322	0.102088825310571
38.3670816578109	0.209247077563381	0.101965723245828
38.3817929056629	0.20910889023544	0.101842621181085
38.3965154394308	0.208970702907499	0.101719519116342
38.4112492721068	0.208832515579559	0.101596417051599
38.425994416703	0.208694328251618	0.101473314986856
38.4407508862515	0.208556140923677	0.101350212922114
38.4555186938045	0.208417953595736	0.101227110857371
38.4702978524341	0.208279766267796	0.101104008792628
38.4850883752327	0.208141578939855	0.100980906727885
38.4998902753127	0.208003391611914	0.100857804663142
38.5147035658068	0.207865204283973	0.100734702598399
38.5295282598678	0.207727016956033	0.100611600533656
38.5443643706688	0.207588829628092	0.100488498468913
38.5592119114033	0.207450642300151	0.10036539640417
38.5740708952849	0.20731245497221	0.100242294339427
38.5889413355478	0.207174399005465	0.100119322146895
38.6038232454466	0.207038644214014	0.0999986250457379
38.6187166382562	0.206902889422564	0.0998779279445807
38.633621527272	0.206767134631113	0.0997572308434235
38.6485379258103	0.206631379839662	0.0996365337422662
38.6634658472074	0.206495625048211	0.099515836641109
38.6784053048207	0.206359870256761	0.0993951395399517
38.6933563120279	0.20622411546531	0.0992744424387944
38.7083188822276	0.206088360673859	0.0991537453376372
38.7232930288392	0.205952605882408	0.0990330482364799
38.7382787653026	0.205816851090958	0.0989123511353227
38.7532761050787	0.205681096299507	0.0987916540341654
38.7682850616493	0.205545341508056	0.0986709569330081
38.783305648517	0.205409586716605	0.0985502598318509
38.7983378792053	0.205273831925155	0.0984295627306936
38.8133817672587	0.205138077133704	0.0983088656295363
38.8284373262427	0.205002322342253	0.0981881685283791
38.8435045697441	0.204866567550802	0.0980674714272219
38.8585835113704	0.204730812759352	0.0979467743260646
38.8736741647505	0.204595057967901	0.0978260772249074
38.8887765435344	0.20445930317645	0.0977053801237501
38.9038906613934	0.20432365728633	0.0975846771604511
38.9190165320199	0.204189337597768	0.0974639028079287
38.9341541691276	0.204055017909205	0.0973431284554063
38.9493035864519	0.203920698220642	0.0972223541028839
38.9644647977491	0.20378637853208	0.0971015797503615
38.9796378167973	0.203652058843517	0.0969808053978391
38.9948226573958	0.203517739154955	0.0968600310453167
39.0100193333656	0.203383419466392	0.0967392566927943
39.0252278585492	0.20324909977783	0.0966184823402718
39.0404482468106	0.203114780089267	0.0964977079877495
39.0556805120356	0.202980460400704	0.0963769336352271
39.0709246681316	0.202846140712142	0.0962561592827046
39.0861807290276	0.202711821023579	0.0961353849301822
39.1014487086747	0.202577501335017	0.0960146105776598
39.1167286210454	0.202443181646454	0.0958938362251374
39.1320204801343	0.202308861957892	0.095773061872615
39.1473242999578	0.202174542269329	0.0956522875200926
39.1626400945543	0.202040222580767	0.0955315131675702
39.1779678779841	0.201905902892204	0.0954107388150478
39.1933076643297	0.201771583203641	0.0952899644625253
39.2086594676954	0.201637263515079	0.0951691901100029
39.2240233022078	0.201503455539547	0.0950480444597407
39.2393991820155	0.201371049560831	0.094925881523972
39.2547871212894	0.201238643582116	0.0948037185882033
39.2701871342228	0.2011062376034	0.0946815556524346
39.2855992350308	0.200973831624685	0.0945593927166658
39.3010234379514	0.20084142564597	0.0944372297808971
39.3164597572445	0.200709019667254	0.0943150668451284
39.3319082071926	0.200576613688539	0.0941929039093596
39.3473688021008	0.200444207709824	0.0940707409735909
39.3628415562965	0.200311801731108	0.0939485780378222
39.3783264841298	0.200179395752393	0.0938264151020535
39.3938235999731	0.200046989773677	0.0937042521662847
39.4093329182217	0.199914583794962	0.093582089230516
39.4248544532936	0.199782177816247	0.0934599262947473
39.4403882196293	0.199649771837531	0.0933377633589785
39.4559342316923	0.199517365858816	0.0932156004232099
39.4714925039689	0.199384959880101	0.0930934374874411
39.4870630509679	0.199252553901385	0.0929712745516724
39.5026458872215	0.19912014792267	0.0928491116159036
39.5182410272846	0.198987741943954	0.0927269486801349
39.533848485735	0.198855335965239	0.0926047857443662
39.5494682771738	0.198721966573451	0.0924827678808158
39.5651004162249	0.198588024632905	0.0923608362325357
39.5807449175355	0.198454082692359	0.0922389045842557
39.596401795776	0.198320140751813	0.0921169729359757
39.61207106564	0.198186198811267	0.0919950412876957
39.6277527418442	0.198052256870721	0.0918731096394157
39.6434468391289	0.197918314930175	0.0917511779911356
39.6591533722575	0.197784372989628	0.0916292463428556
39.6748723560169	0.197650431049082	0.0915073146945756
39.6906038052176	0.197516489108536	0.0913853830462956
39.7063477346933	0.19738254716799	0.0912634513980156
39.7221041593015	0.197248605227444	0.0911415197497356
39.7378730939232	0.197114663286898	0.0910195881014555
39.7536545534631	0.196980721346352	0.0908976564531755
39.7694485528494	0.196846779405806	0.0907757248048955
39.7852551070343	0.196712837465259	0.0906537931566155
39.8010742309935	0.196578895524713	0.0905318615083355
39.8169059397268	0.196444953584167	0.0904099298600554
39.8327502482576	0.196311011643621	0.0902879982117754
39.8486071716335	0.196177069703075	0.0901660665634954
39.8644767249259	0.196027404122625	0.0905901471882655
39.8803589232303	0.195791336753447	0.0940145787082124
39.8962537816662	0.195555269384269	0.0974390102281593
39.9121613153771	0.19531920201509	0.100863441748105
39.928081539531	0.195083134645912	0.104287873268052
39.9440144693198	0.194847067276734	0.107712304787999
39.9599601199598	0.194610999907555	0.111136736307945
39.9759185066916	0.194374932538377	0.114561167827892
39.99188964478	0.194138865169199	0.117985599347839
40.0078735495145	0.193957876971228	0.119947922114819
40.0238702362089	0.193855576070773	0.119821444634373
40.0398797202013	0.193753275170318	0.119694967153928
40.0559020168547	0.193650974269863	0.119568489673483
40.0719371415565	0.193548673369408	0.119442012193038
40.0879851097188	0.193446372468953	0.119315534712592
40.1040459367784	0.193344071568498	0.119189057232147
40.1201196381968	0.193241770668043	0.119062579751702
40.1362062294603	0.193139469767588	0.118936102271257
40.1523057260802	0.193037168867133	0.118809624790811
40.1684181435925	0.192934867966678	0.118683147310366
40.1845434975582	0.192832567066224	0.118556669829921
40.2006818035634	0.192730266165769	0.118430192349476
40.2168330772191	0.192627965265314	0.118303714869031
40.2329973341616	0.192525664364859	0.118177237388585
40.2491745900521	0.192423363464404	0.11805075990814
40.2653648605772	0.192321062563949	0.117924282427695
40.2815681614485	0.192218761663494	0.11779780494725
40.2977845084033	0.192116460763039	0.117671327466804
40.3140139172039	0.192014159862584	0.117544849986359
40.3302564036381	0.191911858962129	0.117418372505914
40.3465119835193	0.191809558061674	0.117291895025469
40.3627806726861	0.19170725716122	0.117165417545023
40.379062487003	0.191604956260765	0.117038940064578
40.3953574423599	0.19150265536031	0.116912462584133
40.4116655546723	0.191400354459855	0.116785985103688
40.4279868398817	0.1912980535594	0.116659507623242
40.4443213139551	0.191195752658945	0.116533030142797
40.4606689928854	0.19109345175849	0.116406552662352
40.4770298926913	0.190991150858035	0.116280075181907
40.4934040294177	0.19088884995758	0.116153597701462
40.509791419135	0.190786549057125	0.116027120221016
40.52619207794	0.19068424815667	0.115900642740571
40.5426060219555	0.190581947256215	0.115774165260126
40.5590332673303	0.190479646355761	0.115647687779681
40.5754738302395	0.190377345455306	0.115521210299235
40.5919277268845	0.190275044554851	0.11539473281879
40.6083949734929	0.190172743654396	0.115268255338345
40.6248755863185	0.190070442753941	0.1151417778579
40.6413695816418	0.189968141853486	0.115015300377454
40.6578769757695	0.189865840953031	0.114888822897009
40.674397785035	0.189763540052576	0.114762345416564
40.690932025798	0.189661239152121	0.114635867936119
40.7074797144452	0.189558938251666	0.114509390455674
40.7240408673895	0.189456637351211	0.114382912975228
40.7406155010709	0.189354336450757	0.114256435494783
40.7572036319559	0.189252035550302	0.114129958014338
40.7738052765381	0.189149734649847	0.114003480533893
40.7904204513378	0.189047433749392	0.113877003053447
40.8070491729023	0.188945132848937	0.113750525573002
40.8236914578059	0.188842831948482	0.113624048092557
40.8403473226498	0.188740531048027	0.113497570612112
40.8570167840625	0.188638230147572	0.113371093131666
40.8736998586996	0.188535929247117	0.113244615651221
40.890396563244	0.188433628346662	0.113118138170776
40.9071069144056	0.188331327446207	0.112991660690331
40.9238309289219	0.188229026545753	0.112865183209886
40.9405686235576	0.188126725645298	0.11273870572944
40.9573200151051	0.188024424744843	0.112612228248995
40.9740851203839	0.187922123844388	0.11248575076855
40.9908639562414	0.187819822943933	0.112359273288105
41.0076565395525	0.187717522043478	0.112232795807659
41.0244628872196	0.187615221143023	0.112106318327214
41.0412830161731	0.187512920242568	0.111979840846769
41.058116943371	0.187410619342113	0.111853363366324
41.0749646857991	0.187308318441658	0.111726885885878
41.0918262604712	0.187206017541203	0.111600408405433
41.1087016844291	0.187103716640748	0.111473930924988
41.1255909747423	0.187001415740294	0.111347453444543
41.1424941485088	0.186899114839839	0.111220975964097
41.1594112228543	0.186796813939384	0.111094498483652
41.1763422149331	0.186694513038929	0.110968021003207
41.1932871419273	0.186592212138474	0.110841543522762
41.2102460210477	0.186489911238019	0.110715066042317
41.2272188695332	0.186387610337564	0.110588588561871
41.2442057046511	0.186285309437109	0.110462111081426
41.2612065436973	0.186183008536654	0.110335633600981
41.2782214039961	0.186080707636199	0.110209156120536
41.2952503029007	0.185978406735744	0.11008267864009
41.3122932577924	0.18587610583529	0.109956201159645
41.3293502860818	0.185773804934835	0.1098297236792
41.3464214052077	0.18567150403438	0.109703246198755
41.3635066326383	0.185569203133925	0.109576768718309
41.3806059858702	0.18546690223347	0.109450291237864
41.3977194824292	0.185364601333015	0.109323813757419
41.4148471398699	0.18526230043256	0.109197336276974
41.4319889757764	0.185159999532105	0.109070858796529
41.4491450077614	0.18505769863165	0.108944381316083
41.466315253467	0.184955397731195	0.108817903835638
41.4834997305647	0.18485309683074	0.108691426355193
41.500698456755	0.184750795930286	0.108564948874748
41.5179114497681	0.184648495029831	0.108438471394302
41.5351387273634	0.184546194129376	0.108311993913857
41.5523803073297	0.184443893228921	0.108185516433412
41.5696362074857	0.184341592328466	0.108059038952967
41.5869064456794	0.184239291428011	0.107932561472521
41.6041910397886	0.184136990527556	0.107806083992076
41.6214900077208	0.184034689627101	0.107679606511631
41.6388033674133	0.183932388726646	0.107553129031186
41.6561311368333	0.183830087826191	0.10742665155074
41.6734733339779	0.183727786925736	0.107300174070295
41.6908299768741	0.183625486025281	0.10717369658985
41.7082010835791	0.183523185124827	0.107047219109405
41.72558667218	0.183420884224372	0.10692074162896
41.7429867607943	0.183318583323917	0.106794264148514
41.7604013675696	0.183216282423462	0.106667786668069
41.7778305106838	0.183113981523007	0.106541309187624
41.7952742083453	0.183011680622552	0.106414831707179
41.8127324787926	0.182909379722097	0.106288354226733
41.830205340295	0.182807078821642	0.106161876746288
41.8476928111522	0.182704777921187	0.106035399265843
41.8651949096947	0.182602477020732	0.105908921785398
41.8827116542833	0.182500176120277	0.105782444304952
41.90024306331	0.182397875219823	0.105655966824507
41.9177891551973	0.182295574319368	0.105529489344062
41.9353499483986	0.182193273418913	0.105403011863617
41.9529254613983	0.182090972518458	0.105276534383172
41.9705157127118	0.181988671618003	0.105150056902726
41.9881207208857	0.181886370717548	0.105023579422281
42.0057405044973	0.181784069817093	0.104897101941836
42.0233750821557	0.181681768916638	0.104770624461391
42.0410244725008	0.181579468016183	0.104644146980945
42.0586886942039	0.181477167115728	0.1045176695005
42.0763677659679	0.181374866215273	0.104391192020055
42.0940617065269	0.181272565314819	0.10426471453961
42.1117705346468	0.181170264414364	0.104138237059164
42.1294942691249	0.181067963513909	0.104011759578719
42.1472329287901	0.180965662613454	0.103885282098274
42.1649865325033	0.180863361712999	0.103758804617829
42.1827550991569	0.180761060812544	0.103632327137383
42.2005386476753	0.180658759912089	0.103505849656938
42.2183371970148	0.180556459011634	0.103379372176493
42.2361507661638	0.180454158111179	0.103252894696048
42.2539793741425	0.180351857210724	0.103126417215603
42.2718230400035	0.180249556310269	0.102999939735157
42.2896817828315	0.180147255409814	0.102873462254712
42.3075556217434	0.18004495450936	0.102746984774267
42.3254445758885	0.179942653608905	0.102620507293822
42.3433486644484	0.17984035270845	0.102494029813376
42.3612679066375	0.179738051807995	0.102367552332931
42.3792023217022	0.17963575090754	0.102241074852486
42.397151928922	0.179533450007085	0.102114597372041
42.4151167476088	0.17943114910663	0.101988119891595
42.4330967971074	0.179328848206175	0.10186164241115
42.4510920967953	0.17922654730572	0.101735164930705
42.4691026660829	0.179124246405265	0.10160868745026
42.4871285244135	0.17902194550481	0.101482209969815
42.5051696912637	0.178919644604356	0.101355732489369
42.5232261861429	0.178817343703901	0.101229255008924
42.5412980285937	0.178715042803446	0.101102777528479
42.5593852381921	0.178612741902991	0.100976300048034
42.5774878345473	0.178510441002536	0.100849822567588
42.5956058373018	0.178408140102081	0.100723345087143
42.6137392661318	0.178305839201626	0.100596867606698
42.6318881407466	0.178203538301171	0.100470390126253
42.6500524808896	0.178101237400716	0.100343912645807
42.6682323063374	0.177998936500261	0.100217435165362
42.6864276369007	0.177896635599806	0.100090957684917
42.7046384924238	0.177794334699352	0.0999644802044717
42.7228648927848	0.177692033798897	0.0998380027240265
42.7411068578961	0.177589732898442	0.0997115252435813
42.7593644077037	0.177487431997987	0.099585047763136
42.777637562188	0.177385131097532	0.0994585702826908
42.7959263413634	0.177282830197077	0.0993320928022456
42.8142307652787	0.177180529296622	0.0992056153218003
42.8325508540168	0.177078228396167	0.0990791378413551
42.8508866276952	0.176975927495712	0.0989526603609099
42.8692381064658	0.176873626595257	0.0988261828804646
42.8876053105148	0.176771325694802	0.0986997054000194
42.9059882600635	0.176669024794347	0.0985732279195741
42.9243869753674	0.176566723893893	0.0984467504391289
42.9428014767171	0.176464422993438	0.0983202729586837
42.9612317844377	0.176362122092983	0.0981937954782384
42.9796779188896	0.176259821192528	0.0980673179977932
42.9981399004679	0.176157520292073	0.097940840517348
43.0166177496029	0.176055219391618	0.0978143630369027
43.0351114867598	0.175952918491163	0.0976878855564575
43.0536211324394	0.175850617590708	0.0975614080760123
43.0721467071775	0.175748316690253	0.097434930595567
43.0906882315452	0.175646015789798	0.0973084531151218
43.1092457261494	0.175543714889343	0.0971819756346766
43.1278192116321	0.175441413988889	0.0970554981542314
43.1464087086711	0.175339113088434	0.0969290206737861
43.1650142379799	0.175236812187979	0.0968025431933409
43.1836358203077	0.175134511287524	0.0966760657128957
43.2022734764394	0.175032210387069	0.0965495882324504
43.220927227196	0.174929909486614	0.0964231107520052
43.2395970934343	0.174827608586159	0.09629663327156
43.2582830960472	0.174725307685704	0.0961701557911147
43.2769852559639	0.174623006785249	0.0960436783106695
43.2957035941495	0.174520705884794	0.0959172008302243
43.3144381316057	0.174418404984339	0.095790723349779
43.3331888893704	0.174316104083884	0.0956642458693338
43.3519558885178	0.17421380318343	0.0955377683888886
43.370739150159	0.174111502282975	0.0954112909084433
43.3895386954415	0.17400920138252	0.0952848134279981
43.4083545455493	0.173906900482065	0.0951583359475528
43.4271867217034	0.17380459958161	0.0950318584671076
43.4460352451616	0.173702298681155	0.0949053809866624
43.4649001372187	0.1735999977807	0.0947789035062171
43.4837814192063	0.173497696880245	0.0946524260257719
43.5026791124931	0.17339539597979	0.0945259485453267
43.5215932384853	0.173293095079335	0.0943994710648814
43.5405238186259	0.173190794178881	0.0942729935844362
43.5594708743954	0.173088493278426	0.094146516103991
43.5784344273118	0.172986192377971	0.0940200386235458
43.5974144989306	0.172883891477516	0.0938935611431005
43.6164111108446	0.172781590577061	0.0937670836626553
43.6354242846845	0.172679289676606	0.0936406061822101
43.6544540421187	0.172576988776151	0.0935141287017648
43.6735004048533	0.172474687875696	0.0933876512213196
43.6925633946325	0.172372386975241	0.0932611737408744
43.7116430332383	0.172270086074786	0.0931346962604291
43.7307393424908	0.172167785174331	0.0930082187799839
43.7498523442483	0.172065484273876	0.0928817412995387
43.7689820604073	0.171963183373422	0.0927552638190934
43.7881285129026	0.171860882472967	0.0926287863386482
43.8072917237074	0.171758581572512	0.092502308858203
43.8264717148334	0.171656280672057	0.0923758313777577
43.8456685083309	0.171553979771602	0.0922493538973125
43.8648821262887	0.171451678871147	0.0921228764168673
43.8841125908346	0.171349377970692	0.091996398936422
43.903359924135	0.171247077070237	0.0918699214559768
43.9226241483952	0.171144776169782	0.0917434439755316
43.9419052858597	0.171042475269327	0.0916169664950863
43.9612033588118	0.170940174368872	0.0914904890146411
43.9805183895742	0.170837873468418	0.0913640115341958
43.9998504005086	0.170735572567963	0.0912375340537507
44.0191994140164	0.170633271667508	0.0911110565733054
44.0385654525381	0.170530970767053	0.0909845790928602
44.0579485385538	0.170428669866598	0.0908581016124149
44.0773486945832	0.170326368966143	0.0907316241319697
44.0967659431857	0.170224068065688	0.0906051466515245
44.1162003069605	0.170121767165233	0.0904786691710792
44.1356518085466	0.170019466264778	0.090352191690634
44.1551204706229	0.169917165364323	0.0902257142101888
44.1746063159085	0.169814864463868	0.0900992367297435
44.1941093671624	0.169712563563413	0.0899727592492983
44.2136296471841	0.169610262662959	0.0898462817688531
44.233167178813	0.169507961762504	0.0897198042884078
44.2527219849293	0.169405660862049	0.0895933268079626
44.2722940884534	0.169303359961594	0.0894668493275174
44.2918835123464	0.169201059061139	0.0893403718470721
44.3114902796099	0.169098758160684	0.0892138943666269
44.3311144132866	0.168996457260229	0.0890874168861817
44.3507559364596	0.168894156359774	0.0889609394057364
44.3704148722531	0.168791855459319	0.0888344619252912
44.3900912438326	0.168689554558864	0.088707984444846
44.4097850744042	0.168587253658409	0.0885815069644007
44.4294963872155	0.168484952757955	0.0884550294839555
44.4492252055554	0.1683826518575	0.0883285520035103
44.4689715527542	0.168280350957045	0.0882020745230651
44.4887354521835	0.16817805005659	0.0880755970426198
44.5085169272566	0.168075749156135	0.0879491195621746
44.5283160014285	0.16797344825568	0.0878226420817294
44.5481326981958	0.167871147355225	0.0876961646012841
44.567967041097	0.16776884645477	0.0875696871208389
44.5878190537127	0.167666545554315	0.0874432096403936
44.6076887596654	0.16756424465386	0.0873167321599484
44.6275761826196	0.167461943753405	0.0871902546795032
44.6474813462823	0.16735964285295	0.0870637771990579
44.6674042744026	0.167257341952496	0.0869372997186127
44.6873449907721	0.167155041052041	0.0868108222381675
44.7073035192248	0.167052740151586	0.0866843447577222
44.7272798836375	0.166950439251131	0.086557867277277
44.7472741079295	0.166848138350676	0.0864313897968318
44.767286216063	0.166745837450221	0.0863049123163865
44.7873162320431	0.166643536549766	0.0861784348359413
44.8073641799177	0.166541235649311	0.0860519573554961
44.827430083778	0.166438934748856	0.0859254798750508
44.8475139677582	0.166336633848401	0.0857990023946056
44.867615856036	0.166234332947946	0.0856725249141604
44.8877357728322	0.166132032047492	0.0855460474337151
44.9078737424111	0.166029731147037	0.0854195699532699
44.9280297890809	0.165927430246582	0.0852930924728247
44.948203937193	0.165825129346127	0.0851666149923795
44.9683962111428	0.165722828445672	0.0850401375119342
44.9886066353696	0.165620527545217	0.084913660031489
45.0088352343565	0.165518226644762	0.0847871825510438
45.0290820326308	0.165415925744307	0.0846607050705985
45.0493470547638	0.165313624843852	0.0845342275901533
45.0696303253712	0.165211323943397	0.0844077501097081
45.0899318691129	0.165109023042942	0.0842812726292628
45.1102517106935	0.165006722142488	0.0841547951488176
45.1305898748619	0.164904421242033	0.0840283176683724
45.1509463864117	0.164802120341578	0.0839018401879271
45.1713212701814	0.164699819441123	0.0837753627074819
45.1917145510542	0.164597518540668	0.0836488852270366
45.2121262539583	0.164495217640213	0.0835224077465914
45.232556403867	0.164392916739758	0.0833959302661462
45.2530050257987	0.164290615839303	0.0832694527857009
45.2734721448172	0.164188314938848	0.0831429753052557
45.2939577860313	0.164086014038393	0.0830164978248105
45.3144619745958	0.163983713137938	0.0828900203443652
45.3349847357106	0.163881412237484	0.08276354286392
45.3555260946216	0.163779111337029	0.0826370653834748
45.3760860766202	0.163676810436574	0.0825105879030296
45.396664707044	0.163574509536119	0.0823841104225843
45.4172620112762	0.163472208635664	0.0822576329421391
45.4378780147464	0.163369907735209	0.0821311554616938
45.4585127429303	0.163267606834754	0.0820046779812486
45.4791662213498	0.163165305934299	0.0818782005008034
45.4998384755734	0.163063005033844	0.0817517230203582
45.5205295312159	0.162960704133389	0.0816252455399129
45.5412394139389	0.162858403232934	0.0814987680594677
45.5619681494505	0.162756102332479	0.0813722905790225
45.5827157635059	0.162653801432025	0.0812458130985772
45.6034822819071	0.16255150053157	0.081119335618132
45.6242677305029	0.162449199631115	0.0809928581376868
45.6450721351897	0.16234689873066	0.0808663806572415
45.665895521911	0.162244597830205	0.0807399031767963
45.6867379166573	0.16214229692975	0.0806134256963511
45.7075993454672	0.162039996029295	0.0804869482159058
45.7284798344263	0.16193769512884	0.0803604707354606
45.7493794096683	0.161835394228385	0.0802339932550153
45.7702980973745	0.16173309332793	0.0801075157745701
45.7912359237741	0.161630792427475	0.0799810382941249
45.8121929151444	0.161528491527021	0.0798545608136796
45.8331690978107	0.161426190626566	0.0797280833332344
45.8541644981468	0.161323889726111	0.0796016058527892
45.8751791425746	0.161221588825656	0.0794751283723439
45.8962130575644	0.161119287925201	0.0793486508918987
45.9172662696354	0.161016987024746	0.0792221734114535
45.9383388053551	0.160914686124291	0.0790956959310083
45.9594306913401	0.160812385223836	0.078969218450563
45.9805419542558	0.160710084323381	0.0788427409701178
46.0016726208165	0.160607783422926	0.0787162634896726
46.0228227177858	0.160505482522471	0.0785897860092273
46.0439922719763	0.160403181622016	0.0784633085287821
46.0651813102504	0.160300880721562	0.0783368310483369
46.0863898595195	0.160198579821107	0.0782103535678916
46.1076179467448	0.160096278920652	0.0780838760874464
46.1288655989372	0.159993978020197	0.0779573986070012
46.1501328431574	0.159891677119742	0.0778309211265559
46.171419706516	0.159789376219287	0.0777044436461107
46.1927262161736	0.159687075318832	0.0775779661656655
46.2140523993412	0.159584774418377	0.0774514886852202
46.2353982832797	0.159482473517922	0.077325011204775
46.2567638953006	0.159380172617467	0.0771985337243298
46.2781492627659	0.159277871717012	0.0770720562438845
46.2995544130883	0.159175570816558	0.0769455787634393
46.3209793737311	0.159073269916103	0.076819101282994
46.3424241722084	0.158970969015648	0.0766926238025488
46.3638888360856	0.158868668115193	0.0765661463221036
46.3853733929787	0.158766367214738	0.0764396688416583
46.4068778705554	0.158664066314283	0.0763131913612131
46.4284022965345	0.158561765413828	0.0761867138807679
46.4499466986862	0.158459464513373	0.0760602364003227
46.4715111048323	0.158357163612918	0.0759337589198774
46.4930955428464	0.158254862712463	0.0758072814394322
46.5147000406538	0.158152561812008	0.075680803958987
46.5363246262319	0.158050260911553	0.0755543264785417
46.5579693276098	0.157947960011099	0.0754278489980965
46.5796341728691	0.157845659110644	0.0753013715176513
46.6013191901436	0.157743358210189	0.075174894037206
46.6230244076195	0.157641057309734	0.0750484165567608
46.6447498535355	0.157538756409279	0.0749219390763156
46.666495556183	0.157436455508824	0.0747954615958703
46.6882615439061	0.157334154608369	0.0746689841154251
46.710047845102	0.157231853707914	0.0745425066349799
46.7318544882208	0.157129552807459	0.0744160291545346
46.7536815017657	0.157027251907004	0.0742895516740894
46.7755289142932	0.156924951006549	0.0741630741936442
46.7973967544133	0.156822650106095	0.0740365967131989
46.8192850507896	0.15672034920564	0.0739101192327537
46.841193832139	0.156618048305185	0.0737836417523085
46.8631231272324	0.15651574740473	0.0736571642718632
46.8850729648948	0.156413446504275	0.073530686791418
46.9070433740049	0.15631114560382	0.0734042093109727
46.9290343834956	0.156208844703365	0.0732777318305275
46.9510460223543	0.15610654380291	0.0731512543500823
46.9730783196227	0.156004242902455	0.0730247768696371
46.9951313043969	0.155901942002	0.0728982993891918
47.0172050058278	0.155799641101545	0.0727718219087466
47.0392994531211	0.155697340201091	0.0726453444283014
47.0614146755374	0.155595039300636	0.0725188669478561
47.0835507023924	0.155492738400181	0.0723923894674109
47.1057075630569	0.155390437499726	0.0722659119869657
47.127885286957	0.155288136599271	0.0721394345065204
47.1500839035743	0.155185835698816	0.0720129570260752
47.172303442446	0.155083534798361	0.07188647954563
47.194543933165	0.154981233897906	0.0717600020651847
47.2168054053799	0.154878932997451	0.0716335245847395
47.2390878887954	0.154776632096996	0.0715070471042943
47.2613914131723	0.154674331196541	0.071380569623849
47.2837160083276	0.154572030296087	0.0712540921434038
47.3060617041346	0.154469729395632	0.0711276146629586
47.3284285305233	0.154367428495177	0.0710011371825133
47.35081651748	0.154265127594722	0.0708746597020681
47.3732256950481	0.154162826694267	0.0707481822216229
47.3956560933277	0.154060525793812	0.0706217047411776
47.4181077424761	0.153958224893357	0.0704952272607324
47.4405806727074	0.153855923992902	0.0703687497802872
47.4630749142935	0.153753623092447	0.0702422722998419
47.4855904975635	0.153651322191992	0.0701157948193967
47.508127452904	0.153549021291537	0.0699893173389515
47.5306858107594	0.153446720391082	0.0698628398585062
47.553265601632	0.153344419490628	0.069736362378061
47.5758668560821	0.153242118590173	0.0696098848976158
47.5984896047279	0.153139817689718	0.0694834074171705
47.6211338782461	0.153037516789263	0.0693569299367253
47.6437997073718	0.152935215888808	0.0692304524562801
47.6664871228985	0.152832914988353	0.0691039749758349
47.6891961556785	0.152730614087898	0.0689774974953896
47.7119268366229	0.152628313187443	0.0688510200149444
47.7346791967017	0.152526012286988	0.0687245425344991
47.7574532669441	0.152423711386533	0.0685980650540539
47.7802490784385	0.152321410486078	0.0684715875736087
47.8030666623325	0.152219109585624	0.0683451100931634
47.8259060498336	0.152116808685169	0.0682186326127182
47.8487672722088	0.152014507784714	0.068092155132273
47.8716503607847	0.151912206884259	0.0679656776518277
47.8945553469482	0.151809905983804	0.0678392001713825
47.917482262146	0.151707605083349	0.0677127226909373
47.9404311378853	0.151605304182894	0.067586245210492
47.9634020057335	0.151503003282439	0.0674597677300468
47.9863948973187	0.151400702381984	0.0673332902496016
48.0094098443295	0.151298401481529	0.0672068127691563
48.0324468785154	0.151196100581074	0.0670803352887111
48.0555060316868	0.15109379968062	0.0669538578082659
48.0785873357155	0.150991498780165	0.0668273803278207
48.1016908225341	0.15088919787971	0.0667009028473754
48.124816524137	0.150786896979255	0.0665744253669302
48.14796447258	0.1506845960788	0.0664479478864849
48.1711346999805	0.150582295178345	0.0663214704060397
48.1943272385181	0.15047999427789	0.0661949929255945
48.2175421204339	0.150377693377435	0.0660685154451493
48.2407793780316	0.15027539247698	0.065942037964704
48.264039043677	0.150173091576525	0.0658155604842588
48.2873211497984	0.15007079067607	0.0656890830038136
48.3106257288866	0.149968489775615	0.0655626055233683
48.3339528134952	0.149866188875161	0.0654361280429231
48.3573024362409	0.149763887974706	0.0653096505624778
48.3806746298032	0.149661587074251	0.0651831730820326
48.4040694269249	0.149559286173796	0.0650566956015874
48.4274868604121	0.149456985273341	0.0649302181211421
48.4509269631347	0.149354684372886	0.0648037406406969
48.4743897680258	0.149252383472431	0.0646772631602517
48.4978753080828	0.149150082571976	0.0645507856798064
48.5213836163667	0.149047781671521	0.0644243081993612
48.5449147260028	0.148945480771066	0.064297830718916
48.5684686701808	0.148843179870611	0.0641713532384707
48.5920454821546	0.148740878970157	0.0640448757580255
48.6156451952429	0.148638578069702	0.0639183982775803
48.639267842829	0.148536277169247	0.0637919207971351
48.6629134583613	0.148433976268792	0.0636654433166898
48.6865820753532	0.148331675368337	0.0635389658362446
48.7102737273832	0.148229374467882	0.0634124883557994
48.7339884480954	0.148127073567427	0.0632860108753541
48.7577262711993	0.148024772666972	0.0631595333949089
48.7814872304701	0.147922471766517	0.0630330559144637
48.805271359749	0.147820170866062	0.0629065784340184
48.8290786929432	0.147717869965607	0.0627801009535732
48.852909264026	0.147615569065152	0.062653623473128
48.8767631070372	0.147513268164698	0.0625271459926827
48.9006402560829	0.147410967264243	0.0624006685122375
48.924540745336	0.147308666363788	0.0622741910317923
48.9484646090364	0.147206365463333	0.062147713551347
48.9724118814907	0.147104064562878	0.0620212360709018
48.9963825970729	0.147001763662423	0.0618947585904565
49.0203767902242	0.146899462761968	0.0617682811100113
49.0443944954534	0.146797161861513	0.0616418036295661
49.0684357473368	0.146694860961058	0.0615153261491208
49.0925005805188	0.146592560060603	0.0613888486686756
49.1165890297116	0.146490259160148	0.0612623711882304
49.1407011296956	0.146387958259694	0.0611358937077851
49.1648369153195	0.146285657359239	0.0610094162273399
49.1889964215005	0.146183356458784	0.0608829387468947
49.2131796832246	0.146081055558329	0.0607564612664495
49.2373867355465	0.145978754657874	0.0606299837860042
49.2616176135899	0.145876453757419	0.060503506305559
49.2858723525478	0.145774152856964	0.0603770288251138
49.3101509876823	0.145671851956509	0.0602505513446685
49.3344535543254	0.145569551056054	0.0601240738642233
49.3587800878784	0.145467250155599	0.0599975963837781
49.3831306238127	0.145364949255144	0.0598711189033328
49.4075051976696	0.14526264835469	0.0597446414228876
49.4319038450606	0.145160347454235	0.0596181639424424
49.4563266016679	0.14505804655378	0.0594916864619971
49.4807735032437	0.144955745653325	0.0593652089815519
49.5052445856114	0.14485344475287	0.0592387315011067
49.5297398846651	0.144751143852415	0.0591122540206614
49.5542594363699	0.14464884295196	0.0589857765402162
49.5788032767623	0.144546542051505	0.058859299059771
49.6033714419502	0.14444424115105	0.0587328215793257
49.6279639681131	0.144341940250595	0.0586063440988805
49.6525808915022	0.14423963935014	0.0584798666184352
49.6772222484408	0.144137338449685	0.05835338913799
49.7018880753242	0.144035037549231	0.0582269116575448
49.7265784086202	0.143932736648776	0.0581004341770995
49.7512932848689	0.143830435748321	0.0579739566966543
49.7760327406833	0.143728134847866	0.0578474792162091
49.800796812749	0.143625833947411	0.0577210017357639
49.8255855378248	0.143523533046956	0.0575945242553186
49.8503989527428	0.143421232146501	0.0574680467748734
49.8752370944083	0.143318931246046	0.0573415692944282
49.9000999998004	0.143216630345591	0.0572150918139829
49.9249877059718	0.143114329445136	0.0570886143335377
49.9499002500492	0.143012028544681	0.0569621368530925
49.9748376692336	0.142909727644227	0.0568356593726472
49.9998000008	0.142807426743772	0.056709181892202
50.0247872820983	0.142683816227652	0.0566324577591372
50.0497995505528	0.142558537595988	0.0565596283153712
50.0748368436629	0.142433258964325	0.0564867988716052
50.0998991990028	0.142307980332662	0.0564139694278392
50.1249866542223	0.142182701700998	0.0563411399840733
50.1500992470464	0.142057423069335	0.0562683105403073
50.1752370152759	0.141932144437672	0.0561954810965413
50.2003999967872	0.141806865806009	0.0561226516527753
50.225588229533	0.141681587174345	0.0560498222090094
50.2508017515419	0.141556308542682	0.0559769927652434
50.2760406009194	0.141431029911019	0.0559041633214774
50.3013048158469	0.141305751279355	0.0558313338777114
50.3265944345832	0.141180472647692	0.0557585044339454
50.3519094954638	0.141055194016029	0.0556856749901795
50.3772500369013	0.140929915384366	0.0556128455464135
50.4026160973859	0.140804636752702	0.0555400161026475
50.4280077154852	0.140679358121039	0.0554671866588816
50.4534249298445	0.140554079489376	0.0553943572151156
50.4788677791873	0.140428800857713	0.0553215277713496
50.5043363023149	0.140303522226049	0.0552486983275836
50.5298305381073	0.140178243594386	0.0551758688838177
50.5553505255229	0.140052964962723	0.0551030394400517
50.5808963035987	0.139927686331059	0.0550302099962857
50.6064679114508	0.139802407699396	0.0549573805525197
50.6320653882745	0.139677129067733	0.0548845511087538
50.6576887733443	0.13955185043607	0.0548117216649878
50.6833381060143	0.139426571804406	0.0547388922212218
50.7090134257184	0.139301293172743	0.0546660627774558
50.7347147719703	0.13917601454108	0.0545932333336899
50.760442184364	0.139050735909416	0.0545204038899239
50.7861957025737	0.138925457277753	0.0544475744461579
50.8119753663544	0.13880017864609	0.0543747450023919
50.8377812155415	0.138674900014427	0.0543019155586259
50.8636132900518	0.138549621382763	0.05422908611486
50.8894716298829	0.1384243427511	0.054156256671094
50.915356275114	0.138299064119437	0.054083427227328
50.9412672659058	0.138173785487773	0.0540105977835621
50.9672046425007	0.13804850685611	0.0539377683397961
50.9931684452234	0.137923228224447	0.0538649388960301
51.0191587144805	0.137797949592784	0.0537921094522641
51.0451754907611	0.13767267096112	0.0537192800084982
51.071218814637	0.137547392329457	0.0536464505647322
51.0972887267629	0.137422113697794	0.0535736211209662
51.1233852678763	0.13729683506613	0.0535007916772002
51.1495084787983	0.137171556434467	0.0534279622334343
51.1756584004332	0.137046277802804	0.0533551327896683
51.201835073769	0.136920999171141	0.0532823033459023
51.228038539878	0.136795720539477	0.0532094739021363
51.254268839916	0.136670441907814	0.0531366444583704
51.2805260151237	0.136545163276151	0.0530638150146044
51.3068101068259	0.136419884644488	0.0529909855708384
51.3331211564326	0.136294606012824	0.0529181561270724
51.3594592054384	0.136169327381161	0.0528453266833065
51.3858242954233	0.136044048749498	0.0527724972395405
51.4122164680527	0.135918770117834	0.0526996677957745
51.4386357650777	0.135793491486171	0.0526268383520085
51.4650822283351	0.135668212854508	0.0525540089082425
51.491555899748	0.135542934222845	0.0524811794644766
51.5180568213256	0.135417655591181	0.0524083500207106
51.5445850351637	0.135292376959518	0.0523355205769446
51.5711405834449	0.135167098327855	0.0522626911331787
51.5977235084388	0.135041819696191	0.0521898616894127
51.6243338525021	0.134916541064528	0.0521170322456467
51.6509716580788	0.134791262432865	0.0520442028018807
51.677636967701	0.134665983801202	0.0519713733581148
51.7043298239881	0.134540705169538	0.0518985439143488
51.7310502696481	0.134415426537875	0.0518257144705828
51.757798347477	0.134290147906212	0.0517528850268168
51.7845741003595	0.134164869274548	0.0516800555830509
51.8113775712691	0.134039590642885	0.0516072261392849
51.8382088032683	0.133914312011222	0.0515343966955189
51.8650678395087	0.133789033379559	0.0514615672517529
51.8919547232317	0.133663754747895	0.051388737807987
51.918869497768	0.133538476116232	0.051315908364221
51.9458122065386	0.133413197484569	0.051243078920455
51.9727828930546	0.133287918852905	0.051170249476689
51.9997816009173	0.133162640221242	0.0510974200329231
52.0268083738189	0.133037361589579	0.0510245905891571
52.0538632555423	0.132912082957916	0.0509517611453911
52.0809462899617	0.132786804326252	0.0508789317016251
52.1080575210425	0.132661525694589	0.0508061022578592
52.1351969928418	0.132536247062926	0.0507332728140932
52.1623647495085	0.132410968431262	0.0506604433703272
52.1895608352835	0.132285689799599	0.0505876139265612
52.2167852945001	0.132160411167936	0.0505147844827953
52.2440381715841	0.132035132536273	0.0504419550390293
52.2713195110541	0.131909853904609	0.0503691255952633
52.2986293575218	0.131784575272946	0.0502962961514973
52.3259677556922	0.131659296641283	0.0502234667077314
52.3533347503636	0.13153401800962	0.0501506372639654
52.3807303864284	0.131408739377956	0.0500778078201994
52.4081547088727	0.131283460746293	0.0500049783764334
52.4356077627771	0.13115818211463	0.0499321489326675
52.4630895933166	0.131032903482966	0.0498593194889015
52.490600245761	0.130907624851303	0.0497864900451355
52.518139765475	0.13078234621964	0.0497136606013695
52.5457081979187	0.130657067587977	0.0496408311576036
52.5733055886475	0.130531788956313	0.0495680017138376
52.6009319833129	0.13040651032465	0.0494951722700716
52.628587427662	0.130281231692987	0.0494223428263056
52.6562719675385	0.130155953061323	0.0493495133825397
52.6839856488823	0.13003067442966	0.0492766839387737
52.7117285177304	0.129905395797997	0.0492038544950077
52.7395006202165	0.129780117166334	0.0491310250512417
52.7673020025719	0.12965483853467	0.0490581956074758
52.7951327111251	0.129529559903007	0.0489853661637098
52.8229927923026	0.129404281271344	0.0489125367199438
52.850882292629	0.12927900263968	0.0488397072761778
52.878801258727	0.129153724008017	0.0487668778324119
52.906749737318	0.129028445376354	0.0486940483886459
52.9347277752222	0.128903166744691	0.0486212189448799
52.9627354193589	0.128777888113027	0.0485483895011139
52.9907727167468	0.128652609481364	0.048475560057348
53.0188397145042	0.128527330849701	0.048402730613582
53.046936459849	0.128402052218037	0.048329901169816
53.0750630000998	0.128276773586374	0.04825707172605
53.1032193826751	0.128151494954711	0.0481842422822841
53.1314056550943	0.128026216323048	0.0481114128385181
53.1596218649778	0.127900937691384	0.0480385833947521
53.187868060047	0.127775659059721	0.0479657539509861
53.216144288125	0.127650380428058	0.0478929245072202
53.2444505971365	0.127525101796394	0.0478200950634542
53.2727870351084	0.127399823164731	0.0477472656196882
53.3011536501696	0.127274544533068	0.0476744361759222
53.3295504905519	0.127149265901405	0.0476016067321563
53.3579776045896	0.127023987269741	0.0475287772883903
53.3864350407205	0.126898708638078	0.0474559478446243
53.4149228474854	0.126773430006415	0.0473831184008583
53.4434410735291	0.126648151374751	0.0473102889570924
53.4719897676	0.126522872743088	0.0472374595133264
53.5005689785511	0.126397594111425	0.0471646300695604
53.5291787553395	0.126272315479762	0.0470918006257944
53.5578191470275	0.126147036848098	0.0470189711820285
53.586490202782	0.126021758216435	0.0469461417382625
53.6151919718756	0.125896479584772	0.0468733122944965
53.6439245036864	0.125771200953109	0.0468004828507305
53.6726878476984	0.125645922321445	0.0467276534069646
53.7014820535017	0.125520643689782	0.0466548239631986
53.7303071707931	0.125395365058119	0.0465819945194326
53.7591632493759	0.125270086426455	0.0465091650756666
53.7880503391606	0.125144807794792	0.0464363356319007
53.816968490165	0.125019529163129	0.0463635061881347
53.8459177525145	0.124894250531466	0.0462906767443687
53.8748981764424	0.124768971899802	0.0462178473006027
53.9039098122904	0.124643693268139	0.0461450178568368
53.9329527105084	0.124518414636476	0.0460721884130708
53.9620269216552	0.124393136004812	0.0459993589693048
53.9911324963988	0.124267857373149	0.0459265295255388
54.0202694855164	0.124142578741486	0.0458537000817729
54.0494379398949	0.124017300109823	0.0457808706380069
54.0786379105312	0.123892021478159	0.0457080411942409
54.1078694485326	0.123766742846496	0.0456352117504749
54.1371326051167	0.123641464214833	0.045562382306709
54.1664274316122	0.123516185583169	0.045489552862943
54.1957539794587	0.123390906951506	0.045416723419177
54.2251123002076	0.123265628319843	0.045343893975411
54.2545024455217	0.12314034968818	0.0452710645316451
54.2839244671761	0.123015071056516	0.0451982350878791
54.3133784170583	0.122889792424853	0.0451254056441131
54.3428643471683	0.12276451379319	0.0450525762003471
54.3723823096192	0.122639235161526	0.0449797467565812
54.4019323566373	0.122513956529863	0.0449069173128152
54.4315145405626	0.1223886778982	0.0448340878690492
54.461128913849	0.122263399266537	0.0447612584252832
54.4907755290646	0.122138120634873	0.0446884289815173
54.5204544388918	0.12201284200321	0.0446155995377513
54.5501656961283	0.121887563371547	0.0445427700939853
54.5799093536866	0.121762284739883	0.0444699406502193
54.6096854645946	0.12163700610822	0.0443971112064534
54.6394940819964	0.121511727476557	0.0443242817626874
54.6693352591518	0.121386448844894	0.0442514523189214
54.6992090494372	0.12126117021323	0.0441786228751554
54.7291155063456	0.121135891581567	0.0441057934313895
54.7590546834872	0.121010612949904	0.0440329639876235
54.7890266345895	0.120885334318241	0.0439601345438575
54.8190314134978	0.120760055686577	0.0438873051000915
54.8490690741751	0.120634777054914	0.0438144756563256
54.8791396707032	0.120509498423251	0.0437416462125596
54.9092432572822	0.120384219791587	0.0436688167687936
54.9393798882313	0.120258941159924	0.0435959873250276
54.9695496179891	0.120133662528261	0.0435231578812617
54.9997525011137	0.120008383896598	0.0434503284374957
55.0299885922834	0.119883105264934	0.0433774989937297
55.0602579462964	0.119757826633271	0.0433046695499637
55.090560618072	0.119632548001608	0.0432318401061978
55.1208966626502	0.119507269369944	0.0431590106624318
55.1512661351923	0.119381990738281	0.0430861812186658
55.1816690909813	0.119256712106618	0.0430133517748998
55.2121055854222	0.119131433474955	0.0429405223311339
55.2425756740423	0.119006154843291	0.0428676928873679
55.2730794124914	0.118880876211628	0.0427948634436019
55.3036168565424	0.118755597579965	0.042722033999836
55.3341880620916	0.118630318948301	0.04264920455607
55.3647930851588	0.118505040316638	0.042576375112304
55.3954319818879	0.118379761684975	0.042503545668538
55.4261048085472	0.118254483053312	0.042430716224772
55.4568116215294	0.118129204421648	0.0423578867810061
55.4875524773528	0.118003925789985	0.0422850573372401
55.5183274326604	0.117878647158322	0.0422122278934741
55.5491365442216	0.117753368526658	0.0421393984497081
55.5799798689313	0.117628089894995	0.0420665690059422
55.6108574638113	0.117502811263332	0.0419937395621762
55.6417693860098	0.117377532631669	0.0419209101184102
55.6727156928024	0.117252254000005	0.0418480806746442
55.7036964415922	0.117126975368342	0.0417752512308783
55.7347116899099	0.117001696736679	0.0417024217871123
55.7657614954147	0.116876418105015	0.0416295923433463
55.7968459158941	0.116751139473352	0.0415567628995803
55.8279650092647	0.116625860841689	0.0414839334558144
55.8591188335722	0.116500582210026	0.0414111040120484
55.8903074469922	0.116375303578362	0.0413382745682824
55.9215309078301	0.116250024946699	0.0412654451245164
55.9527892745217	0.116124746315036	0.0411926156807505
55.9840826056336	0.115999467683373	0.0411197862369845
56.0154109598633	0.115874189051709	0.0410469567932185
56.04677439604	0.115748910420046	0.0409741273494525
56.0781729731245	0.115623631788383	0.0409012979056866
56.1096067502101	0.115498353156719	0.0408284684619206
56.1410757865224	0.115373074525056	0.0407556390181546
56.1725801414201	0.115247795893393	0.0406828095743886
56.204119874395	0.11512251726173	0.0406099801306227
56.2356950450729	0.114997238630066	0.0405371506868567
56.2673057132134	0.114871959998403	0.0404643212430907
56.2989519387107	0.11474668136674	0.0403914917993247
56.3306337815938	0.114621402735076	0.0403186623555588
56.3623513020267	0.114496124103413	0.0402458329117928
56.3941045603093	0.11437084547175	0.0401730034680268
56.4258936168772	0.114245566840087	0.0401001740242608
56.4577185323026	0.114120288208423	0.0400273445804949
56.4895793672941	0.11399500957676	0.0399545151367289
56.5214761826978	0.113869730945097	0.0398816856929629
56.5534090394969	0.113744452313433	0.0398088562491969
56.5853779988128	0.11361917368177	0.039736026805431
56.6173831219052	0.113493895050107	0.039663197361665
56.6494244701721	0.113368616418444	0.039590367917899
56.681502105151	0.11324333778678	0.0395175384741331
56.7136160885186	0.113118059155117	0.0394447090303671
56.7457664820916	0.112992780523454	0.0393718795866011
56.7779533478269	0.11286750189179	0.0392990501428351
56.8101767478219	0.112742223260127	0.0392262206990692
56.8424367443153	0.112616944628464	0.0391533912553032
56.8747333996872	0.112491665996801	0.0390805618115372
56.9070667764594	0.112366387365137	0.0390077323677712
56.939436937296	0.112241108733474	0.0389349029240052
56.971843945004	0.112115830101811	0.0388620734802393
57.004287862533	0.111990551470147	0.0387892440364733
57.0367687529766	0.111865272838484	0.0387164145927073
57.0692866795719	0.111739994206821	0.0386435851489413
57.1018417057005	0.111614715575158	0.0385707557051754
57.1344338948886	0.111489436943494	0.0384979262614094
57.1670633108076	0.111364158311831	0.0384250968176434
57.1997300172743	0.111238879680168	0.0383522673738774
57.2324340782516	0.111113601048505	0.0382794379301115
57.2651755578487	0.110988322416841	0.0382066084863455
57.2979545203216	0.110863043785178	0.0381337790425795
57.3307710300734	0.110737765153515	0.0380609495988135
57.3636251516551	0.110612486521851	0.0379881201550476
57.3965169497654	0.110487207890188	0.0379152907112816
57.4294464892518	0.110361929258525	0.0378424612675156
57.4624138351105	0.110236650626862	0.0377696318237497
57.495419052487	0.110111371995198	0.0376968023799837
57.5284622066768	0.109986093363535	0.0376239729362177
57.5615433631253	0.109860814731872	0.0375511434924517
57.5946625874287	0.109735536100208	0.0374783140486857
57.6278199453343	0.109610257468545	0.0374054846049198
57.6610155027406	0.109484978836882	0.0373326551611538
57.6942493256985	0.109359700205219	0.0372598257173878
57.7275214804108	0.109234421573555	0.0371869962736218
57.7608320332333	0.109109142941892	0.0371141668298559
57.7941810506751	0.108983864310229	0.0370413373860899
57.8275685993989	0.108858585678565	0.0369685079423239
57.8609947462217	0.108733307046902	0.0368956784985579
57.8944595581148	0.108608028415239	0.036822849054792
57.9279631022046	0.108482749783576	0.036750019611026
57.9615054457733	0.108357471151912	0.03667719016726
57.9950866562585	0.108232192520249	0.036604360723494
58.0287068012546	0.108106913888586	0.0365315312797281
58.0623659485126	0.107981635256922	0.0364587018359621
58.096064165941	0.107856356625259	0.0363858723921961
58.1298015216057	0.107731077993596	0.0363130429484302
58.1635780837311	0.107605799361933	0.0362402135046642
58.1973939207002	0.107480520730269	0.0361673840608982
58.2312491010551	0.107355242098606	0.0360945546171322
58.2651436934974	0.107229963466943	0.0360217251733663
58.2990777668888	0.107104684835279	0.0359488957296003
58.3330513902516	0.106979406203616	0.0358760662858343
58.367064632769	0.106854127571953	0.0358032368420683
58.4011175637857	0.10672884894029	0.0357304073983023
58.4352102528083	0.106603570308626	0.0356575779545364
58.4693427695057	0.106478291676963	0.0355847485107704
58.5035151837098	0.1063530130453	0.0355119190670044
58.5377275654159	0.106227734413636	0.0354390896232384
58.571979984783	0.106102455781973	0.0353662601794725
58.6062725121344	0.10597717715031	0.0352934307357065
58.6406052179583	0.105851898518647	0.0352206012919405
58.6749781729081	0.105726619886983	0.0351477718481745
58.709391447803	0.10560134125532	0.0350749424044086
58.7438451136282	0.105476062623657	0.0350021129606426
58.7783392415361	0.105350783991994	0.0349292835168766
58.8128739028458	0.10522550536033	0.0348564540731107
58.8474491690446	0.105100226728667	0.0347836246293447
58.8820651117876	0.104974948097004	0.0347107951855787
58.9167218028988	0.10484966946534	0.0346379657418127
58.9514193143714	0.104724390833677	0.0345651362980468
58.9861577183682	0.104599112202014	0.0344923068542808
59.0209370872223	0.104473833570351	0.0344194774105148
59.0557574934374	0.104348554938687	0.0343466479667488
59.0906190096885	0.104223276307024	0.0342738185229829
59.1255217088222	0.104097997675361	0.0342009890792169
59.1604656638573	0.103972719043697	0.0341281596354509
59.1954509479856	0.103847440412034	0.0340553301916849
59.2304776345716	0.103722161780371	0.0339825007479189
59.2655457971542	0.103596883148708	0.033909671304153
59.300655509446	0.103471604517044	0.033836841860387
59.3358068453347	0.103346325885381	0.033764012416621
59.3709998788832	0.103221047253718	0.033691182972855
59.4062346843301	0.103095768622054	0.0336183535290891
59.4415113360906	0.102970489990391	0.0335455240853231
59.4768299087566	0.102845211358728	0.0334726946415571
59.5121904770973	0.102719932727065	0.0333998651977911
59.54759311606	0.102594654095401	0.0333270357540252
59.5830379007704	0.102469375463738	0.0332542063102592
59.6185249065331	0.102344096832075	0.0331813768664932
59.6540542088321	0.102218818200411	0.0331085474227273
59.6896258833319	0.102093539568748	0.0330357179789613
59.725240005877	0.101968260937085	0.0329628885351953
59.7608966524934	0.101842982305422	0.0328900590914293
59.7965958993886	0.101717703673758	0.0328172296476634
59.8323378229525	0.101592425042095	0.0327444002038974
59.8681224997575	0.101467146410432	0.0326715707601314
59.9039500065595	0.101341867778769	0.0325987413163654
59.939820420298	0.101216589147105	0.0325259118725995
59.9757338180972	0.101091310515442	0.0324530824288335
60.011690277266	0.100968144722322	0.0323847549742539
60.047689875299	0.100850658501631	0.0323285294257808
60.0837326898766	0.100733172280941	0.0322723038773077
60.1198187988661	0.100615686060251	0.0322160783288345
60.1559482803219	0.100498199839561	0.0321598527803614
60.192121212486	0.100380713618871	0.0321036272318883
60.2283376737889	0.100263227398181	0.0320474016834152
60.2645977428498	0.100145741177491	0.0319911761349421
60.3009014984774	0.100028254956801	0.0319349505864689
60.3372490196706	0.0999107687361106	0.0318787250379958
60.3736403856185	0.0997932825154205	0.0318224994895227
60.4100756757018	0.0996757962947304	0.0317662739410496
60.4465549694926	0.0995583100740403	0.0317100483925764
60.4830783467555	0.0994408238533502	0.0316538228441033
60.519645887448	0.0993233376326601	0.0315975972956302
60.5562576717209	0.09920585141197	0.0315413717471571
60.5929137799193	0.0990883651912799	0.031485146198684
60.6296142925828	0.0989708789705898	0.0314289206502108
60.6663592904463	0.0988533927498997	0.0313726951017377
60.7031488544405	0.0987359065292096	0.0313164695532646
60.7399830656927	0.0986184203085195	0.0312602440047915
60.7768620055271	0.0985009340878294	0.0312040184563184
60.8137857554653	0.0983834478671393	0.0311477929078452
60.8507543972276	0.0982659616464492	0.0310915673593721
60.8877680127329	0.0981484754257591	0.031035341810899
60.9248266840993	0.098030989205069	0.0309791162624259
60.9619304936453	0.0979135029843788	0.0309228907139527
60.99907952389	0.0977960167636888	0.0308666651654796
61.0362738575535	0.0976785305429987	0.0308104396170065
61.0735135775582	0.0975610443223085	0.0307542140685334
61.1107987670285	0.0974435581016184	0.0306979885200603
61.1481295092924	0.0973260718809283	0.0306417629715871
61.1855058878812	0.0972085856602382	0.030585537423114
61.222927986531	0.0970910994395481	0.0305293118746409
61.2603958891824	0.096973613218858	0.0304730863261678
61.297909679982	0.0968561269981679	0.0304168607776947
61.3354694432825	0.0967386407774778	0.0303606352292215
61.3730752636434	0.0966211545567877	0.0303044096807484
61.4107272258318	0.0965036683360976	0.0302481841322753
61.448425414823	0.0963861821154075	0.0301919585838022
61.4861699158009	0.0962686958947174	0.030135733035329
61.5239608141589	0.0961512096740273	0.0300795074868559
61.5617981955006	0.0960337234533372	0.0300232819383828
61.5996821456401	0.0959162372326471	0.0299670563899097
61.6376127506031	0.095798751011957	0.0299108308414366
61.6755900966272	0.0956812647912669	0.0298546052929635
61.7136142701625	0.0955637785705768	0.0297983797444903
61.7516853578726	0.0954462923498867	0.0297421541960172
61.7898034466352	0.0953288061291966	0.0296859286475441
61.8279686235425	0.0952113199085065	0.029629703099071
61.8661809759019	0.0950938336878163	0.0295734775505978
61.9044405912369	0.0949763474671263	0.0295172520021247
61.9427475572878	0.0948588612464362	0.0294610264536516
61.9811019620118	0.094741375025746	0.0294048009051785
62.0195038935845	0.094623888805056	0.0293485753567054
62.0579534403999	0.0945064025843659	0.0292923498082322
62.0964506910714	0.0943889163636757	0.0292361242597591
62.1349957344326	0.0942714301429856	0.029179898711286
62.1735886595374	0.0941539439222955	0.0291236731628129
62.2122295556616	0.0940364577016054	0.0290674476143397
62.2509185123027	0.0939189714809153	0.0290112220658666
62.289655619181	0.0938014852602252	0.0289549965173935
62.3284409662404	0.0936839990395351	0.0288987709689204
62.367274643649	0.093566512818845	0.0288425454204473
62.4061567417995	0.0934490265981549	0.0287863198719742
62.4450873513104	0.0933315403774648	0.028730094323501
62.4840665630264	0.0932140541567747	0.0286738687750279
62.5230944680191	0.0930965679360846	0.0286176432265548
62.5621711575879	0.0929790817153945	0.0285614176780817
62.6012967232603	0.0928615954947044	0.0285051921296085
62.6404712567934	0.0927441092740143	0.0284489665811354
62.6796948501736	0.0926266230533242	0.0283927410326623
62.7189675956182	0.0925091368326341	0.0283365154841892
62.7582895855756	0.092391650611944	0.0282802899357161
62.7976609127263	0.0922741643912539	0.0282240643872429
62.8370816699834	0.0921566781705638	0.0281678388387698
62.8765519504935	0.0920391919498737	0.0281116132902967
62.9160718476374	0.0919217057291835	0.0280553877418236
62.9556414550308	0.0918042195084935	0.0279991621933505
62.995260866525	0.0916867332878034	0.0279429366448773
63.0349301762079	0.0915692470671132	0.0278867110964042
63.0746494784042	0.0914517608464231	0.0278304855479311
63.1144188676768	0.091334274625733	0.027774259999458
63.1542384388272	0.0912167884050429	0.0277180344509848
63.1941082868962	0.0910993021843528	0.0276618089025117
63.2340285071647	0.0909818159636627	0.0276055833540386
63.2739991951547	0.0908643297429726	0.0275493578055655
63.3140204466298	0.0907468435222825	0.0274931322570924
63.3540923575958	0.0906293573015924	0.0274369067086192
63.3942150243022	0.0905118710809023	0.0273806811601461
63.434388543242	0.0903943848602122	0.027324455611673
63.4746130111531	0.0902768986395221	0.0272682300631999
63.5148885250192	0.090159412418832	0.0272120045147268
63.5552151820698	0.0900419261981419	0.0271557789662536
63.5955930797819	0.0899244399774518	0.0270995534177805
63.6360223158803	0.0898069537567617	0.0270433278693074
63.6765029883383	0.0896894675360716	0.0269871023208343
63.7170351953787	0.0895719813153815	0.0269308767723611
63.7576190354747	0.0894544950946914	0.026874651223888
63.7982546073505	0.0893370088740013	0.0268184256754149
63.8389420099819	0.0892195226533112	0.0267622001269418
63.8796813425976	0.0891020364326211	0.0267059745784687
63.9204727046797	0.088984550211931	0.0266497490299955
63.9613161959647	0.0888670639912408	0.0265935234815224
64.0022119164438	0.0887495777705507	0.0265372979330493
64.0431599663645	0.0886320915498607	0.0264810723845762
64.0841604462308	0.0885146053291705	0.0264248468361031
64.1252134568043	0.0883971191084804	0.0263686212876299
64.1663190991049	0.0882796328877904	0.0263123957391568
64.2074774744117	0.0881621466671002	0.0262561701906837
64.248688684264	0.0880446604464101	0.0261999446422106
64.2899528304616	0.08792717422572	0.0261437190937374
64.3312700150664	0.0878096880050299	0.0260874935452643
64.3726403404025	0.0876922017843398	0.0260312679967912
64.4140639090577	0.0875747155636497	0.0259750424483181
64.4555408238836	0.0874572293429596	0.025918816899845
64.4970711879974	0.0873397431222695	0.0258625913513718
64.5386551047817	0.0872222569015794	0.0258063658028987
64.5802926778864	0.0871047706808893	0.0257501402544256
64.6219840112287	0.0869872844601992	0.0256939147059525
64.6637292089945	0.0868697982395091	0.0256376891574794
64.7055283756389	0.086752312018819	0.0255814636090062
64.7473816158874	0.0866348257981289	0.0255252380605331
64.7892890347368	0.0865173395774388	0.02546901251206
64.8312507374555	0.0863998533567487	0.0254127869635869
64.8732668295851	0.0862823671360586	0.0253565614151138
64.9153374169408	0.0861648809153685	0.0253003358666406
64.9574626056127	0.0860473946946784	0.0252441103181675
64.9996425019662	0.0859299084739883	0.0251878847696944
65.0418772126434	0.0858124222532982	0.0251316592212213
65.0841668445634	0.085694936032608	0.0250754336727482
65.1265115049239	0.0855774498119179	0.025019208124275
65.1689113012016	0.0854599635912278	0.0249629825758019
65.2113663411533	0.0853424773705377	0.0249067570273288
65.2538767328167	0.0852249911498476	0.0248505314788557
65.2964425845116	0.0851075049291575	0.0247943059303826
65.3390640048403	0.0849900187084674	0.0247380803819094
65.3817411026892	0.0848725324877773	0.0246818548334363
65.4244739872291	0.0847550462670872	0.0246256292849632
65.4672627679166	0.0846375600463971	0.0245694037364901
65.5101075544946	0.084520073825707	0.0245131781880169
65.5530084569936	0.0844025876050169	0.0244569526395438
65.5959655857326	0.0842851013843268	0.0244007270910707
65.6389790513198	0.0841676151636367	0.0243445015425976
65.6820489646539	0.0840501289429466	0.0242882759941245
65.7251754369245	0.0839326427222565	0.0242320504456513
65.7683585796139	0.0838151565015664	0.0241758248971782
65.8115985044972	0.0836976702808763	0.0241195993487051
65.8548953236439	0.0835801840601862	0.024063373800232
65.8982491494183	0.0834626978394961	0.0240071482517589
65.9416600944812	0.083345211618806	0.0239509227032857
65.9851282717901	0.0832277253981159	0.0238946971548126
66.0286537946007	0.0831102391774258	0.0238384716063395
66.0722367764677	0.0829927529567357	0.0237822460578664
66.1158773312459	0.0828752667360455	0.0237260205093932
66.1595755730908	0.0827577805153555	0.0236697949609201
66.2033316164603	0.0826402942946654	0.023613569412447
66.247145576115	0.0825228080739752	0.0235573438639739
66.2910175671197	0.0824053218532851	0.0235011183155008
66.334947704844	0.082287835632595	0.0234448927670276
66.3789361049637	0.0821703494119049	0.0233886672185545
66.4229828834615	0.0820528631912148	0.0233324416700814
66.4670881566284	0.0819353769705247	0.0232762161216083
66.5112520410641	0.0818178907498346	0.0232199905731352
66.5554746536786	0.0817004045291445	0.023163765024662
66.5997561116931	0.0815829183084544	0.0231075394761889
66.6440965326409	0.0814654320877643	0.0230513139277158
66.6884960343686	0.0813479458670742	0.0229950883792427
66.7329547350368	0.0812304596463841	0.0229388628307695
66.7774727531217	0.081112973425694	0.0228826372822964
66.8220502074157	0.0809954872050039	0.0228264117338233
66.8666872170286	0.0808780009843138	0.0227701861853502
66.9113839013887	0.0807605147636237	0.0227139606368771
66.9561403802439	0.0806430285429336	0.0226577350884039
67.0009567736627	0.0805255423222435	0.0226015095399308
67.0458332020353	0.0804080561015534	0.0225452839914577
67.0907697860744	0.0802905698808633	0.0224890584429846
67.1357666468169	0.0801730836601732	0.0224328328945115
67.1808239056244	0.0800555974394831	0.0223766073460383
67.2259416841846	0.079938111218793	0.0223203817975652
67.2711201045124	0.0798206249981029	0.0222641562490921
67.3163592889508	0.0797031387774127	0.022207930700619
67.361659360172	0.0795856525567227	0.0221517051521459
67.4070204411789	0.0794681663360325	0.0220954796036727
67.4524426553059	0.0793506801153424	0.0220392540551996
67.4979261262198	0.0792331938946523	0.0219830285067265
67.5434709779214	0.0791157076739622	0.0219268029582534
67.5890773347464	0.0789982214532721	0.0218705774097803
67.6347453213665	0.078880735232582	0.0218143518613071
67.6804750627906	0.0787632490118919	0.021758126312834
67.7262666843658	0.0786457627912018	0.0217019007643609
67.7721203117789	0.0785282765705117	0.0216456752158878
67.818036071057	0.0784107903498216	0.0215894496674146
67.8640140885693	0.0782933041291315	0.0215332241189415
67.9100544910277	0.0781758179084414	0.0214769985704684
67.9561574054883	0.0780583316877513	0.0214207730219953
68.0023229593523	0.0779408454670612	0.0213645474735222
68.0485512803675	0.0778233592463711	0.021308321925049
68.0948424966293	0.077705873025681	0.0212520963765759
68.1411967365818	0.0775883868049909	0.0211958708281028
68.1876141290192	0.0774709005843008	0.0211396452796297
68.2340948030866	0.0773534143636107	0.0210834197311566
68.280638888282	0.0772359281429205	0.0210271941826834
68.3272465144563	0.0771184419222305	0.0209709686342103
68.3739178118158	0.0770009557015404	0.0209147430857372
68.4206529109225	0.0768834694808502	0.0208585175372641
68.4674519426955	0.0767659832601602	0.020802291988791
68.5143150384126	0.07664849703947	0.0207460664403178
68.561242329711	0.0765310108187799	0.0206898408918447
68.6082339485891	0.0764135245980899	0.0206336153433716
68.6552900274072	0.0762960383773997	0.0205773897948985
68.702410698889	0.0761785521567096	0.0205211642464253
68.7495960961229	0.0760610659360195	0.0204649386979522
68.7968463525632	0.0759435797153294	0.0204087131494791
68.8441616020312	0.0758260934946393	0.020352487601006
68.8915419787167	0.0757086072739492	0.0202962620525329
68.938987617179	0.0755911210532591	0.0202400365040597
68.9864986523487	0.075473634832569	0.0201838109555866
69.0340752195284	0.0753561486118789	0.0201275854071135
69.081717454394	0.0752386623911888	0.0200713598586404
69.1294254929965	0.0751211761704987	0.0200151343101673
69.1771994717629	0.0750036899498086	0.0199589087616941
69.2250395274976	0.0748862037291185	0.019902683213221
69.2729457973836	0.0747687175084284	0.0198464576647479
69.320918418984	0.0746512312877383	0.0197902321162748
69.3689575302432	0.0745337450670482	0.0197340065678016
69.4170632694882	0.0744162588463581	0.0196777810193285
69.46523577543	0.074298772625668	0.0196215554708554
69.513475187165	0.0741812864049779	0.0195653299223823
69.5617816441762	0.0740638001842878	0.0195091043739092
69.6101552863344	0.0739463139635977	0.019452878825436
69.6585962539	0.0738288277429076	0.0193966532769629
69.707104687524	0.0737113415222174	0.0193404277284898
69.7556807282493	0.0735938553015274	0.0192842021800167
69.8043245175125	0.0734763690808372	0.0192279766315436
69.8530361971448	0.0733588828601471	0.0191717510830704
69.9018159093737	0.073241396639457	0.0191155255345973
69.9506637968241	0.0731239104187669	0.0190592999861242
69.99958000252	0.0730064241980768	0.0190030744376511
70.0485646698856	0.0753095638224351	0.0202587484102336
70.0976179427471	0.0752138965145134	0.0202151106908306
70.1467399653335	0.0751182292065915	0.0201714729714277
70.1959308822786	0.0750225618986697	0.0201278352520248
70.2451908386222	0.0749268945907479	0.0200841975326219
70.2945199798114	0.0748312272828262	0.0200405598132189
70.3439184517022	0.0747355599749043	0.019996922093816
70.3933864005609	0.0746398926669826	0.0199532843744131
70.4429239730654	0.0745442253590607	0.0199096466550102
70.492531316307	0.074448558051139	0.0198660089356072
70.5422085777915	0.0743528907432171	0.0198223712162043
70.5919559054407	0.0742572234352954	0.0197787334968014
70.641773447594	0.0741615561273735	0.0197350957773985
70.6916613530101	0.0740658888194518	0.0196914580579955
70.7416197708679	0.07397022151153	0.0196478203385926
70.7916488507684	0.0738745542036082	0.0196041826191897
70.8417487427361	0.0737788868956864	0.0195605448997867
70.8919195972205	0.0736832195877646	0.0195169071803838
70.9421615650976	0.0735875522798428	0.0194732694609809
70.9924747976715	0.073491884971921	0.019429631741578
71.0428594466756	0.0733962176639992	0.019385994022175
71.0933156642746	0.0733005503560774	0.0193423563027721
71.1438436030657	0.0732048830481556	0.0192987185833692
71.1944434160803	0.0731092157402338	0.0192550808639663
71.2451152567852	0.073013548432312	0.0192114431445633
71.2958592790848	0.0729178811243902	0.0191678054251604
71.346675637322	0.0728222138164684	0.0191241677057575
71.3975644862803	0.0727265465085466	0.0190805299863546
71.4485259811847	0.0726308792006248	0.0190368922669516
71.4995602777043	0.072535211892703	0.0189932545475487
71.5506675319527	0.0724395445847812	0.0189496168281458
71.6018479004906	0.0723438772768594	0.0189059791087429
71.6531015403267	0.0722482099689376	0.0188623413893399
71.7044286089198	0.0721525426610158	0.018818703669937
71.7558292641799	0.072056875353094	0.0187750659505341
71.8073036644703	0.0719612080451722	0.0187314282311312
71.8588519686092	0.0718655407372504	0.0186877905117282
71.9104743358708	0.0717698734293286	0.0186441527923253
71.9621709259876	0.0716742061214068	0.0186005150729224
72.0139418991517	0.071578538813485	0.0185568773535195
72.0657874160163	0.0714828715055632	0.0185132396341165
72.1177076376979	0.0713872041976414	0.0184696019147136
72.1697027257775	0.0712915368897196	0.0184259641953107
72.2217728423023	0.0711958695817978	0.0183823264759078
72.2739181497877	0.071100202273876	0.0183386887565048
72.3261388112187	0.0710045349659542	0.0182950510371019
72.3784349900516	0.0709088676580324	0.018251413317699
72.430806850216	0.0708132003501106	0.0182077755982961
72.4832545561162	0.0707175330421888	0.0181641378788931
72.535778272633	0.070621865734267	0.0181205001594902
72.5883781651255	0.0705261984263452	0.0180768624400873
72.6410543994328	0.0704305311184234	0.0180332247206844
72.6938071418758	0.0703348638105016	0.0179895870012814
72.7466365592587	0.0702391965025798	0.0179459492818785
72.7995428188711	0.070143529194658	0.0179023115624756
72.8525260884896	0.0700478618867362	0.0178586738430727
72.9055865363795	0.0699521945788144	0.0178150361236697
72.9587243312968	0.0698565272708926	0.0177713984042668
73.0119396424897	0.0697608599629708	0.0177277606848639
73.0652326397007	0.069665192655049	0.0176841229654609
73.1186034931682	0.0695695253471272	0.017640485246058
73.1720523736282	0.0694738580392054	0.0175968475266551
73.2255794523166	0.0693781907312836	0.0175532098072522
73.2791849009705	0.0692825234233618	0.0175095720878492
73.3328688918304	0.06918685611544	0.0174659343684463
73.3866315976417	0.0690911888075182	0.0174222966490434
73.4404731916569	0.0689955214995964	0.0173786589296405
73.4943938476373	0.0688998541916746	0.0173350212102375
73.5483937398549	0.0688041868837528	0.0172913834908346
73.6024730430943	0.068708519575831	0.0172477457714317
73.6566319326543	0.0686128522679092	0.0172041080520288
73.7108705843503	0.0685171849599874	0.0171604703326258
73.7651891745159	0.0684215176520656	0.0171168326132229
73.8195878800048	0.0683258503441438	0.01707319489382
73.8740668781927	0.068230183036222	0.0170295571744171
73.9286263469796	0.0681345157283003	0.0169859194550141
73.983266464791	0.0680388484203784	0.0169422817356112
74.0379874105806	0.0679431811124566	0.0168986440162083
74.0927893638319	0.0678475138045349	0.0168550062968054
74.1476725045601	0.0677518464966131	0.0168113685774024
74.2026370133142	0.0676561791886912	0.0167677308579995
74.257683071179	0.0675605118807694	0.0167240931385966
74.3128108597769	0.0674648445728477	0.0166804554191937
74.3680205612703	0.0673691772649259	0.0166368176997907
74.4233123583631	0.067273509957004	0.0165931799803878
74.4786864343031	0.0671778426490823	0.0165495422609849
74.5341429728837	0.0670821753411605	0.016505904541582
74.5896821584464	0.0669865080332387	0.016462266822179
74.6453041758822	0.0668908407253169	0.0164186291027761
74.7010092106344	0.0667951734173951	0.0163749913833732
74.7567974487	0.0666995061094733	0.0163313536639703
74.8126690766321	0.0666038388015515	0.0162877159445673
74.868624281542	0.0665081714936297	0.0162440782251644
74.924663251101	0.0664125041857079	0.0162004405057615
74.980786173543	0.0663168368777861	0.0161568027863585
75.0369932376662	0.0662211695698643	0.0161131650669556
75.0932846328352	0.0661255022619425	0.0160695273475527
75.1496605489833	0.0660298349540207	0.0160258896281498
75.2061211766148	0.0659341676460989	0.0159822519087468
75.2626667068068	0.0658385003381771	0.0159386141893439
75.3192973312113	0.0657428330302553	0.015894976469941
75.376013242058	0.0656471657223335	0.0158513387505381
75.4328146321557	0.0655514984144117	0.0158077010311351
75.4897016948948	0.0654558311064899	0.0157640633117322
75.5466746242497	0.0653601637985681	0.0157204255923293
75.6037336147808	0.0652644964906463	0.0156767878729264
75.6608788616367	0.0651688291827245	0.0156331501535234
75.7181105605563	0.0650731618748027	0.0155895124341205
75.7754289078715	0.0649774945668809	0.0155458747147176
75.8328341005088	0.0648818272589591	0.0155022369953147
75.8903263359923	0.0647861599510373	0.0154585992759117
75.9479058124451	0.0646904926431155	0.0154149615565088
76.0055727285925	0.0645948253351937	0.0153713238371059
76.0633272837634	0.0644991580272719	0.015327686117703
76.1211696778933	0.0644034907193501	0.0152840483983
76.1791001115262	0.0643078234114283	0.0152404106788971
76.2371187858171	0.0642121561035065	0.0151967729594942
76.2952259025344	0.0641164887955847	0.0151531352400913
76.3534216640618	0.0640208214876629	0.0151094975206883
76.4117062734011	0.0639251541797411	0.0150658598012854
76.4700799341746	0.0638294868718193	0.0150222220818825
76.528542850627	0.0637338195638975	0.0149785843624796
76.5870952276283	0.0636381522559757	0.0149349466430766
76.645737270676	0.0635424849480539	0.0148913089236737
76.7044691858971	0.0634468176401321	0.0148476712042708
76.7632911800514	0.0633511503322103	0.0148040334848678
76.822203460533	0.0632554830242885	0.0147603957654649
76.8812062353734	0.0631598157163667	0.014716758046062
76.9402997132435	0.0630641484084449	0.0146731203266591
76.9994841034565	0.0629684811005231	0.0146294826072562
77.05875961597	0.0628728137926013	0.0145858448878532
77.1181264613885	0.0627771464846795	0.0145422071684503
77.1775848509662	0.0626814791767577	0.0144985694490474
77.2371349966093	0.0625858118688359	0.0144549317296445
77.2967771108784	0.0624901445609141	0.0144112940102415
77.3565114069912	0.0623944772529923	0.0143676562908386
77.4163380988251	0.0622988099450705	0.0143240185714357
77.4762574009195	0.0622031426371487	0.0142803808520327
77.5362695284787	0.0621074753292269	0.0142367431326298
77.5963746973741	0.0620118080213051	0.0141931054132269
77.6565731241472	0.0619161407133833	0.014149467693824
77.7168650260118	0.0618204734054615	0.014105829974421
77.7772506208569	0.0617248060975398	0.0140621922550181
77.8377301272491	0.0616291387896179	0.0140185545356152
77.8983037644355	0.0615334714816961	0.0139749168162123
77.9589717523462	0.0614378041737743	0.0139312790968093
78.0197343115968	0.0613421368658526	0.0138876413774064
78.0805916634914	0.0612464695579307	0.0138440036580035
78.1415440300251	0.0611508022500089	0.0138003659386006
78.2025916338867	0.0610551349420872	0.0137567282191976
78.2637346984616	0.0609594676341654	0.0137130904997947
78.324973447834	0.0608638003262435	0.0136694527803918
78.3863081067904	0.0607681330183217	0.0136258150609889
78.4477389008217	0.0606724657104	0.0135821773415859
78.5092660561263	0.0605767984024782	0.013538539622183
78.5708897996128	0.0604811310945563	0.0134949019027801
78.6326103589028	0.0603854637866346	0.0134512641833772
78.6944279623337	0.0602897964787128	0.0134076264639742
78.7563428389614	0.060194129170791	0.0133639887445713
78.8183552185633	0.0600984618628691	0.0133203510251684
78.8804653316411	0.0600027945549474	0.0132767133057655
78.9426734094236	0.0599071272470256	0.0132330755863625
79.0049796838695	0.0598114599391038	0.0131894378669596
79.0673843876706	0.059715792631182	0.0131458001475567
79.1298877542542	0.0596201253232602	0.0131021624281538
79.1924900177866	0.0595244580153384	0.0130585247087508
79.2551914131756	0.0594287907074166	0.0130148869893479
79.3179921760732	0.0593331233994948	0.012971249269945
79.3808925428796	0.059237456091573	0.012927611550542
79.4438927507448	0.0591417887836512	0.0128839738311391
79.5069930375726	0.0590461214757294	0.0128403361117362
79.5701936420233	0.0589504541678076	0.0127966983923333
79.6334948035163	0.0588547868598858	0.0127530606729304
79.6968967622339	0.058759119551964	0.0127094229535274
79.7603997591236	0.0586634522440422	0.0126657852341245
79.8240040359016	0.0585677849361204	0.0126221475147216
79.8877098350559	0.0584721176281986	0.0125785097953186
79.9515173998487	0.0583764503202768	0.0125348720759157
80.0154269743206	0.0582786156732623	0.0124937291906729
80.0794388032929	0.0581721587712493	0.0124625114234609
80.1435531323707	0.0580657018692362	0.012431293656249
80.2077702079467	0.0579592449672231	0.012400075889037
80.2720902772036	0.0578527880652101	0.0123688581218251
80.3365135881179	0.057746331163197	0.0123376403546132
80.4010403894626	0.0576398742611839	0.0123064225874012
80.4656709308108	0.0575334173591708	0.0122752048201893
80.5304054625385	0.0574269604571578	0.0122439870529773
80.5952442358281	0.0573205035551447	0.0122127692857654
80.6601875026719	0.0572140466531316	0.0121815515185535
80.7252355158746	0.0571075897511185	0.0121503337513415
80.7903885290575	0.0570011328491055	0.0121191159841296
80.855646796661	0.0568946759470924	0.0120878982169176
80.9210105739485	0.0567882190450793	0.0120566804497057
80.9864801170093	0.0566817621430662	0.0120254626824937
81.0520556827622	0.0565753052410532	0.0119942449152818
81.117737528959	0.0564688483390401	0.0119630271480699
81.1835259141874	0.056362391437027	0.0119318093808579
81.2494210978747	0.056255934535014	0.011900591613646
81.3154233402912	0.0561494776330009	0.011869373846434
81.3815329025537	0.0560430207309878	0.0118381560792221
81.4477500466288	0.0559365638289747	0.0118069383120101
81.5140750353363	0.0558301069269617	0.0117757205447982
81.580508132353	0.0557236500249486	0.0117445027775863
81.6470496022156	0.0556171931229355	0.0117132850103743
81.7136997103249	0.0555107362209224	0.0116820672431624
81.7804587229491	0.0554042793189093	0.0116508494759504
81.8473269072269	0.0552978224168963	0.0116196317087385
81.9143045311717	0.0551913655148832	0.0115884139415266
81.9813918636748	0.0550849086128701	0.0115571961743146
82.0485891745091	0.0549784517108571	0.0115259784071027
82.1158967343329	0.054871994808844	0.0114947606398907
82.1833148146931	0.0547655379068309	0.0114635428726788
82.2508436880291	0.0546590810048178	0.0114323251054669
82.3184836276768	0.0545526241028048	0.0114011073382549
82.3862349078716	0.0544461672007917	0.011369889571043
82.4540978037526	0.0543397102987786	0.011338671803831
82.5220725913664	0.0542332533967655	0.0113074540366191
82.5901595476702	0.0541267964947525	0.0112762362694071
82.6583589505364	0.0540203395927394	0.0112450185021952
82.7266710787558	0.0539138826907263	0.0112138007349833
82.7950962120416	0.0538074257887132	0.0111825829677713
82.8636346310331	0.0537009688867002	0.0111513652005594
82.9322866172999	0.0535945119846871	0.0111201474333474
83.0010524533451	0.053488055082674	0.0110889296661355
83.06993242261	0.053381598180661	0.0110577118989235
83.1389268094772	0.0532751412786479	0.0110264941317116
83.208035899275	0.0531686843766348	0.0109952763644997
83.2772599782813	0.0530622274746217	0.0109640585972877
83.3465993337273	0.0529557705726087	0.0109328408300758
83.4160542538017	0.0528493136705956	0.0109016230628638
83.4856250276546	0.0527428567685825	0.0108704052956519
83.5553119454016	0.0526363998665694	0.01083918752844
83.6251152981277	0.0525299429645564	0.010807969761228
83.6950353778915	0.0524234860625433	0.0107767519940161
83.765072477729	0.0523170291605302	0.0107455342268041
83.8352268916581	0.0522105722585171	0.0107143164595922
83.9054989146824	0.0521041153565041	0.0106830986923802
83.9758888427955	0.051997658454491	0.0106518809251683
84.046396972985	0.0518912015524779	0.0106206631579564
84.1170236032368	0.0517847446504648	0.0105894453907444
84.1877690325394	0.0516782877484518	0.0105582276235325
84.2586335608878	0.0515718308464387	0.0105270098563205
84.329617489288	0.0514653739444256	0.0104957920891086
84.4007211197612	0.0513589170424125	0.0104645743218967
84.4719447553481	0.0512524601403995	0.0104333565546847
84.5432887001131	0.0511460032383864	0.0104021387874728
84.6147532591488	0.0510395463363733	0.0103709210202608
84.6863387385801	0.0509330894343602	0.0103397032530489
84.7580454455688	0.0508266325323472	0.0103084854858369
84.8298736883181	0.0507201756303341	0.010277267718625
84.9018237760765	0.050613718728321	0.0102460499514131
84.9738960191429	0.050507261826308	0.0102148321842011
85.0460907288705	0.0504008049242949	0.0101836144169892
85.1184082176716	0.0502943480222818	0.0101523966497772
85.190848799022	0.0501878911202687	0.0101211788825653
85.2634127874656	0.0500814342182557	0.0100899611153533
85.3361004986188	0.0499749773162426	0.0100587433481414
85.4089122491754	0.0498685204142295	0.0100275255809295
85.4818483569106	0.0497620635122164	0.00999630781371753
85.5549091406865	0.0496556066102034	0.00996509004650558
85.6280949204558	0.0495491497081903	0.00993387227929364
85.7014060172671	0.0494426928061772	0.0099026545120817
85.7748427532695	0.0493362359041641	0.00987143674486976
85.8484054517171	0.0492297790021511	0.00984021897765782
85.922094436974	0.049123322100138	0.00980900121044587
85.9959100345188	0.0490168651981249	0.00977778344323393
86.0698525709495	0.0489104082961119	0.00974656567602199
86.1439223739887	0.0488039513940988	0.00971534790881005
86.2181197724876	0.0486974944920857	0.00968413014159811
86.2924450964318	0.0485910375900726	0.00965291237438616
86.3668986769455	0.0484845806880596	0.00962169460717422
86.4414808462967	0.0483781237860465	0.00959047683996228
86.5161919379021	0.0482716668840334	0.00955925907275034
86.5910322863323	0.0481652099820203	0.0095280413055384
86.6660022273163	0.0480587530800073	0.00949682353832645
86.7411020977468	0.0479522961779942	0.00946560577111451
86.8163322356855	0.0478458392759811	0.00943438800390257
86.8916929803677	0.047739382373968	0.00940317023669063
86.9671846722076	0.047632925471955	0.00937195246947869
87.0428076528036	0.0475264685699419	0.00934073470226674
87.1185622649432	0.0474200116679288	0.0093095169350548
87.1944488526083	0.0473135547659157	0.00927829916784286
87.2704677609802	0.0472070978639027	0.00924708140063092
87.3466193364452	0.0471006409618896	0.00921586363341898
87.4229039265997	0.0469941840598765	0.00918464586620703
87.4993218802554	0.0468877271578634	0.0091534280989951
87.5758735474447	0.0467812702558504	0.00912221033178315
87.6525592794258	0.0466748133538373	0.00909099256457121
87.7293794286887	0.0465683564518242	0.00905977479735927
87.8063343489599	0.0464618995498111	0.00902855703014733
87.8834243952083	0.0463554426477981	0.00899733926293539
87.9606499236502	0.046248985745785	0.00896612149572344
88.0380112917553	0.0461425288437719	0.0089349037285115
88.1155088582521	0.0460360719417589	0.00890368596129956
88.1931429831331	0.0459296150397458	0.00887246819408762
88.2709140276606	0.0458231581377327	0.00884125042687568
88.3488223543724	0.0457167012357196	0.00881003265966373
88.4268683270874	0.0456102443337066	0.00877881489245179
88.5050523109112	0.0455037874316935	0.00874759712523985
88.5833746722415	0.0453973305296804	0.00871637935802791
88.6618357787745	0.0452908736276673	0.00868516159081597
88.7404359995102	0.0451844167256543	0.00865394382360402
88.819175704758	0.0450779598236412	0.00862272605639208
88.898055266143	0.0449715029216281	0.00859150828918014
88.9770750566117	0.044865046019615	0.0085602905219682
89.0562354504375	0.044758589117602	0.00852907275475626
89.1355368232273	0.0446521322155889	0.00849785498754431
89.2149795519267	0.0445456753135758	0.00846663722033237
89.2945640148265	0.0444392184115627	0.00843541945312043
89.3742905915684	0.0443327615095497	0.00840420168590849
89.4541596631514	0.0442263046075366	0.00837298391869655
89.5341716119374	0.0441198477055235	0.0083417661514846
89.6143268216576	0.0440133908035105	0.00831054838427266
89.6946256774187	0.0439069339014974	0.00827933061706072
89.7750685657086	0.0438004769994843	0.00824811284984878
89.8556558744034	0.0436940200974712	0.00821689508263684
89.9363879927727	0.0435875631954582	0.0081856773154249
90.0172653114867	0.0434864361138132	0.0081560744517624
90.0982882226221	0.0434100101727988	0.00813395588530412
90.1794571196681	0.0433335842317844	0.00811183731884584
90.2607723975337	0.04325715829077	0.00808971875238757
90.3422344525532	0.0431807323497556	0.00806760018592929
90.423843682493	0.0431043064087413	0.00804548161947101
90.5056004865581	0.0430278804677269	0.00802336305301273
90.5875052653987	0.0429514545267125	0.00800124448655445
90.6695584211166	0.0428750285856982	0.00797912592009617
90.7517603572715	0.0427986026446838	0.0079570073536379
90.8341114788883	0.0427221767036694	0.00793488878717962
90.9166121924632	0.042645750762655	0.00791277022072134
90.9992629059705	0.0425693248216406	0.00789065165426306
91.0820640288694	0.0424928988806263	0.00786853308780478
91.1650159721108	0.0424164729396119	0.0078464145213465
91.2481191481441	0.0423400469985975	0.00782429595488823
91.3313739709237	0.0422636210575831	0.00780217738842995
91.4147808559166	0.0421871951165688	0.00778005882197167
91.4983402201084	0.0421107691755544	0.00775794025551339
91.582052482011	0.04203434323454	0.00773582168905511
91.6659180616692	0.0419579172935256	0.00771370312259684
91.7499373806677	0.0418814913525113	0.00769158455613855
91.8341108621386	0.0418050654114969	0.00766946598968028
91.9184389307679	0.0417286394704825	0.007647347423222
92.0029220128031	0.0416522135294681	0.00762522885676372
92.0875605360601	0.0415757875884538	0.00760311029030544
92.1723549299306	0.0414993616474394	0.00758099172384716
92.2573056253892	0.041422935706425	0.00755887315738889
92.342413055001	0.0413465097654106	0.00753675459093061
92.4276776529285	0.0412700838243963	0.00751463602447233
92.5130998549395	0.0411936578833819	0.00749251745801405
92.5986800984139	0.0411172319423675	0.00747039889155577
92.6844188223518	0.0410408060013531	0.0074482803250975
92.7703164673806	0.0409643800603387	0.00742616175863922
92.8563734757626	0.0408879541193244	0.00740404319218094
92.9425902914029	0.04081152817831	0.00738192462572266
93.0289673598565	0.0407351022372956	0.00735980605926438
93.1155051283364	0.0406586762962813	0.0073376874928061
93.2022040457213	0.0405822503552669	0.00731556892634782
93.2890645625629	0.0405058244142525	0.00729345035988955
93.3760871310944	0.0404293984732381	0.00727133179343127
93.4632722052379	0.0403529725322237	0.00724921322697299
93.5506202406122	0.0402765465912094	0.00722709466051471
93.6381316945412	0.040200120650195	0.00720497609405643
93.7258070260614	0.0401236947091806	0.00718285752759816
93.8136466959303	0.0400472687681662	0.00716073896113988
93.9016511666341	0.0399708428271519	0.0071386203946816
93.9898209023963	0.0398944168861375	0.00711650182822332
94.0781563691853	0.0398179909451231	0.00709438326176504
94.166658034723	0.0397415650041087	0.00707226469530676
94.2553263684931	0.0396651390630944	0.00705014612884848
94.344161841749	0.03958871312208	0.00702802756239021
94.4331649275225	0.0395122871810656	0.00700590899593193
94.5223361006323	0.0394358612400512	0.00698379042947365
94.6116758376918	0.0393594352990369	0.00696167186301537
94.7011846171184	0.0392830093580225	0.00693955329655709
94.7908629191415	0.0392065834170081	0.00691743473009882
94.8807112258114	0.0391301574759937	0.00689531616364054
94.9707300210075	0.0390537315349794	0.00687319759718226
95.0609197904477	0.038977305593965	0.00685107903072398
95.1512810216964	0.0389008796529506	0.0068289604642657
95.2418142041737	0.0388244537119362	0.00680684189780742
95.3325198291641	0.0387480277709219	0.00678472333134915
95.4233983898256	0.0386716018299075	0.00676260476489087
95.5144503811982	0.0385951758888931	0.00674048619843259
95.6056763002133	0.0385187499478787	0.00671836763197431
95.6970766457026	0.0384423240068644	0.00669624906551603
95.7886519184072	0.03836589806585	0.00667413049905775
95.8804026209867	0.0382894721248356	0.00665201193259948
95.9723292580283	0.0382130461838212	0.0066298933661412
96.0644323360565	0.0381366202428068	0.00660777479968292
96.1567123635416	0.0380601943017925	0.00658565623322464
96.2491698509101	0.0379837683607781	0.00656353766676636
96.341805310553	0.0379073424197637	0.00654141910030808
96.4346192568363	0.0378309164787494	0.00651930053384981
96.5276122061096	0.037754490537735	0.00649718196739153
96.6207846767165	0.0376780645967206	0.00647506340093325
96.7141371890036	0.0376016386557062	0.00645294483447497
96.8076702653305	0.0375252127146918	0.00643082626801669
96.9013844300794	0.0374487867736775	0.00640870770155842
96.995280209665	0.0373723608326631	0.00638658913510014
97.0893581325445	0.0372959348916487	0.00636447056864186
97.183618729227	0.0372195089506343	0.00634235200218358
97.2780625322842	0.03714308300962	0.0063202334357253
97.3726900763597	0.0370666570686056	0.00629811486926703
97.4675018981796	0.0369902311275912	0.00627599630280874
97.5624985365625	0.0369138051865768	0.00625387773635047
97.6576805324297	0.0368373792455625	0.00623175916989219
97.7530484288153	0.0367609533045481	0.00620964060343391
97.8486027708767	0.0366845273635337	0.00618752203697563
97.9443441059053	0.0366081014225193	0.00616540347051735
98.0402729833361	0.036531675481505	0.00614328490405908
98.1363899547591	0.0364552495404906	0.0061211663376008
98.2326955739294	0.0363788235994762	0.00609904777114252
98.329190396778	0.0363023976584618	0.00607692920468424
98.4258749814221	0.0362259717174475	0.00605481063822596
98.5227498881767	0.0361495457764331	0.00603269207176769
98.6198156795645	0.0360731198354187	0.00601057350530941
98.7170729203274	0.0359966938944043	0.00598845493885113
98.8145221774373	0.0359202679533899	0.00596633637239285
98.9121640201069	0.0358438420123756	0.00594421780593457
99.009999019801	0.0357674160713612	0.00592209923947629
99.1080277502478	0.0356909901303468	0.00589998067301801
99.2062507874496	0.0356145641893325	0.00587786210655974
99.3046687096947	0.0355381382483181	0.00585574354010146
99.4032820975683	0.0354617123073037	0.00583362497364318
99.502091533964	0.0353852863662893	0.0058115064071849
99.6010976040956	0.0353088604252749	0.00578938784072662
99.7003008955081	0.0352324344842606	0.00576726927426835
99.7997019980898	0.0351560085432462	0.00574515070781007
99.8993015040839	0.0350795826022318	0.00572303214135179
99.9991000080999	0.0350031566612174	0.00570091357489351
100.099098107126	0.0351357337272678	0.0053966286545452
100.199296400541	0.0350686986699743	0.0053931120613757
100.299695490125	0.0350016636126808	0.00538959546820621
100.400295980073	0.0349346285553873	0.00538607887503671
100.501098477006	0.0348675934980938	0.00538256228186721
100.602103589986	0.0348005584408003	0.00537904568869772
100.703311930523	0.0347335233835068	0.00537552909552822
100.804724112591	0.0346664883262132	0.00537201250235873
100.90634075264	0.0345994532689197	0.00536849590918923
101.008162469609	0.0345324182116262	0.00536497931601974
101.110189884937	0.0344653831543327	0.00536146272285024
101.212423622575	0.0343983480970392	0.00535794612968075
101.314864309002	0.0343313130397457	0.00535442953651125
101.417512573236	0.0342642779824522	0.00535091294334175
101.520369046846	0.0341972429251587	0.00534739635017226
101.623434363964	0.0341302078678652	0.00534387975700276
101.726709161304	0.0340631728105717	0.00534036316383327
101.830194078167	0.0339961377532781	0.00533684657066377
101.93388975646	0.0339291026959846	0.00533332997749428
102.037796840706	0.0338620676386911	0.00532981338432478
102.14191597806	0.0337950325813976	0.00532629679115528
102.246247818321	0.0337279975241041	0.00532278019798579
102.350793013944	0.0336609624668106	0.00531926360481629
102.455552220058	0.0335939274095171	0.0053157470116468
102.560526094475	0.0335268923522236	0.0053122304184773
102.665715297705	0.0334598572949301	0.00530871382530781
102.771120492973	0.0333928222376366	0.00530519723213831
102.876742346228	0.033325787180343	0.00530168063896881
102.982581526161	0.0332587521230495	0.00529816404579932
103.088638704217	0.033191717065756	0.00529464745262982
103.194914554611	0.0331246820084625	0.00529113085946033
103.301409754339	0.033057646951169	0.00528761426629083
103.408124983196	0.0329906118938755	0.00528409767312134
103.515060923789	0.032923576836582	0.00528058107995184
103.622218261551	0.0328565417792885	0.00527706448678235
103.729597684755	0.032789506721995	0.00527354789361285
103.837199884533	0.0327224716647014	0.00527003130044335
103.945025554885	0.0326554366074079	0.00526651470727386
104.053075392696	0.0325884015501144	0.00526299811410436
104.161350097755	0.0325213664928209	0.00525948152093487
104.269850372765	0.0324543314355274	0.00525596492776537
104.378576923358	0.0323872963782339	0.00525244833459588
104.487530458115	0.0323202613209404	0.00524893174142638
104.596711688578	0.0322532262636469	0.00524541514825688
104.706121329265	0.0321861912063534	0.00524189855508739
104.815760097688	0.0321191561490599	0.00523838196191789
104.925628714367	0.0320521210917663	0.0052348653687484
105.035727902846	0.0319850860344728	0.0052313487755789
105.146058389709	0.0319180509771793	0.00522783218240941
105.256620904596	0.0318510159198858	0.00522431558923991
105.36741618022	0.0317839808625923	0.00522079899607042
105.478444952382	0.0317169458052988	0.00521728240290092
105.589707959986	0.0316499107480053	0.00521376580973142
105.701205945059	0.0315828756907118	0.00521024921656193
105.812939652764	0.0315158406334183	0.00520673262339243
105.924909831421	0.0314488055761248	0.00520321603022294
106.037117232516	0.0313817705188312	0.00519969943705344
106.149562610727	0.0313147354615377	0.00519618284388395
106.262246723935	0.0312477004042442	0.00519266625071445
106.375170333241	0.0311806653469507	0.00518914965754495
106.488334202988	0.0311136302896572	0.00518563306437546
106.601739100772	0.0310465952323637	0.00518211647120596
106.715385797463	0.0309795601750702	0.00517859987803647
106.829275067222	0.0309125251177767	0.00517508328486697
106.94340768752	0.0308454900604832	0.00517156669169748
107.057784439151	0.0307784550031897	0.00516805009852798
107.172406106255	0.0307114199458961	0.00516453350535849
107.287273476333	0.0306443848886026	0.00516101691218899
107.402387340266	0.0305773498313091	0.00515750031901949
107.517748492332	0.0305103147740156	0.00515398372585
107.633357730228	0.0304432797167221	0.0051504671326805
107.749215855082	0.0303762446594286	0.00514695053951101
107.865323671477	0.0303092096021351	0.00514343394634151
107.981681987468	0.0302421745448416	0.00513991735317202
108.098291614599	0.0301751394875481	0.00513640076000252
108.215153367926	0.0301081044302546	0.00513288416683303
108.332268066031	0.030041069372961	0.00512936757366353
108.449636531043	0.0299740343156675	0.00512585098049403
108.56725958866	0.029906999258374	0.00512233438732454
108.685138068165	0.0298399642010805	0.00511881779415504
108.803272802446	0.029772929143787	0.00511530120098555
108.921664628016	0.0297058940864935	0.00511178460781605
109.040314385034	0.0296388590292	0.00510826801464656
109.159222917324	0.0295718239719065	0.00510475142147706
109.278391072393	0.029504788914613	0.00510123482830756
109.397819701453	0.0294377538573194	0.00509771823513807
109.517509659444	0.0293707188000259	0.00509420164196857
109.637461805049	0.0293036837427324	0.00509068504879908
109.757677000718	0.0292366486854389	0.00508716845562958
109.878156112687	0.0291696136281454	0.00508365186246009
109.998900011	0.0291025785708519	0.00508013526929059
110.11990956953	0.0290464271419508	0.00506681283494174
110.241185666	0.0289907111107651	0.00505309811957295
110.362729182002	0.0289349950795794	0.00503938340420415
110.484541003023	0.0288792790483937	0.00502566868883536
110.60662201846	0.0288235630172079	0.00501195397346657
110.728973121649	0.0287678469860222	0.00499823925809778
110.851595209881	0.0287121309548365	0.00498452454272898
110.974489184426	0.0286564149236508	0.00497080982736019
111.097655950557	0.0286006988924651	0.0049570951119914
111.221096417569	0.0285449828612793	0.0049433803966226
111.344811498801	0.0284892668300936	0.00492966568125381
111.468802111665	0.0284335507989079	0.00491595096588502
111.59306917766	0.0283778347677222	0.00490223625051623
111.717613622399	0.0283221187365365	0.00488852153514743
111.842436375634	0.0282664027053507	0.00487480681977864
111.967538371275	0.028210686674165	0.00486109210440985
112.092920547417	0.0281549706429793	0.00484737738904106
112.218583846359	0.0280992546117936	0.00483366267367226
112.344529214633	0.0280435385806079	0.00481994795830347
112.470757603023	0.0279878225494221	0.00480623324293468
112.597269966592	0.0279321065182364	0.00479251852756588
112.724067264705	0.0278763904870507	0.00477880381219709
112.851150461053	0.027820674455865	0.0047650890968283
112.978520523678	0.0277649584246793	0.00475137438145951
113.106178424996	0.0277092423934935	0.00473765966609071
113.234125141826	0.0276535263623078	0.00472394495072192
113.362361655408	0.0275978103311221	0.00471023023535313
113.490888951435	0.0275420942999364	0.00469651551998433
113.619708020074	0.0274863782687506	0.00468280080461554
113.748819855994	0.0274306622375649	0.00466908608924675
113.878225458388	0.0273749462063792	0.00465537137387796
114.007925831004	0.0273192301751935	0.00464165665850916
114.137921982165	0.0272635141440078	0.00462794194314037
114.2682149248	0.027207798112822	0.00461422722777158
114.398805676469	0.0271520820816363	0.00460051251240278
114.529695259387	0.0270963660504506	0.00458679779703399
114.660884700454	0.0270406500192649	0.0045730830816652
114.792375031281	0.0269849339880792	0.00455936836629641
114.924167288215	0.0269292179568934	0.00454565365092761
115.056262512369	0.0268735019257077	0.00453193893555882
115.188661749647	0.026817785894522	0.00451822422019003
115.321366050774	0.0267620698633363	0.00450450950482123
115.454376471322	0.0267063538321506	0.00449079478945244
115.587694071738	0.0266506378009648	0.00447708007408365
115.721319917375	0.0265949217697791	0.00446336535871486
115.855255078515	0.0265392057385934	0.00444965064334607
115.989500630403	0.0264834897074077	0.00443593592797727
116.124057653272	0.0264277736762219	0.00442222121260848
116.258927232375	0.0263720576450362	0.00440850649723969
116.394110458011	0.0263163416138505	0.00439479178187089
116.529608425557	0.0262606255826648	0.0043810770665021
116.665422235496	0.0262049095514791	0.00436736235113331
116.801552993449	0.0261491935202933	0.00435364763576451
116.9380018102	0.0260934774891076	0.00433993292039572
117.074769801734	0.0260377614579219	0.00432621820502693
117.211858089259	0.0259820454267362	0.00431250348965814
117.349267799244	0.0259263293955505	0.00429878877428934
117.487000063443	0.0258706133643647	0.00428507405892055
117.625056018933	0.025814897333179	0.00427135934355176
117.76343680814	0.0257591813019933	0.00425764462818297
117.902143578872	0.0257034652708076	0.00424392991281417
118.041177484354	0.0256477492396219	0.00423021519744538
118.180539683253	0.0255920332084361	0.00421650048207659
118.320231339716	0.0255363171772504	0.00420278576670779
118.460253623403	0.0254806011460647	0.004189071051339
118.600607709514	0.025424885114879	0.00417535633597021
118.741294778827	0.0253691690836933	0.00416164162060141
118.882316017728	0.0253134530525075	0.00414792690523262
119.023672618247	0.0252577370213218	0.00413421218986383
119.16536577809	0.0252020209901361	0.00412049747449504
119.307396700673	0.0251463049589504	0.00410678275912625
119.449766595156	0.0250905889277646	0.00409306804375745
119.592476676477	0.0250348728965789	0.00407935332838866
119.735528165388	0.0249791568653932	0.00406563861301987
119.878922288489	0.0249234408342075	0.00405192389765107
120.022660278261	0.0248677248030218	0.00403820918228228
120.166743373105	0.024812008771836	0.00402449446691349
120.311172817375	0.0247562927406503	0.0040107797515447
120.455949861415	0.0247005767094646	0.0039970650361759
120.601075761596	0.0246448606782789	0.00398335032080711
120.746551780348	0.0245891446470932	0.00396963560543832
120.892379186201	0.0245334286159074	0.00395592089006952
121.038559253822	0.0244777125847217	0.00394220617470073
121.185093264048	0.024421996553536	0.00392849145933194
121.331982503928	0.0243662805223503	0.00391477674396315
121.479228266759	0.0243105644911645	0.00390106202859435
121.626831852121	0.0242548484599788	0.00388734731322556
121.774794565922	0.0241991324287931	0.00387363259785677
121.923117720428	0.0241434163976074	0.00385991788248797
122.07180263431	0.0240877003664217	0.00384620316711918
122.220850632676	0.0240319843352359	0.00383248845175039
122.370263047117	0.0239762683040502	0.0038187737363816
122.520041215742	0.0239205522728645	0.0038050590210128
122.670186483218	0.0238648362416788	0.00379134430564401
122.820700200812	0.0238091202104931	0.00377762959027522
122.971583726433	0.0237534041793073	0.00376391487490642
123.122838424668	0.0236976881481216	0.00375020015953763
123.274465666829	0.0236419721169359	0.00373648544416884
123.426466830988	0.0235862560857502	0.00372277072880005
123.578843302027	0.0235305400545645	0.00370905601343125
123.73159647167	0.0234748240233787	0.00369534129806246
123.884727738534	0.023419107992193	0.00368162658269367
124.038238508167	0.0233633919610073	0.00366791186732488
124.192130193094	0.0233076759298216	0.00365419715195608
124.346404212856	0.0232519598986359	0.00364048243658729
124.501061994059	0.0231962438674501	0.0036267677212185
124.656104970413	0.0231405278362644	0.0036130530058497
124.81153458278	0.0230848118050787	0.00359933829048091
124.967352279217	0.023029095773893	0.00358562357511212
125.123559515021	0.0229733797427073	0.00357190885974333
125.280157752775	0.0229176637115215	0.00355819414437453
125.437148462391	0.0228619476803358	0.00354447942900574
125.594533121162	0.0228062316491501	0.00353076471363695
125.752313213802	0.0227505156179644	0.00351704999826815
125.910490232494	0.0226947995867786	0.00350333528289936
126.06906567694	0.0226390835555929	0.00348962056753057
126.228041054408	0.0225833675244072	0.00347590585216178
126.387417879775	0.0225276514932215	0.00346219113679298
126.547197675581	0.0224719354620358	0.00344847642142419
126.707381972074	0.02241621943085	0.0034347617060554
126.867972307259	0.0223605033996643	0.0034210469906866
127.02897022695	0.0223047873684786	0.00340733227531781
127.190377284816	0.0222490713372929	0.00339361755994902
127.352195042434	0.0221933553061072	0.00337990284458023
127.514425069336	0.0221376392749214	0.00336618812921143
127.677068943064	0.0220819232437357	0.00335247341384264
127.840128249217	0.02202620721255	0.00333875869847385
128.003604581505	0.0219704911813643	0.00332504398310505
128.167499541801	0.0219147751501786	0.00331132926773626
128.331814740192	0.0218590591189928	0.00329761455236747
128.496551795033	0.0218033430878071	0.00328389983699868
128.661712332997	0.0217476270566214	0.00327018512162988
128.827297989135	0.0216919110254357	0.00325647040626109
128.993310406922	0.02163619499425	0.0032427556908923
129.159751238319	0.0215804789630642	0.00322904097552351
129.326622143822	0.0215247629318785	0.00321532626015471
129.493924792518	0.0214690469006928	0.00320161154478592
129.661660862146	0.0214133308695071	0.00318789682941713
129.829832039146	0.0213576148383213	0.00317418211404833
129.99844001872	0.0213018988071356	0.00316046739867954
130.167486504886	0.0212491935353366	0.00315030913729569
130.336973210539	0.0211965944907076	0.0031402763565609
130.506901857505	0.0211439954460786	0.00313024357582611
130.677274176603	0.0210913964014496	0.00312021079509131
130.8480919077	0.0210387973568206	0.00311017801435652
131.019356799774	0.0209861983121916	0.00310014523362172
131.19107061097	0.0209335992675625	0.00309011245288693
131.363235108664	0.0208810002229335	0.00308007967215214
131.535852069519	0.0208284011783045	0.00307004689141734
131.708923279552	0.0207758021336755	0.00306001411068255
131.88245053419	0.0207232030890465	0.00304998132994776
132.056435638334	0.0206706040444175	0.00303994854921296
132.230880406425	0.0206180049997884	0.00302991576847817
132.4057866625	0.0205654059551594	0.00301988298774338
132.581156240264	0.0205128069105304	0.00300985020700858
132.756990983145	0.0204602078659014	0.00299981742627379
132.933292744368	0.0204076088212724	0.002989784645539
133.110063387012	0.0203550097766434	0.0029797518648042
133.287304784081	0.0203024107320144	0.00296971908406941
133.465018818568	0.0202498116873853	0.00295968630333461
133.64320738352	0.0201972126427563	0.00294965352259982
133.82187238211	0.0201446135981273	0.00293962074186503
134.001015727699	0.0200920145534983	0.00292958796113023
134.18063934391	0.0200394155088693	0.00291955518039544
134.360745164693	0.0199868164642403	0.00290952239966065
134.541335134393	0.0199342174196113	0.00289948961892585
134.722411207827	0.0198816183749822	0.00288945683819106
134.903975350346	0.0198290193303532	0.00287942405745627
135.086029537911	0.0197764202857242	0.00286939127672147
135.268575757166	0.0197238212410952	0.00285935849598668
135.451616005505	0.0196712221964662	0.00284932571525189
135.635152291149	0.0196186231518372	0.00283929293451709
135.819186633219	0.0195660241072082	0.0028292601537823
136.003721061808	0.0195134250625792	0.0028192273730475
136.188757618059	0.0194608260179501	0.00280919459231271
136.374298354235	0.0194082269733211	0.00279916181157792
136.560345333801	0.0193556279286921	0.00278912903084312
136.746900631497	0.0193030288840631	0.00277909625010833
136.933966333415	0.0192504298394341	0.00276906346937354
137.121544537078	0.0191978307948051	0.00275903068863874
137.309637351517	0.019145231750176	0.00274899790790395
137.498246897352	0.019092632705547	0.00273896512716916
137.687375306871	0.019040033660918	0.00272893234643436
137.877024724108	0.018987434616289	0.00271889956569957
138.067197304928	0.01893483557166	0.00270886678496477
138.257895217106	0.018882236527031	0.00269883400422998
138.44912064041	0.018829637482402	0.00268880122349519
138.640875766684	0.0187770384377729	0.00267876844276039
138.833162799932	0.0187244393931439	0.0026687356620256
139.025983956401	0.0186718403485149	0.00265870288129081
139.219341464671	0.0186192413038859	0.00264867010055601
139.413237565733	0.0185666422592569	0.00263863731982122
139.607674513083	0.0185140432146279	0.00262860453908643
139.802654572805	0.0184614441699989	0.00261857175835163
139.99818002366	0.0184088451253698	0.00260853897761684
140.194253157175	0.0183562460807408	0.00259850619688205
140.390876277732	0.0183036470361118	0.00258847341614725
140.588051702662	0.0182510479914828	0.00257844063541246
140.785781762328	0.0181984489468538	0.00256840785467766
140.984068800226	0.0181458499022248	0.00255837507394287
141.182915173069	0.0180932508575958	0.00254834229320808
141.382323250889	0.0180406518129667	0.00253830951247328
141.582295417123	0.0179880527683377	0.00252827673173849
141.782834068714	0.0179354537237087	0.0025182439510037
141.983941616203	0.0178828546790797	0.0025082111702689
142.185620483829	0.0178302556344507	0.00249817838953411
142.387873109623	0.0177776565898217	0.00248814560879932
142.590701945508	0.0177250575451927	0.00247811282806452
142.794109457397	0.0176724585005636	0.00246808004732973
142.998098125295	0.0176198594559346	0.00245804726659494
143.202670443398	0.0175672604113056	0.00244801448586014
143.407828920196	0.0175146613666766	0.00243798170512535
143.613576078574	0.0174620623220476	0.00242794892439056
143.819914455915	0.0174094632774186	0.00241791614365576
144.026846604207	0.0173568642327896	0.00240788336292097
144.234375090146	0.0173042651881605	0.00239785058218618
144.442502495244	0.0172516661435315	0.00238781780145138
144.651231415933	0.0171990670989025	0.00237778502071659
144.860564463676	0.0171464680542735	0.00236775223998179
145.070504265073	0.0170938690096445	0.002357719459247
145.281053461975	0.0170412699650155	0.00234768667851221
145.492214711591	0.0169886709203865	0.00233765389777741
145.703990686601	0.0169360718757574	0.00232762111704262
145.91638407527	0.0168834728311284	0.00231758833630783
146.129397581558	0.0168308737864994	0.00230755555557303
146.343033925242	0.0167782747418704	0.00229752277483824
146.557295842023	0.0167256756972414	0.00228748999410344
146.772186083648	0.0166730766526124	0.00227745721336865
146.987707418029	0.0166204776079833	0.00226742443263386
147.203862629355	0.0165678785633543	0.00225739165189906
147.420654518222	0.0165152795187253	0.00224735887116427
147.638085901744	0.0164626804740963	0.00223732609042948
147.856159613681	0.0164100814294673	0.00222729330969468
148.074878504562	0.0163574823848383	0.00221726052895989
148.294245441806	0.0163048833402093	0.0022072277482251
148.514263309848	0.0162522842955802	0.0021971949674903
148.73493501027	0.0161996852509512	0.00218716218675551
148.956263461922	0.0161470862063222	0.00217712940602072
149.178251601056	0.0160944871616932	0.00216709662528592
149.40090238145	0.0160418881170642	0.00215706384455113
149.624218774548	0.0159892890724352	0.00214703106381633
149.848203769581	0.0159366900278062	0.00213699828308154
150.072860373711	0.0158861305992922	0.00212834337713768
150.298191612159	0.0158402750172076	0.0021228661826109
150.52420052834	0.015794419435123	0.00211738898808413
150.750890184007	0.0157485638530383	0.00211191179355735
150.978263659381	0.0157027082709537	0.00210643459903058
151.206324053297	0.0156568526888691	0.0021009574045038
151.435074483341	0.0156109971067844	0.00209548020997702
151.664518085994	0.0155651415246998	0.00209000301545025
151.894658016772	0.0155192859426151	0.00208452582092347
152.125497450377	0.0154734303605305	0.0020790486263967
152.357039580835	0.0154275747784459	0.00207357143186992
152.589287621652	0.0153817191963612	0.00206809423734315
152.822244805954	0.0153358636142766	0.00206261704281637
153.055914386644	0.015290008032192	0.00205713984828959
153.290299636549	0.0152441524501073	0.00205166265376282
153.525403848575	0.0151982968680227	0.00204618545923604
153.761230335861	0.0151524412859381	0.00204070826470927
153.997782431933	0.0151065857038534	0.00203523107018249
154.235063490864	0.0150607301217688	0.00202975387565572
154.473076887429	0.0150148745396842	0.00202427668112894
154.711826017269	0.0149690189575995	0.00201879948660216
154.951314297048	0.0149231633755149	0.00201332229207539
155.191545164619	0.0148773077934303	0.00200784509754861
155.43252207919	0.0148314522113456	0.00200236790302184
155.674248521484	0.014785596629261	0.00199689070849506
155.916727993913	0.0147397410471764	0.00199141351396829
156.159964020744	0.0146938854650917	0.00198593631944151
156.403960148271	0.0146480298830071	0.00198045912491473
156.648719944985	0.0146021743009224	0.00197498193038796
156.894247001751	0.0145563187188378	0.00196950473586118
157.140544931982	0.0145104631367532	0.00196402754133441
157.387617371816	0.0144646075546685	0.00195855034680763
157.635467980296	0.0144187519725839	0.00195307315228085
157.884100439549	0.0143728963904993	0.00194759595775408
158.133518454972	0.0143270408084146	0.0019421187632273
158.383725755411	0.01428118522633	0.00193664156870053
158.63472609335	0.0142353296442454	0.00193116437417375
158.886523245098	0.0141894740621607	0.00192568717964698
159.139121010979	0.0141436184800761	0.0019202099851202
159.392523215521	0.0140977628979915	0.00191473279059342
159.646733707652	0.0140519073159068	0.00190925559606665
159.901756360892	0.0140060517338222	0.00190377840153987
160.157595073552	0.0139601961517376	0.0018983012070131
160.414253768933	0.0139143405696529	0.00189282401248632
160.671736395522	0.0138684849875683	0.00188734681795955
160.930046927202	0.0138226294054836	0.00188186962343277
161.189189363448	0.013776773823399	0.00187639242890599
161.44916772954	0.0137309182413144	0.00187091523437922
161.70998607677	0.0136850626592297	0.00186543803985244
161.97164848265	0.0136392070771451	0.00185996084532567
162.234159051125	0.0135933514950605	0.00185448365079889
162.497521912791	0.0135474959129758	0.00184900645627211
162.761741225108	0.0135016403308912	0.00184352926174534
163.026821172619	0.0134557847488066	0.00183805206721856
163.292765967175	0.0134099291667219	0.00183257487269179
163.559579848151	0.0133640735846373	0.00182709767816501
163.827267082679	0.0133182180025527	0.00182162048363824
164.095831965868	0.013272362420468	0.00181614328911146
164.365278821041	0.0132265068383834	0.00181066609458468
164.635611999961	0.0131806512562988	0.00180518890005791
164.906835883068	0.0131347956742141	0.00179971170553113
165.178954879717	0.0130889400921295	0.00179423451100436
165.451973428413	0.0130430845100449	0.00178875731647758
165.725895997057	0.0129972289279602	0.00178328012195081
166.000727083185	0.0129513733458756	0.00177780292742403
166.276471214217	0.0129055177637909	0.00177232573289725
166.553132947707	0.0128596621817063	0.00176684853837048
166.83071687159	0.0128138065996217	0.0017613713438437
167.109227604439	0.012767951017537	0.00175589414931693
167.388669795719	0.0127220954354524	0.00175041695479015
167.669048126047	0.0126762398533678	0.00174493976026338
167.950367307453	0.0126303842712831	0.0017394625657366
168.232632083645	0.0125845286891985	0.00173398537120982
168.515847230274	0.0125386731071139	0.00172850817668305
168.800017555202	0.0124928175250292	0.00172303098215627
169.085147898779	0.0124469619429446	0.0017175537876295
169.371243134113	0.01240110636086	0.00171207659310272
169.658308167351	0.0123552507787753	0.00170659939857594
169.946347937956	0.0123093951966907	0.00170112220404917
170.235367418994	0.0120587557535048	0.00160705034083221
170.525371617416	0.0117553471299237	0.00149014919786134
170.816365574353	0.0114519385063426	0.00137324805489046
171.108354365402	0.0111485298827614	0.00125634691191959
171.401343100925	0.0108451212591803	0.00113944576894871
171.695336926344	0.0105417126355992	0.00102254462597785
171.990341022448	0.0103060770932622	9.34337919457115E-4
172.28636060569	0.0102664447084084	9.29116965438456E-4
172.583400928499	0.0102268123235546	9.23896011419796E-4
172.881467279589	0.0101871799387007	9.18675057401136E-4
173.180564984275	0.0101475475538469	9.13454103382477E-4
173.480699404788	0.0101080631225752	9.08287807903105E-4
173.781875940594	0.0100687006479133	9.03166566893211E-4
174.084100028724	0.0100293381732514	8.98045325883317E-4
174.387377144093	0.00998997569858946	8.92924084873423E-4
174.691712799836	0.00995061322392755	8.8780284386353E-4
174.997112547643	0.00991150706926028	8.8275892244394E-4
175.303581978091	0.00987243670832637	8.77725798296731E-4
175.611126720989	0.00983336634739245	8.72692674149522E-4
175.919752445724	0.00979429598645854	8.67659550002314E-4
176.229464861607	0.00975528982072814	8.62650573337309E-4
176.540269718224	0.00971648197093801	8.57716194623176E-4
176.852172805795	0.00967767412114787	8.52781815909044E-4
177.165179955532	0.00963886627135773	8.47847437194911E-4
177.47929704	0.0096000584215676	8.42913058480778E-4
177.794529973491	0.00956143959822764	8.38033096861887E-4
178.110884712387	0.00952292297021595	8.33182555321012E-4
178.42836725554	0.00948440634220426	8.28332013780136E-4
178.746983644651	0.00944588971419256	8.2348147223926E-4
179.066739964652	0.00940739739135741	8.186396898857E-4
179.387642344094	0.00936914847181446	8.13885626089757E-4
179.709696955538	0.00933089955227152	8.09131562293814E-4
180.032910015951	0.00929265063272856	8.04377498497871E-4
180.357287787106	0.00925440171318561	7.99623434701928E-4
180.682836575988	0.00921632181635478	7.94914404616776E-4
181.009562735199	0.00917836976391272	7.90239436860634E-4
181.337472663376	0.00914041771147066	7.85564469104492E-4
181.666572805604	0.00910246565902861	7.8088950134835E-4
181.996869653842	0.00906454652443635	7.76222462464461E-4
182.328369747348	0.00902698409977877	7.71641343758261E-4
182.66107967311	0.0089894216751212	7.6706022505206E-4
182.995006066285	0.00895185925046363	7.6247910634586E-4
183.330155610636	0.00891429682580606	7.5789798763966E-4
183.666535038983	0.0088769676605906	7.53364195117016E-4
184.00415113365	0.0088397720590667	7.48857501432152E-4
184.34301072692	0.00880257645754279	7.44350807747288E-4
184.6831207015	0.00876538085601889	7.39844114062424E-4
185.024487990986	0.00872820938059955	7.35268042478755E-4
185.367119580329	0.00869112183596566	7.30450616493067E-4
185.711022506319	0.00865403429133178	7.25633190507378E-4
186.056203858061	0.00861694674669789	7.20815764521689E-4
186.402670777467	0.00857985920206401	7.15998338536E-4
186.750430459742	0.00854296211085339	7.11076723861354E-4
187.099490153889	0.00850609960039646	7.06136191577732E-4
187.449857163209	0.00846923708993953	7.01195659294109E-4
187.801538845809	0.00843237457948259	6.96255127010486E-4
188.154542615122	0.00839549284207071	6.91374340516776E-4
188.508875940424	0.00835859224281019	6.86552165282546E-4
188.86454634736	0.00832169164354968	6.81729990048317E-4
189.221561418481	0.00828479104428917	6.76907814814087E-4
189.579928793779	0.00824792549374961	6.72102224188978E-4
189.939656171234	0.00821120158812851	6.67363658138297E-4
190.300751307366	0.00817447768250741	6.62625092087616E-4
190.663222017789	0.00813775377688631	6.57886526036934E-4
191.027076177777	0.00810102987126521	6.53147959986253E-4
191.392321722837	0.00806435443375712	6.48525374155275E-4
191.758966649281	0.00802768282691404	6.43911954791518E-4
192.127019014811	0.00799101122007095	6.39298535427761E-4
192.496486939113	0.00795433961322787	6.34685116064004E-4
192.86737860445	0.00791782770600706	6.30128193293323E-4
193.239702256267	0.00788138765235232	6.25596690004699E-4
193.613466203801	0.00784494759869758	6.21065186716075E-4
193.988678820704	0.00780850754504283	6.16533683427451E-4
194.365348545661	0.00777209221655509	6.12060975950308E-4
194.743483883029	0.00773570294413044	6.0765022912132E-4
195.123093403474	0.00769931367170579	6.03239482292332E-4
195.504185744617	0.00766292439928113	5.98828735463344E-4
195.886769611694	0.00762661305914481	5.94442081713894E-4
196.270853778214	0.00759046879150211	5.90107079096009E-4
196.656447086633	0.0075543245238594	5.85772076478123E-4
197.043558449031	0.0075181802562167	5.81437073860237E-4
197.432196847798	0.00748204363088503	5.77123632207395E-4
197.82237133633	0.00744594112696444	5.72906456009961E-4
198.214091039732	0.00740983862304386	5.68689279812527E-4
198.607365155529	0.00737373611912327	5.64472103615094E-4
199.002202954387	0.00733765425843789	5.60260656367744E-4
199.398613780837	0.0073018055606535	5.56113916934268E-4
199.796607054019	0.00726595686286912	5.51967177500792E-4
200.196192268423	0.00723010816508473	5.47820438067317E-4
200.597378994646	0.00719425972287951	5.43675175851893E-4
201.000176880156	0.0071584309198389	5.39643425741704E-4
201.404595650064	0.00712260211679829	5.35611675631516E-4
201.810645107908	0.00708677331375768	5.31579925521328E-4
202.218335136447	0.00705094451071707	5.2754817541114E-4
202.627675698458	0.0070153697995799	5.23580464688977E-4
203.038676837551	0.00697980099918846	5.19614243666145E-4
203.45134867899	0.00694423219879702	5.15648022643313E-4
203.865701430526	0.00690866339840557	5.11681801620481E-4
204.281745383233	0.00687307956526121	5.07824741204221E-4
204.699490912366	0.00683749533590465	5.03970557889893E-4
205.118948478223	0.0068019111065481	5.00116374575564E-4
205.540128627013	0.00676632786235344	4.96262418268576E-4
205.963041991745	0.00673100697049263	4.92468914873357E-4
206.387699293122	0.00669568607863181	4.88675411478137E-4
206.814111340445	0.006660365186771	4.84881908082918E-4
207.242289032531	0.00662504054018876	4.81095459489258E-4
207.672243358642	0.00658966213008331	4.77410027973696E-4
208.103985399424	0.00655428371997786	4.73724596458134E-4
208.537526327863	0.00651890530987241	4.70039164942571E-4
208.972877410241	0.00648356997433986	4.66362630960164E-4
209.41005000712	0.00644846305589533	4.62733279073296E-4
209.849055574325	0.00641335613745079	4.59103927186429E-4
210.289905663948	0.00637824921900625	4.55474575299561E-4
210.732611925359	0.00634311130492712	4.51875420380183E-4
211.177186106231	0.00630789510810734	4.48352531083545E-4
211.623640053583	0.00627267891128756	4.44829641786907E-4
212.071985714831	0.00623746271446778	4.41306752490269E-4
212.522235138851	0.00620237060805123	4.37806754731154E-4
212.974400477063	0.00616743646480497	4.3433589717745E-4
213.428493984518	0.0061325023215587	4.30865039623746E-4
213.884528021012	0.00609756817831244	4.27394182070042E-4
214.342515052203	0.00606251838922462	4.23987624832073E-4
214.802467650748	0.00602739990600488	4.20619262260792E-4
215.264398497455	0.00599228142278515	4.17250899689511E-4
215.728320382443	0.00595716293956541	4.13882537118229E-4
216.194246206332	0.00592228925358935	4.10554703567069E-4
216.662188981428	0.00588746027198624	4.07234271342833E-4
217.132161832943	0.00585263129038312	4.03913839118597E-4
217.604178000218	0.00581777499993271	4.00606425444276E-4
218.078250837966	0.00578265671520568	3.97423908494047E-4
218.554393817533	0.00574753843047866	3.94241391543819E-4
219.032620528175	0.00571242014575163	3.91058874593591E-4
219.512944678348	0.00567741352341601	3.87894127735752E-4
219.995380097018	0.00564259416764999	3.84759182713624E-4
220.479940734992	0.00560777481188398	3.81624237691497E-4
220.966640666259	0.00557295545611797	3.78489292669369E-4
221.455494089353	0.00553795340419544	3.75472146618471E-4
221.946515328736	0.00550286647085213	3.72509730476706E-4
222.439718836195	0.00546777953750881	3.6954731433494E-4
222.935119192262	0.0054326996600732	3.66585869991299E-4
223.432731107645	0.00539793533750264	3.63667886480608E-4
223.932569424695	0.00536317101493209	3.60749902969917E-4
224.43464911887	0.00532840669236154	3.57831919459225E-4
224.938985300237	0.00529348722550244	3.54946911623734E-4
225.445593214989	0.005258325669688	3.52113359416003E-4
225.954488246977	0.00522316411387356	3.49279807208271E-4
226.46568591927	0.00518800255805912	3.46446255000539E-4
226.97920189573	0.005153107083078	3.43640555672127E-4
227.495051982619	0.00511828292914713	3.40842322107333E-4
228.013252130214	0.00508345877521625	3.3804408854254E-4
228.533818434452	0.00504851429260904	3.35263563203691E-4
229.0567671386	0.00501313256939172	3.32547384583769E-4
229.582114634942	0.00497775084617441	3.29831205963847E-4
230.10987746649	0.00494236912295709	3.27115027343925E-4
230.640072328727	0.00490723323642476	3.24420944363017E-4
231.172716071358	0.0048722174018965	3.21737651577012E-4
231.707825700105	0.00483720156736824	3.19054358791005E-4
232.245418378509	0.00480207003741126	3.16383585166436E-4
232.785511429769	0.00476631551312384	3.13780224461147E-4
233.328122338601	0.00473056098883642	3.11176863755857E-4
233.873268753128	0.004694806464549	3.08573503050568E-4
234.420968486789	0.00465929240135355	3.05991296008263E-4
234.971239520283	0.00462389688619032	3.03419517784611E-4
235.524100003533	0.00458850137102709	3.0084773956096E-4
236.079568257686	0.0045529144378803	2.98291841184721E-4
236.637662777132	0.00451661241917417	2.95795265602288E-4
237.198402231563	0.00448031040046804	2.93298690019855E-4
237.761805468046	0.0044440083817619	2.90802114437422E-4
238.327891513144	0.00440796392302375	2.88330060412764E-4
238.896679575051	0.00437199189890299	2.85864902683635E-4
239.468189045767	0.00433601987478223	2.83399744954505E-4
240.042439503304	0.00429962612838607	2.80961569365753E-4
240.619450713918	0.00426253718208422	2.78567873242611E-4
241.199242634378	0.00422544823578236	2.76174177119469E-4
241.781835414269	0.00418835993806443	2.73780532426752E-4
242.367249398323	0.00415156903586142	2.71410470152938E-4
242.955505128791	0.00411477813365841	2.69040407879125E-4
243.546623347841	0.00407798723145541	2.66670345605311E-4
244.140625	0.00404041512763099	2.64284252244366E-4
244.737531234627	0.00400242984769753	2.61889680070752E-4
245.337363408423	0.00396444456776406	2.59495107897137E-4
245.940143087975	0.0039265189356743	2.57099834975788E-4
246.545892052347	0.00388871275554253	2.5470315872309E-4
247.154632295696	0.00385090657541075	2.52306482470391E-4
247.76638602994	0.00381302096310218	2.49900217734627E-4
248.381175687457	0.00377317135786358	2.4725687384891E-4
248.999023923826	0.00373332175262499	2.44613529963194E-4
249.619953620613	0.00369347214738639	2.41970186077477E-4
250.243987888191	0.00365366220314618	2.39359326861731E-4
250.871150068613	0.00361386401644507	2.36758097755996E-4
251.501463738519	0.00357406582974396	2.34156868650261E-4
252.13495271209	0.00353287519323768	2.31607369943766E-4
252.771641044048	0.00349045090285391	2.29103702266417E-4
253.411553032703	0.00344802661247014	2.26600034589069E-4
254.05471322304	0.00340556043544981	2.24109445474204E-4
254.70114640986	0.0033630033110388	2.21647253510068E-4
255.350877640967	0.0033204461866278	2.19185061545932E-4
256.003932220399	0.00327746466110592	2.1673426148117E-4
256.660335711719	0.00323155100450601	2.14362166540728E-4
257.320113941347	0.00318563734790612	2.11990071600286E-4
257.983293001945	0.00313972369130621	2.09617976659844E-4
258.649899255864	0.00309333893863817	2.07285338122663E-4
259.31995933863	0.00304693625287094	2.04954201562766E-4
259.993500162496	0.00300053356710372	2.02623065002869E-4
260.670548920042	0.00295026801729961	2.00361397927889E-4
261.351133087838	0.00289918758130437	1.98114385710917E-4
262.035280430157	0.00284810714530914	1.95867373493944E-4
262.723019002756	0.00279617480622023	1.93649133908485E-4
263.414377156705	0.00274390063488227	1.9144243954855E-4
264.109383542288	0.00269162646354431	1.89235745188616E-4
264.808067112957	0.00263495319848885	1.8707805806393E-4
265.510457129354	0.00257565903111917	1.84949568584152E-4
266.216583163398	0.00251636486374948	1.82821079104373E-4
266.926475102433	0.0024555391979351	1.80714932126199E-4
267.640163153444	0.00239353264066221	1.7862601276546E-4
268.357677847342	0.00233152608338932	1.7653709340472E-4
269.079050043322	0.00226335378216916	1.74486370903392E-4
269.80431093328	0.00218965575655372	1.72469880332497E-4
270.533492046315	0.00211595773093828	1.70453389761601E-4
271.266625253295	0.00203872978430338	1.68456914686126E-4
272.003742771501	0.00195817317211679	1.66479313939491E-4
272.744877169345	0.0018776165599302	1.64501713192856E-4
273.49006137117	0.00178474805555214	1.62559514425314E-4
274.239328662123	0.00168079986076668	1.60649174527397E-4
274.992712693114	0.00157685166598123	1.5873883462948E-4
275.750247485847	0.00145846171147142	1.56850004493698E-4
276.511967437951	0.00132882419386698	1.54977926638205E-4
277.277907328178	0.00119918667626255	1.53105848782712E-4
278.048102321702	0.00102454327551021	1.5127274044898E-4
278.822587975497	8.22545717110105E-4	1.49463317428525E-4
279.601400243812	6.20548158709995E-4	1.47653894408071E-4
280.384575483733	2.1567257663358E-4	1.45868648315055E-4
281.172150460841	-2.73870856396587E-4	1.44093492070372E-4
281.964162354965	-7.63414289426755E-4	1.42318335825688E-4
282.760648766033	-0.00162704340280644	0.00121643298432653
283.561647720023	-0.00257687999559953	0.00253848481156953
284.367197675014	-0.00352671658839256	0.00386053663881243
285.177337527341	-0.00239706942195019	0.00390193611679532
285.992106617857	-0.00114236027494574	0.00386631603716031
286.811544738299	1.78363635488615E-5	0.00383075591223308
287.635692137766	2.9852655720712E-4	0.00379575370871476
288.464589529312	5.79216750865379E-4	0.00376075150519643
289.298278096649	8.43951534655995E-4	0.00372589882476684
290.136799500965	0.00106637077943124	0.00369144269636241
290.980195887868	0.00128879002420648	0.00365698656795798
291.828509894446	0.00146019045335885	0.00362285561235211
292.68178465645	0.0015748447862795	0.00358908633285913
293.54006381561	0.00168949911920013	0.00355531705336616
294.40339152707	0.00179195202901415	0.00352192205432779
295.271812466967	0.00188906767736463	0.00348869077657254
296.145371840129	0.00198618332571511	0.00345545949881729
297.024115387928	0.00205614400049037	0.00342284214720181
297.908089396259	0.00212438411518159	0.00339026369442038
298.797340703668	0.00219070746705943	0.00335779479533599
299.691916709623	0.00224970651986339	0.00332574452083891
300.591865382939	0.00230870557266734	0.00329369424634184
301.497235270353	0.00236089152411008	0.00326195021192958
302.408075505248	0.00240616906586884	0.00323051670158783
303.324435816549	0.00245144660762759	0.00319908319124608
304.246366537768	0.00249191448283401	0.00316807215467919
305.173918616219	0.00253123619403677	0.00313716179541038
306.107143622411	0.00256943070105632	0.00310633437460884
307.046093759595	0.00260071972676796	0.00307601505166914
307.990821873508	0.0026320087524796	0.00304569572872945
308.941381462281	0.00266119590487647	0.00301562862046932
309.897826686541	0.0026882358990168	0.00298581916086378
310.860212379697	0.00271527589315714	0.00295600970125823
311.828594058418	0.00273775956714467	0.00292668338368608
312.80302793331	0.00275956487993749	0.002897428998023
313.783570919794	0.00278050540965653	0.00286830887569262
314.770280649182	0.00279907637561142	0.00283955664392074
315.763215479976	0.00281764734156631	0.00281080441214885
316.762434509367	0.00283371016162893	0.00278241404720057
317.767997584963	0.00284862167074734	0.0027541897895093
318.77996531674	0.00286321416221982	0.00272602696581121
319.798399089214	0.0028755587135248	0.00269829703334237
320.82336107386	0.00288790326482977	0.00267056710087352
321.854914241758	0.00289868688260859	0.00264312988086878
322.893122376493	0.00290835808270189	0.00261590126585353
323.938050087301	0.00291789445271755	0.00258870385818969
324.989762822471	0.00292546004182089	0.00256196260136062
326.048326883011	0.00293302563092423	0.00253522134453156
327.113809436579	0.0029394533276648	0.0025087486723688
328.186278531695	0.00294500337413514	0.00248248315811718
329.26580311222	0.00295040362174174	0.00245625810344377
330.35245303214	0.00295419753287443	0.00243046690851141
331.446299070625	0.00295799144400712	0.00240467571357905
332.547412947401	0.00296081910655357	0.00237916463086832
333.655867338427	0.0029630697279243	0.00235382083045742
334.771735891882	0.00296504125909051	0.00232856436500945
335.895093244478	0.00296579758420297	0.00230368817079259
337.026015038101	0.00296655390931543	0.00227881197657573
338.16457793679	0.00296638477542854	0.00225426213522053
339.310859644063	0.00296593478142555	0.00222981133607321
340.46493892059	0.00296501306181763	0.00220552958569342
341.626895602237	0.00296327821591944	0.00218153922928455
342.796810618474	0.00296154337002125	0.00215754887287568
343.974766011165	0.00295886710508997	0.00213395663652044
345.160844953748	0.00295617798518186	0.00211036983645222
346.35513177081	0.00295279455596629	0.00208706478818247
347.557711958071	0.00294899482847159	0.00206392867440287
348.768672202788	0.00294498299913905	0.00204090024313924
349.988100404586	0.00294043349964944	0.00201814478299115
351.216085696725	0.00293588400015984	0.00199538932284305
352.452718467818	0.00293041617742065	0.00197305761017506
353.69809038401	0.00292490964854227	0.0019507437579162
354.952294411631	0.0029190126682268	0.00192866567803796
356.215424840326	0.00291291004745914	0.00190671177324107
357.487577306689	0.00290650255522554	0.00188491774211159
358.768848818395	0.00289957398356322	0.00186339696344611
360.059337778866	0.0028925980671335	0.00184191081701566
361.35914401246	0.0028852039303925	0.00182073059465878
362.668368790211	0.00287780979365151	0.00179955037230191
363.987114856134	0.00286982919367256	0.00177873190164451
365.315486454102	0.00286174721534151	0.00175797596481496
366.653589355313	0.00285345289530629	0.00173741994146067
368.001530886368	0.0028450293802589	0.00171698555141422
369.359419957967	0.00283643063298983	0.00169672166185937
370.727367094239	0.00282757854259717	0.0016767042744986
372.105484462735	0.00281868545932544	0.00165675183537904
373.493885905088	0.00280964173253902	0.0016370380726236
374.892686968355	0.00280058000140601	0.00161731480139116
376.302004937082	0.00279104582518338	0.00159734202189402
377.721958866079	0.00278151164896075	0.00157736924239688
379.152669613947	0.00277180693516921	0.00155743479212668
380.594259877373	0.00276207832786329	0.0015375057120511
382.046854226202	0.0027516445806342	0.00151760541392054
383.510579139326	0.0027409565661522	0.00149771549430615
384.985563041386	0.0027300764296632	0.00147792614146929
386.471936340343	0.0027190735460464	0.00145820104094422
387.969831465905	0.00270759049664014	0.00143871661298855
389.479382908866	0.00269563212636134	0.00141947042919395
391.000727261353	0.00268356603094569	0.00140034587616823
392.534003258032	0.00267134615979596	0.00138139494892118
394.079351818282	0.00265891169978195	0.00136260217649402
395.636916089367	0.00264605747174386	0.00134411877863047
397.206841490638	0.00263316685134335	0.00132571312440893
398.789275758796	0.00262018328207036	0.00130750603338547
400.384368994235	0.00260706579006243	0.00128940874424485
401.992273708499	0.00259352674616559	0.00127165708119334
403.613144872902	0.00257997128163804	0.00125396155544303
405.24713996831	0.00256635667786917	0.00123646820934467
406.894419036149	0.00255263971467065	0.00121906827016113
408.55514473066	0.00253853749046455	0.00120201989645857
410.229482372439	0.00252442783009779	0.0011850243624987
411.917600003295	0.002510291610606	0.00116821755191336
413.619668442474	0.00249605019674305	0.00115151682512957
415.335861344276	0.00248148227345867	0.00113514536844155
417.066355257121	0.00246691423849067	0.00111883788747955
418.811329684091	0.0024523459227471	0.00110269124318712
420.570967144996	0.0024376485197968	0.00108668885783104
422.345453240023	0.00242270199919544	0.00107096486913626
424.13497671499	0.00240776350797301	0.00105532770346531
425.939729528272	0.00239283639247511	0.00103981354541537
427.759906919444	0.00237773968942735	0.00102450686676089
429.595707479691	0.00236247462885577	0.0010094061626446
431.447333224033	0.00234723722872855	9.94423724594061E-4
433.314989665438	0.00233201786281405	9.79518394320979E-4
435.198885890852	0.00231658441124113	9.64905518799893E-4
437.09923463924	0.00230106941886416	9.50404033251393E-4
439.016252381663	0.00228560358317304	9.36058538340568E-4
440.950159403483	0.0022701439304897	9.21741710256433E-4
442.901179888743	0.00225442394006891	9.07814860905145E-4
444.869542006807	0.00223871776821155	8.93916964668261E-4
446.855478001305	0.00222307835035295	8.80158933633286E-4
448.859224281489	0.00220735541776627	8.66534981091389E-4
450.881021516042	0.00219147770294664	8.53159523264453E-4
452.921114729448	0.00217564800575448	8.39870680513416E-4
454.979753400974	0.00215985853273433	8.26654394860595E-4
457.057191566381	0.00214391719050217	8.1371638130174E-4
459.153687922421	0.00212792588709084	8.00869912314455E-4
461.269505934232	0.00211202866432589	7.88174688607324E-4
463.404913945708	0.0020960990275726	7.75557170777239E-4
465.560185292954	0.00208004034602639	7.63213546253542E-4
467.735598420925	0.00206402253920717	7.50941356774364E-4
469.931437003341	0.00204805198395741	7.38751746879589E-4
472.147990066006	0.00203199495507444	7.268039578407E-4
474.385552113625	0.00201590666182587	7.14947250847161E-4
476.644423260248	0.0019999090726127	7.0324085379258E-4
478.924909363461	0.00198389346145206	6.91626563467699E-4
481.227322162443	0.00196783628626732	6.80224698927357E-4
483.551979420028	0.00195183367976572	6.68905517834079E-4
485.899205068901	0.00193586599787542	6.57639255138023E-4
488.269329362076	0.00191979390052214	6.46527490807805E-4
490.662689027801	0.00190373225303772	6.35467935840564E-4
493.079627429034	0.00188772106399693	6.24521125240354E-4
495.520494727662	0.00187163354075069	6.1375232000178E-4
497.985648053623	0.00185549789286764	6.030957376301E-4
500.475451679095	0.00183943793953814	5.92586933963719E-4
502.990277197942	0.00182335588206663	5.82177884606598E-4
505.530503710594	0.00180722900268914	5.71947476135937E-4
508.096518014562	0.00179116191965991	5.61827565993649E-4
510.68871480078	0.00177510941496642	5.51782939117929E-4
513.307496855992	0.00175901477446556	5.41962497603404E-4
515.953275271391	0.00174296695432313	5.32223581547387E-4
518.626469657758	0.00172695717510667	5.225509038551E-4
521.327508367307	0.00171092626541326	5.13117734997602E-4
524.056828722507	0.00169492663911886	5.03750729899613E-4
526.814877252134	0.0016789712903455	4.94468586247084E-4
529.602109934806	0.0016630160570473	4.85387533863983E-4
532.418992450299	0.00164708759628442	4.76384673374364E-4
535.266000438918	0.00163121248398016	4.67477573297674E-4
538.143619769244	0.00161534503844687	4.58748006151834E-4
541.052346814554	0.00159950264636673	4.50102275858353E-4
543.992688738263	0.00158371452476861	4.41555517029749E-4
546.965163788718	0.00156794732220038	4.33173762076828E-4
549.970301603713	0.00155221101927568	4.24876781593683E-4
553.008643525098	0.00153653064753274	4.1667527573754E-4
556.080742923873	0.00152087499699581	4.08637548849778E-4
559.187165536177	0.00150525660893405	4.00682539776773E-4
562.328489810608	0.00148969181965682	3.92812512203665E-4
565.505307267309	0.00147416394461387	3.85111991599623E-4
568.718222869297	0.00145867980620078	3.77490701267502E-4
571.967855406526	0.00144324198448451	3.69949098386558E-4
575.254837893187	0.00142785836707759	3.62570633768961E-4
578.579817978789	0.00141252247514693	3.55277519385663E-4
581.943458373584	0.00139722600634073	3.4807062719819E-4
585.346437288909	0.00138197107206608	3.40987563797703E-4
588.789448893076	0.00136679472059134	3.34014367501468E-4
592.273203783441	0.00135165987629776	3.27132293008703E-4
595.79842947534	0.00133656434341596	3.20344191163114E-4
599.365870908579	0.00132154378607851	3.13671429936734E-4
602.976290972239	0.00130658038764231	3.07104947644229E-4
606.630471048561	0.00129166563017792	3.00625197559459E-4
610.329211576724	0.00127679945952793	2.94229110315528E-4
614.073332637384	0.00126201141884224	2.87962764753085E-4
617.863674558845	0.00124727913598843	2.81784939314601E-4
621.701098545841	0.00123260354501027	2.75692961890324E-4
625.586487331874	0.00121798772573203	2.6968891389451E-4
629.52074585618	0.00120344512521023	2.63793028540434E-4
633.504801966399	0.00118896400564142	2.5799472310674E-4
637.539607148094	0.00117454258648125	2.52281208426439E-4
641.626137282328	0.00116018427830943	2.46651916867881E-4
645.765393432566	0.00114589246407231	2.41107484295697E-4
649.95840266223	0.00113167446597625	2.35677138788561E-4
654.206218884317	0.0011175199333759	2.30326665672844E-4
658.509923744551	0.00110342701049923	2.25059786825231E-4
662.870627539623	0.00108939342360562	2.19875867441961E-4
667.289470172161	0.00107541697756874	2.14771229287484E-4
671.767622144148	0.00106151373404005	2.09821526246068E-4
676.306285590618	0.0010476740775797	2.04976254832485E-4
680.906695355535	0.00103393376480046	2.00248163383696E-4
685.570120111885	0.00102029584707698	1.95627457663858E-4
690.297863528112	0.00100677977975487	1.91100405042364E-4
695.091265483158	9.9344949075182E-4	1.86665550735547E-4
699.95170333247	9.80274719456717E-4	1.82311112872792E-4
704.880593227507	9.67228795665373E-4	1.77895182040038E-4
709.879391491386	9.54287009851655E-4	1.73464938514939E-4
714.949596053478	9.41355569329075E-4	1.69028989712885E-4
720.092747945936	9.28426644942661E-4	1.64602812515704E-4
725.310432865266	9.15521026446544E-4	1.60228454559314E-4
730.604282802306	9.02638570708871E-4	1.55946758620611E-4
735.975977744087	8.89818642656986E-4	1.51736670648337E-4
741.427247451344	8.77027179629379E-4	1.47626293223819E-4
746.959873315606	8.64323729151567E-4	1.43586696720212E-4
752.575690300052	8.51677279444136E-4	1.3964538242774E-4
758.276588968592	8.39105099789408E-4	1.35768274239399E-4
764.064517607867	8.26590401178381E-4	1.31981376254523E-4
769.941484447182	8.14156283161208E-4	1.28262292167713E-4
775.909559981689	8.0179695202856E-4	1.24626295198707E-4
781.970879404451	7.89517124656333E-4	1.21060929617003E-4
788.127645153409	7.77310907721525E-4	1.17572932525415E-4
794.382129579613	7.65183491100297E-4	1.14157192028476E-4
800.736677743524	7.53136825555253E-4	1.10814333997894E-4
807.193710346609	7.41173135369059E-4	1.07544234470044E-4
813.755726805928	7.29296679715753E-4	1.04344177287111E-4
820.425308479916	7.17499135132172E-4	1.01216124954006E-4
827.205122054116	7.05788677943873E-4	9.81562843483208E-5
834.097923096172	6.941682054382E-4	9.51655532197325E-5
841.10655979006	6.82635427980646E-4	9.22395158895044E-5
848.233976860177	6.71188038231701E-4	8.93748662216077E-5
855.483219696646	6.59828940714117E-4	8.65753895924018E-5
862.857438693979	6.48561140635899E-4	8.38316204480806E-5
870.359893816093	6.3738023726659E-4	8.11565208475607E-5
877.993959401559	6.26285391351339E-4	7.85305731979045E-5
885.763129223983	6.15270534176124E-4	7.59826374910954E-5
893.671021823447	6.04355876200955E-4	7.34773015312313E-5
901.721386126115	5.93524607053682E-4	7.10566972345249E-5
909.918107370337	5.82798252869388E-4	6.86787701233783E-5
918.265213358922	5.72156483651592E-4	6.63700503227013E-5
926.766881058739	5.61610961700749E-4	6.41086653304205E-5
935.42744357034	5.5115514202943E-4	6.19002112929168E-5
944.251397492068	5.40791040614603E-4	5.97498267519421E-5
953.243410704924	5.30516589045122E-4	5.76452175571207E-5
962.40833060651	5.20343670511786E-4	5.56087597917243E-5
971.751192824589	5.10268041920976E-4	5.36171369846522E-5
981.277230443145	5.00283902782982E-4	5.16813040074316E-5
990.991883776472	4.90388652565967E-4	4.97961060602589E-5
1000.90081072966	4.80590522368893E-4	4.79560752075121E-5
1011.0098977869	4.70891721952694E-4	4.61778831331908E-5
1021.32527167252	4.61295433908694E-4	4.44445064290817E-5
1031.8533117332	4.51802590522147E-4	4.27585861051147E-5
1042.60066309402	4.42406783988403E-4	4.11124526164065E-5
1053.57425064531	4.3310976765713E-4	3.95068070762629E-5
1064.78129392223	4.2390116661847E-4	3.79415355124526E-5
1076.22932294413	4.14780272158787E-4	3.64210821520907E-5
1087.92619508693	4.05765189167631E-4	3.49462149069054E-5
1099.88011306768	3.96843808837026E-4	3.35174307843608E-5
1112.09964412811	3.88011405363047E-4	3.21289909140699E-5
1124.59374051124	3.7929082068291E-4	3.07856416417171E-5
1137.37176133391	3.70657438162816E-4	2.94843092654449E-5
1150.4434959677	3.62126469641991E-4	2.8223490971157E-5
1163.81918905079	3.53700028382715E-4	2.70044199631335E-5
1177.50956726523	3.45362362416102E-4	2.58212729138982E-5
1191.5258680266	3.37134650286979E-4	2.46815423566712E-5
1205.87987024733	3.29005063224754E-4	2.35758789965211E-5
1220.58392735084	3.20979373819867E-4	2.2509327547187E-5
1235.65100273079	3.13050147152764E-4	2.14753572717961E-5
1251.09470786939	3.0522681938283E-4	2.04758109260007E-5
1266.92934335052	2.97497954510395E-4	1.95051808263518E-5
1283.16994302725	2.89875745654341E-4	1.85678347003094E-5
1299.83232163051	2.82348289707735E-4	1.76605920551034E-5
1316.93312613585	2.74914701552979E-4	1.678785996559E-5
1334.48989123907	2.67585150094838E-4	1.59471640246703E-5
1352.52109932915	2.60347977855692E-4	1.51365174057597E-5
1371.04624538986	2.53224201961813E-4	1.43593460238151E-5
1390.08590730907	2.46190401461929E-4	1.36116210625783E-5
1409.66182212887	2.3926016411376E-4	1.28924071318197E-5
1429.79696883043	2.32431151843146E-4	1.22020946989128E-5
1450.51565831653	2.2570931871918E-4	1.15398155761628E-5
1471.84363133261	2.19081650460432E-4	1.0903861808682E-5
1493.80816515543	2.12562951792327E-4	1.02932375353446E-5
1516.43818997938	2.06138363937689E-4	9.70639822447437E-6
1539.76441604435	1.99808313363281E-4	9.14432431788944E-6
1563.81947268007	1.93591029957259E-4	8.60756406695864E-6
1588.63806059066	1.8747061722111E-4	8.09446270329057E-6
1614.25711887389	1.81455583489125E-4	7.60436401021394E-6
1640.7160084661	1.75531327781671E-4	7.13656593951962E-6
1668.05671392827	1.69715862065577E-4	6.69046701945443E-6
1696.32406574952	1.63993365183272E-4	6.26535226059013E-6
1725.56598564329	1.5838107718091E-4	5.86081943000774E-6
1755.83375765983	1.52867828959308E-4	5.47470146978891E-6
1787.18232834114	1.47455135857937E-4	5.10718517482192E-6
1819.67063961423	1.42139589889123E-4	4.75792070835952E-6
1853.36199866558	1.36927756967239E-4	4.42660738195474E-6
1888.32448968031	1.31808193064497E-4	4.1128288979879E-6
1924.63143308057	1.26799754781074E-4	3.8159903520869E-6
1962.36189878137	1.21880892255114E-4	3.53506879785964E-6
2001.60128102482	1.17071308224424E-4	3.270650724383E-6
2042.44194358775	1.12356550609309E-4	3.02132940520024E-6
2084.98394562362	1.0774413584986E-4	2.78516375745039E-6
2129.33586014522	1.03232609320025E-4	2.56260817597812E-6
2175.61569924289	9.88136451832537E-5	2.35391451139156E-6
2223.95196263761	9.45012027582497E-5	2.15777771298802E-6
2274.48482918619	9.0286760598953E-5	1.97382868266306E-6
2327.36751460423	8.61611036678808E-5	1.80195664568012E-6
2382.76782310332	8.21521430300442E-5	1.64128360027779E-6
2440.86992604164	7.82290463753207E-5	1.49146684520719E-6
2501.87640730548	7.44043206023579E-5	1.35195440206758E-6
2566.01062328398	7.0684654863615E-5	1.22229203041633E-6
2633.51943537343	6.7059789778953E-5	1.10211363912811E-6
2704.67638547048	6.35303945841276E-5	9.90895399654044E-7
2779.78540056708	6.01025814096043E-5	8.88131628714081E-7
2859.18513223731	5.67700167368601E-5	7.93547057477856E-7
2943.25406169061	5.35406913484883E-5	7.0657264885876E-7
3032.41653273494	5.03995184942715E-5	6.26849079018549E-7
3127.14991556695	4.73607676614272E-5	5.53943629823191E-7
3227.99315665451	4.44178714245566E-5	4.87514878627617E-7
3335.55703802535	4.15710771289711E-5	4.27184084355286E-7
3450.53655843484	3.88216556485701E-5	3.72584984364898E-7
3573.72596669287	3.61679557733778E-5	3.23312904926666E-7
3706.03713449209	3.36053175683924E-5	2.79013696496773E-7
3848.52216748769	3.11428180332101E-5	2.39348085919882E-7
4002.40144086452	2.87744236691792E-5	2.04081994207229E-7
4169.09864087384	2.65027756758209E-5	1.72802552889193E-7
4350.28494366381	2.43243452600778E-5	1.45208641635496E-7
4547.93523740222	2.22468841017268E-5	1.21048697323346E-7
4764.40040020963	2.0253920466798E-5	1.00005219784108E-7
5002.50125062531	1.83644237200914E-5	8.1825716928756E-8
5265.6521510189	1.65631046654924E-5	6.62362312517252E-8
5558.02578923966	1.48590441612386E-5	5.29650929839209E-8
5884.77608426999	1.32442226631095E-5	4.17999191803089E-8
6252.34462923596	1.17288503007057E-5	3.2490937209477E-8
6668.88962987663	1.03002175994774E-5	2.48257047729471E-8
7144.8985424407	8.96746002621615E-6	1.86013668605652E-8
7694.08324998077	7.73337307106764E-6	1.36256198776901E-8
8334.72245374229	6.59121163046625E-6	9.72180455293905E-9
9091.7356123284	5.53742714014498E-6	6.72502406111518E-9
10000	4.570452345231E-6	4.4814915696876E-9
