Energy	delta	beta
10	0.0200393571662841	0.73
10.0009990998101	0.0199535530235392	0.72997677651177
10.0019983992802	0.0198849515192468	0.729942475759623
10.0029978984702	0.0198163500149543	0.729908175007477
10.0039975974399	0.0197477485106619	0.729873874255331
10.0049974962494	0.0196791470063694	0.729839573503185
10.0059975949584	0.019610545502077	0.729805272751038
10.006997893627	0.0195419439977846	0.729770971998892
10.0079983923151	0.0194733424934922	0.729736671246746
10.0089990910828	0.0194047409891997	0.7297023704946
10.00999998999	0.0193361394849073	0.729668069742454
10.0110010890968	0.0192675379806148	0.729633768990307
10.0120023884633	0.0191989364763224	0.729599468238161
10.0130038881495	0.0191303349720299	0.729565167486015
10.0140055882157	0.0190617334677375	0.729530866733869
10.0150074887219	0.0189931319634451	0.729496565981723
10.0160095897282	0.0189245304591526	0.729462265229576
10.017011891295	0.0188559289548602	0.72942796447743
10.0180143934824	0.0187873274505677	0.729393663725284
10.0190170963506	0.0187187259462753	0.729359362973138
10.0200199999599	0.0186501244419829	0.729325062220991
10.0210231043707	0.0185815229376905	0.729290761468845
10.0220264096431	0.018512921433398	0.729256460716699
10.0230299158376	0.0184443199291056	0.729222159964553
10.0240336230145	0.0183757184248131	0.729187859212407
10.0250375312343	0.0183071169205207	0.72915355846026
10.0260416405572	0.0182385154162282	0.729119257708114
10.0270459510438	0.0181699139119358	0.729084956955968
10.0280504627544	0.0181013124076433	0.729050656203822
10.0290551757497	0.0180327109033509	0.729016355451675
10.03006009009	0.0179641093990584	0.728982054699529
10.031065205836	0.017895507894766	0.728947753947383
10.0320705230481	0.0178269063904736	0.728913453195237
10.033076041787	0.0177583048861811	0.728879152443091
10.0340817621132	0.0176897033818887	0.728844851690944
10.0350876840874	0.0176211018775963	0.728810550938798
10.0360938077703	0.0175525003733038	0.728776250186652
10.0371001332224	0.0174838988690114	0.728741949434506
10.0381066605046	0.017415297364719	0.728707648682359
10.0391133896775	0.0173466958604265	0.728673347930213
10.0401203208019	0.0172780943561341	0.728639047178067
10.0411274539386	0.0172094928518416	0.728604746425921
10.0421347891483	0.0171408913475492	0.728570445673775
10.0431423264919	0.0170722898432567	0.728536144921628
10.0441500660302	0.0170036883389643	0.728501844169482
10.0451580078242	0.0169350868346718	0.728467543417336
10.0461661519346	0.0168664853303794	0.72843324266519
10.0471744984224	0.016797883826087	0.728398941913043
10.0481830473486	0.0167292823217946	0.728364641160897
10.0491917987742	0.0166606808175021	0.728330340408751
10.05020075276	0.0165920793132097	0.728296039656605
10.0512099093672	0.0165234778089172	0.728261738904459
10.0522192686568	0.0164548763046248	0.728227438152312
10.0532288306899	0.0163862748003323	0.728193137400166
10.0542385955274	0.0163176732960399	0.72815883664802
10.0552485632307	0.0162490717917475	0.728124535895874
10.0562587338607	0.016180470287455	0.728090235143728
10.0572691074787	0.0161118687831626	0.728055934391581
10.0582796841459	0.0160432672788701	0.728021633639435
10.0592904639234	0.0159746657745777	0.727987332887289
10.0603014468726	0.0159060642702852	0.727953032135143
10.0613126330546	0.0158374627659929	0.727918731382996
10.0623240225308	0.0157688612617004	0.72788443063085
10.0633356153624	0.015700259757408	0.727850129878704
10.0643474116109	0.0156316582531155	0.727815829126558
10.0653594113375	0.0155630567488231	0.727781528374411
10.0663716146037	0.0154944552445306	0.727747227622265
10.0673840214709	0.0154258537402382	0.727712926870119
10.0683966320005	0.0153572522359457	0.727678626117973
10.069409446254	0.0152886507316533	0.727644325365827
10.0704224642928	0.0152200492273608	0.72761002461368
10.0714356861785	0.0151514477230684	0.727575723861534
10.0724491119726	0.015082846218776	0.727541423109388
10.0734627417367	0.0150142447144835	0.727507122357242
10.0744765755323	0.0149456432101911	0.727472821605096
10.0754906134211	0.0148770417058987	0.727438520852949
10.0765048554646	0.0148084402016063	0.727404220100803
10.0775193017247	0.0147398386973138	0.727369919348657
10.0785339522628	0.0146712371930214	0.727335618596511
10.0795488071408	0.0146026356887289	0.727301317844364
10.0805638664204	0.0145340341844365	0.727267017092218
10.0815791301634	0.014465432680144	0.727232716340072
10.0825945984314	0.0143968311758516	0.727198415587926
10.0836102712864	0.0143282296715591	0.72716411483578
10.0846261487902	0.0142596281672667	0.727129814083633
10.0856422310046	0.0141910266629742	0.727095513331487
10.0866585179915	0.0141224251586818	0.727061212579341
10.0876750098128	0.0140538236543893	0.727026911827195
10.0886917065305	0.013985222150097	0.726992611075048
10.0897086082064	0.0139166206458045	0.726958310322902
10.0907257149027	0.0138480191415121	0.726924009570756
10.0917430266813	0.0137794176372196	0.72688970881861
10.0927605436042	0.0137108161329272	0.726855408066464
10.0937782657335	0.0136422146286348	0.726821107314317
10.0947961931312	0.0135736131243423	0.726786806562171
10.0958143258596	0.0135050116200499	0.726752505810025
10.0968326639806	0.0134364101157574	0.726718205057879
10.0978512075566	0.013367808611465	0.726683904305732
10.0988699566496	0.0132992071071725	0.726649603553586
10.0998889113219	0.0132306056028801	0.72661530280144
10.1009080716356	0.0131620040985876	0.726581002049294
10.1019274376532	0.0130934025942953	0.726546701297148
10.1029470094368	0.0130248010900028	0.726512400545001
10.1039667870487	0.0129561995857104	0.726478099792855
10.1049867705513	0.0128875980814179	0.726443799040709
10.106006960007	0.0128189965771255	0.726409498288563
10.1070273554781	0.012750395072833	0.726375197536416
10.1080479570271	0.0126817935685406	0.72634089678427
10.1090687647163	0.0126131920642481	0.726306596032124
10.1100897786082	0.0125445905599557	0.726272295279978
10.1111109987654	0.0124759890556633	0.726237994527832
10.1121324252504	0.0124073875513708	0.726203693775685
10.1131540581256	0.0123387860470784	0.726169393023539
10.1141758974536	0.0122701845427859	0.726135092271393
10.115197943297	0.0122015830384935	0.726100791519247
10.1162201957185	0.0121329815342011	0.726066490767101
10.1172426547807	0.0120643800299087	0.726032190014954
10.1182653205461	0.0119957785256162	0.725997889262808
10.1192881930776	0.0119271770213238	0.725963588510662
10.1203112724379	0.0118585755170313	0.725929287758516
10.1213345586896	0.0117899740127389	0.725894987006369
10.1223580518955	0.0117213725084464	0.725860686254223
10.1233817521185	0.011652771004154	0.725826385502077
10.1244056594213	0.0115841694998615	0.725792084749931
10.1254297738668	0.0115155679955691	0.725757783997785
10.1264540955178	0.0114469664912766	0.725723483245638
10.1274786244372	0.0113783649869842	0.725689182493492
10.1285033606881	0.0113097634826917	0.725654881741346
10.1295283043332	0.0112411619783994	0.7256205809892
10.1305534554355	0.0111725604741069	0.725586280237053
10.1315788140582	0.0111039589698145	0.725551979484907
10.1326043802641	0.011035357465522	0.725517678732761
10.1336301541163	0.0109667559612296	0.725483377980615
10.1346561356779	0.0108981544569372	0.725449077228469
10.135682325012	0.0108295529526447	0.725414776476322
10.1367087221817	0.0107609514483523	0.725380475724176
10.1377353272502	0.0106923499440598	0.72534617497203
10.1387621402805	0.0106237484397674	0.725311874219884
10.139789161336	0.0105551469354749	0.725277573467737
10.1408163904798	0.0104865454311825	0.725243272715591
10.1418438277753	0.01041794392689	0.725208971963445
10.1428714732856	0.0103493424225976	0.725174671211299
10.143899327074	0.0102807409183052	0.725140370459153
10.144927389204	0.0102121394140128	0.725106069707006
10.1459556597387	0.0101435379097203	0.72507176895486
10.1469841387417	0.0100749364054279	0.725037468202714
10.1480128262764	0.0100063349011354	0.725003167450568
10.1490417224061	0.00993773339684299	0.724968866698421
10.1500708271942	0.00986913189255054	0.724934565946275
10.1511001407044	0.0098005303882581	0.724900265194129
10.1521296630001	0.00973192888396565	0.724865964441983
10.1531593941447	0.00966332737967321	0.724831663689837
10.154189334202	0.00959472587538076	0.72479736293769
10.1552194832354	0.00952612437108831	0.724763062185544
10.1562498413086	0.00945752286679587	0.724728761433398
10.1572804084852	0.0093889213625035	0.724694460681252
10.1583111848288	0.00932031985821105	0.724660159929105
10.1593421704033	0.00925171835391861	0.724625859176959
10.1603733652721	0.00918311684962616	0.724591558424813
10.1614047694992	0.00911451534533372	0.724557257672667
10.1624363831482	0.00904591384104127	0.724522956920521
10.163468206283	0.00897731233674883	0.724488656168374
10.1645002389674	0.00890871083245638	0.724454355416228
10.1655324812652	0.00884010932816393	0.724420054664082
10.1665649332402	0.00877150782387149	0.724385753911936
10.1675975949565	0.00870290631957904	0.72435145315979
10.1686304664778	0.0086343048152866	0.724317152407643
10.1696635478682	0.00856570331099415	0.724282851655497
10.1706968391915	0.00849710180670171	0.724248550903351
10.1717303405119	0.00842850030240934	0.724214250151205
10.1727640518933	0.00835989879811689	0.724179949399058
10.1737979733998	0.00829129729382445	0.724145648646912
10.1748321050954	0.008222695789532	0.724111347894766
10.1758664470443	0.00815409428523955	0.72407704714262
10.1769009993106	0.00808549278094711	0.724042746390474
10.1779357619584	0.00801689127665466	0.724008445638327
10.178970735052	0.00794828977236222	0.723974144886181
10.1800059186554	0.00787968826806977	0.723939844134035
10.1810413128331	0.00781108676377733	0.723905543381889
10.1820769176491	0.00774248525948488	0.723871242629742
10.1831127331678	0.00767388375519243	0.723836941877596
10.1841487594536	0.00760528225089999	0.72380264112545
10.1851849965706	0.00753668074660762	0.723768340373304
10.1862214445834	0.00746807924231517	0.723734039621158
10.1872581035563	0.00739947773802273	0.723699738869011
10.1882949735537	0.00733087623373028	0.723665438116865
10.1893320546401	0.00726227472943784	0.723631137364719
10.1903693468799	0.00719367322514539	0.723596836612573
10.1914068503376	0.00712507172085294	0.723562535860426
10.1924445650777	0.0070564702165605	0.72352823510828
10.1934824911648	0.00698786871226805	0.723493934356134
10.1945206286635	0.00691926720797561	0.723459633603988
10.1955589776383	0.00685066570368316	0.723425332851842
10.1965975381539	0.00678206419939072	0.723391032099695
10.1976363102749	0.00671346269509827	0.723356731347549
10.1986752940661	0.00664486119080582	0.723322430595403
10.199714489592	0.00657625968651346	0.723288129843257
10.2007538969175	0.00650765818222101	0.72325382909111
10.2017935161073	0.00643905667792856	0.723219528338964
10.2028333472262	0.00637045517363612	0.723185227586818
10.203873390339	0.00630185366934367	0.723150926834672
10.2049136455105	0.00623325216505123	0.723116626082526
10.2059541128056	0.00616465066075878	0.723082325330379
10.2069947922892	0.00609604915646634	0.723048024578233
10.2080356840262	0.00602744765217389	0.723013723826087
10.2090767880815	0.00595884614788144	0.722979423073941
10.2101181045202	0.005890244643589	0.722945122321794
10.2111596334071	0.00582164313929655	0.722910821569648
10.2122013748074	0.00575304163500411	0.722876520817502
10.2132433287861	0.00568444013071174	0.722842220065356
10.2142854954082	0.00561583862641929	0.72280791931321
10.2153278747388	0.00554723712212685	0.722773618561063
10.2163704668432	0.0054786356178344	0.722739317808917
10.2174132717864	0.00541003411354195	0.722705017056771
10.2184562896336	0.00534143260924951	0.722670716304625
10.21949952045	0.00527283110495706	0.722636415552478
10.2205429643009	0.00520422960066462	0.722602114800332
10.2215866212515	0.00513562809637217	0.722567814048186
10.2226304913671	0.00506702659207973	0.72253351329604
10.223674574713	0.00499842508778728	0.722499212543894
10.2247188713546	0.00492982358349483	0.722464911791747
10.2257633813573	0.00486122207920239	0.722430611039601
10.2268081047863	0.00479262057490994	0.722396310287455
10.2278530417072	0.00472401907061757	0.722362009535309
10.2288981921855	0.00465541756632513	0.722327708783163
10.2299435562864	0.00458681606203268	0.722293408031016
10.2309891340757	0.00451821455774024	0.72225910727887
10.2320349256187	0.00444961305344779	0.722224806526724
10.2330809309811	0.00438101154915535	0.722190505774578
10.2341271502285	0.0043124100448629	0.722156205022431
10.2351735834264	0.00424380854057045	0.722121904270285
10.2362202306405	0.00417520703627801	0.722087603518139
10.2372670919364	0.00410660553198556	0.722053302765993
10.2383141673799	0.00403800402769312	0.722019002013847
10.2393614570366	0.00396940252340067	0.7219847012617
10.2404089609723	0.00390080101910823	0.721950400509554
10.2414566792527	0.00383219951481586	0.721916099757408
10.2425046119438	0.00376359801052341	0.721881799005262
10.2435527591112	0.00369499650623097	0.721847498253115
10.2446011208208	0.00362639500193852	0.721813197500969
10.2456496971386	0.00355779349764607	0.721778896748823
10.2466984881304	0.00348919199335363	0.721744595996677
10.2477474938621	0.00342059048906118	0.721710295244531
10.2487967143998	0.00335198898476874	0.721675994492384
10.2498461498093	0.00328338748047629	0.721641693740238
10.2508958001567	0.00321478597618385	0.721607392988092
10.2519456655081	0.0031461844718914	0.721573092235946
10.2529957459295	0.00307758296759895	0.721538791483799
10.2540460414871	0.00300898146330651	0.721504490731653
10.2550965522468	0.00294037995901406	0.721470189979507
10.2561472782749	0.00287177845472169	0.721435889227361
10.2571982196376	0.00280317695042925	0.721401588475215
10.258249376401	0.0027345754461368	0.721367287723068
10.2593007486314	0.00266597394184436	0.721332986970922
10.2603523363951	0.00259737243755191	0.721298686218776
10.2614041397583	0.00252877093325946	0.72126438546663
10.2624561587873	0.00246016942896702	0.721230084714483
10.2635083935485	0.00239156792467457	0.721195783962337
10.2645608441082	0.00232296642038213	0.721161483210191
10.2656135105329	0.00225436491608968	0.721127182458045
10.2666663928889	0.00218576341179724	0.721092881705899
10.2677194912427	0.00211716190750479	0.721058580953752
10.2687728056608	0.00204856040321234	0.721024280201606
10.2698263362097	0.00197995889891998	0.72098997944946
10.2708800829558	0.00191135739462753	0.720955678697314
10.2719340459659	0.00184275589033508	0.720921377945168
10.2729882253064	0.00177415438604264	0.720887077193021
10.2740426210439	0.00170555288175019	0.720852776440875
10.2750972332451	0.00163695137745775	0.720818475688729
10.2761520619767	0.0015683498731653	0.720784174936583
10.2772071073053	0.00149974836887286	0.720749874184436
10.2782623692978	0.00143114686458041	0.72071557343229
10.2793178480207	0.00136254536028796	0.720681272680144
10.2803735435409	0.00129394385599552	0.720646971927998
10.2814294559253	0.00122534235170307	0.720612671175851
10.2824855852405	0.00115674084741063	0.720578370423705
10.2835419315536	0.00108813934311818	0.720544069671559
10.2845984949313	0.00101953783882581	0.720509768919413
10.2856552754406	9.50936334533367E-4	0.720475468167267
10.2867122731484	8.82334830240921E-4	0.72044116741512
10.2877694881217	8.13733325948475E-4	0.720406866662974
10.2888269204276	7.4513182165603E-4	0.720372565910828
10.2898845701329	6.76530317363584E-4	0.720338265158682
10.2909424373048	6.07928813071138E-4	0.720303964406536
10.2920005220103	5.39327308778692E-4	0.720269663654389
10.2930588243165	4.70725804486247E-4	0.720235362902243
10.2941173442907	4.02124300193801E-4	0.720201062150097
10.2951760819998	3.33522795901355E-4	0.720166761397951
10.2962350375112	2.64921291608909E-4	0.720132460645804
10.2972942108921	1.96319787316464E-4	0.720098159893658
10.2983536022096	1.27718283024095E-4	0.720063859141512
10.2994132115311	5.9116778731649E-5	0.720029558389366
10.3004730389238	-7.46823898823378E-6	0.72
10.3015330844552	-6.14848181421848E-5	0.72
10.3025933481924	-1.15501397296134E-4	0.72
10.303653830203	-1.69517976450085E-4	0.72
10.3047145305543	-2.23534555604038E-4	0.72
10.3057754493138	-2.77551134757989E-4	0.72
10.3068365865489	-3.31567713911938E-4	0.72
10.3078979423271	-3.85584293065889E-4	0.72
10.308959516716	-4.3960087221984E-4	0.72
10.310021309783	-4.93617451373791E-4	0.72
10.3110833215959	-5.47634030527744E-4	0.72
10.3121455522221	-6.01650609681693E-4	0.72
10.3132080017293	-6.55667188835583E-4	0.72
10.3142706701852	-7.09683767989534E-4	0.72
10.3153335576575	-7.63700347143485E-4	0.72
10.3163966642138	-8.17716926297438E-4	0.72
10.3174599899219	-8.71733505451387E-4	0.72
10.3185235348496	-9.25750084605338E-4	0.72
10.3195872990647	-9.79766663759289E-4	0.72
10.3206512826351	-0.00103378324291324	0.72
10.3217154856285	-0.00108779982206719	0.72
10.3227799081128	-0.00114181640122114	0.72
10.323844550156	-0.00119583298037509	0.72
10.324909411826	-0.00124984955952904	0.72
10.3259744931908	-0.00130386613868299	0.72
10.3270397943184	-0.00135788271783688	0.72
10.3281053152768	-0.00141189929699084	0.72
10.329171056134	-0.00146591587614479	0.72
10.3302370169581	-0.00151993245529874	0.72
10.3313031978173	-0.00157394903445269	0.72
10.3323695987796	-0.00162796561360664	0.72
10.3334362199133	-0.00168198219276059	0.72
10.3345030612865	-0.00173599877191454	0.72
10.3355701229674	-0.00179001535106849	0.72
10.3366374050244	-0.00184403193022244	0.72
10.3377049075256	-0.00189804850937639	0.72
10.3387726305394	-0.00195206508853035	0.72
10.3398405741341	-0.0020060816676843	0.72
10.3409087383781	-0.00206009824683825	0.72
10.3419771233398	-0.00211411482599214	0.72
10.3430457290875	-0.00216813140514609	0.72
10.3441145556898	-0.00222214798430004	0.72
10.345183603215	-0.00227616456345399	0.72
10.3462528717318	-0.00233018114260794	0.72
10.3473223613086	-0.00238419772176189	0.72
10.348392072014	-0.00243821430091584	0.72
10.3494620039167	-0.00249223088006979	0.72
10.3505321570851	-0.00254624745922374	0.72
10.3516025315879	-0.0026002640383777	0.72
10.3526731274939	-0.00265428061753165	0.72
10.3537439448717	-0.0027082971966856	0.72
10.3548149837901	-0.00276231377583955	0.72
10.3558862443177	-0.00281633035499344	0.72
10.3569577265235	-0.00287034693414739	0.72
10.3580294304762	-0.00292436351330134	0.72
10.3591013562446	-0.00297838009245529	0.72
10.3601735038977	-0.00303239667160924	0.72
10.3612458735043	-0.00308641325076319	0.72
10.3623184651334	-0.00314042982991714	0.72
10.3633912788539	-0.00319444640907109	0.72
10.3644643147348	-0.00324846298822505	0.72
10.3655375728451	-0.003302479567379	0.72
10.3666110532539	-0.00335649614653295	0.72
10.3676847560302	-0.0034105127256869	0.72
10.3687586812432	-0.00346452930484085	0.72
10.3698328289619	-0.0035185458839948	0.72
10.3709071992556	-0.00357256246314869	0.72
10.3719817921934	-0.00362657904230264	0.72
10.3730566078445	-0.00368059562145659	0.72
10.3741316462782	-0.00373461220061054	0.72
10.3752069075638	-0.00378862877976449	0.72
10.3762823917704	-0.00384264535891845	0.72
10.3773580989676	-0.0038966619380724	0.72
10.3784340292246	-0.00395067851722635	0.72
10.3795101826109	-0.0040046950963803	0.72
10.3805865591958	-0.00405871167553425	0.72
10.3816631590487	-0.0041127282546882	0.72
10.3827399822393	-0.00416674483384215	0.72
10.3838170288369	-0.0042207614129961	0.72
10.3848942989111	-0.00427477799214999	0.72
10.3859717925315	-0.00432879457130394	0.72
10.3870495097676	-0.00438281115045789	0.72
10.3881274506891	-0.00443682772961185	0.72
10.3892056153656	-0.0044908443087658	0.72
10.3902840038668	-0.00454486088791975	0.72
10.3913626162625	-0.0045988774670737	0.72
10.3924414526222	-0.00465289404622765	0.72
10.3935205130159	-0.0047069106253816	0.72
10.3945997975132	-0.00476092720453555	0.72
10.395679306184	-0.0048149437836895	0.72
10.3967590390983	-0.00486896036284345	0.72
10.3978389963257	-0.0049229769419974	0.72
10.3989191779363	-0.00497699352115135	0.72
10.399999584	-0.00503101010030524	0.72
10.4010802145868	-0.0050850266794592	0.72
10.4021610697666	-0.00513904325861315	0.72
10.4032421496094	-0.0051930598377671	0.72
10.4043234541854	-0.00524707641692105	0.72
10.4054049835647	-0.005301092996075	0.72
10.4064867378172	-0.00535510957522895	0.72
10.4075687170132	-0.0054091261543829	0.72
10.4086509212229	-0.00546314273353685	0.72
10.4097333505163	-0.0055171593126908	0.72
10.4108160049639	-0.00557117589184475	0.72
10.4118988846357	-0.00562519247099871	0.72
10.4129819896022	-0.00567920905015266	0.72
10.4140653199336	-0.00573322562930655	0.72
10.4151488757003	-0.0057872422084605	0.72
10.4162326569726	-0.00584125878761445	0.72
10.417316663821	-0.0058952753667684	0.72
10.4184008963159	-0.00594929194592235	0.72
10.4194853545277	-0.0060033085250763	0.72
10.4205700385269	-0.00605732510423025	0.72
10.4216549483842	-0.0061113416833842	0.72
10.4227400841699	-0.00616535826253815	0.72
10.4238254459547	-0.0062193748416921	0.72
10.4249110338092	-0.00627339142084606	0.72
10.4259968478041	-0.00632740800000001	0.72
10.42708288801	-0.00638142457915396	0.72
10.4281691544976	-0.00643544115830791	0.72
10.4292556473376	-0.0064894577374618	0.72
10.4303423666009	-0.00654347431661575	0.72
10.4314293123581	-0.0065974908957697	0.72
10.4325164846801	-0.00665150747492365	0.72
10.4336038836378	-0.0067055240540776	0.72
10.434691509302	-0.00675954063323155	0.72
10.4357793617436	-0.0068135572123855	0.72
10.4368674410335	-0.00686757379153946	0.72
10.4379557472428	-0.00692159037069341	0.72
10.4390442804424	-0.00697560694984736	0.72
10.4401330407034	-0.00702962352900131	0.72
10.4412220280967	-0.00708364010815526	0.72
10.4423112426935	-0.00713765668730921	0.72
10.4434006845649	-0.0071916732664631	0.72
10.444490353782	-0.00724568984561705	0.72
10.4455802504161	-0.007299706424771	0.72
10.4466703745382	-0.00735372300392495	0.72
10.4477607262197	-0.0074077395830789	0.72
10.4488513055317	-0.00746175616223286	0.72
10.4499421125457	-0.00751577274138681	0.72
10.4510331473328	-0.00756978932054076	0.72
10.4521244099645	-0.00762380589969471	0.72
10.4532159005121	-0.00767782247884866	0.72
10.4543076190471	-0.00773183905800261	0.72
10.4553995656409	-0.00778585563715656	0.72
10.4564917403649	-0.00783987221631051	0.72
10.4575841432907	-0.00789388879546446	0.72
10.4586767744897	-0.00794790537461835	0.72
10.4597696340336	-0.0080019219537723	0.72
10.4608627219939	-0.00805593853292625	0.72
10.4619560384422	-0.0081099551120802	0.72
10.4630495834503	-0.00816397169123416	0.72
10.4641433570897	-0.00821798827038811	0.72
10.4652373594322	-0.00827200484954206	0.72
10.4663315905496	-0.00832602142869601	0.72
10.4674260505135	-0.00838003800784996	0.72
10.4685207393958	-0.00843405458700391	0.72
10.4696156572683	-0.00848807116615786	0.72
10.4707108042029	-0.00854208774531181	0.72
10.4718061802715	-0.00859610432446576	0.72
10.472901785546	-0.00865012090361965	0.72
10.4739976200983	-0.0087041374827736	0.72
10.4750936840004	-0.00875815406192756	0.72
10.4761899773243	-0.00881217064108151	0.72
10.4772865001421	-0.00886618722023546	0.72
10.4783832525258	-0.00892020379938941	0.72
10.4794802345475	-0.00897422037854336	0.72
10.4805774462794	-0.00902823695769731	0.72
10.4816748877937	-0.00908225353685126	0.72
10.4827725591624	-0.00913627011600521	0.72
10.4838704604579	-0.00919028669515916	0.72
10.4849685917523	-0.00924430327431311	0.72
10.4860669531181	-0.00929831985346707	0.72
10.4871655446273	-0.00935233643262102	0.72
10.4882643663526	-0.00940635301177491	0.72
10.4893634183661	-0.00946036959092886	0.72
10.4904627007403	-0.00951438617008281	0.72
10.4915622135476	-0.00956840274923676	0.72
10.4926619568605	-0.00962241932839071	0.72
10.4937619307515	-0.00967643590754466	0.72
10.494862135293	-0.00973045248669861	0.72
10.4959625705578	-0.00978446906585256	0.72
10.4970632366183	-0.00983848564500651	0.72
10.4981641335471	-0.00989250222416047	0.72
10.499265261417	-0.00994651880331442	0.72
10.5003666203006	-0.0100007485560975	0.719999251443902
10.5014682102705	-0.0100762729560975	0.719923727043902
10.5025700313995	-0.0101517973560975	0.719848202643902
10.5036720837605	-0.0102273217560975	0.719772678243902
10.5047743674261	-0.0103028461560975	0.719697153843903
10.5058768824693	-0.0103783705560975	0.719621629443903
10.5069796289628	-0.0104538949560975	0.719546105043902
10.5080826069796	-0.0105294193560975	0.719470580643902
10.5091858165926	-0.0106049437560975	0.719395056243902
10.5102892578748	-0.0106804681560975	0.719319531843903
10.511392930899	-0.0107559925560975	0.719244007443902
10.5124968357385	-0.0108315169560975	0.719168483043902
10.513600972466	-0.0109070413560975	0.719092958643902
10.5147053411549	-0.0109825657560975	0.719017434243902
10.5158099418781	-0.0110580901560975	0.718941909843902
10.5169147747088	-0.0111336145560976	0.718866385443902
10.5180198397201	-0.0112091389560975	0.718790861043903
10.5191251369853	-0.0112846633560975	0.718715336643903
10.5202306665776	-0.0113601877560975	0.718639812243902
10.5213364285702	-0.0114357121560975	0.718564287843902
10.5224424230365	-0.0115112365560975	0.718488763443902
10.5235486500497	-0.0115867609560975	0.718413239043902
10.5246551096832	-0.0116622853560975	0.718337714643903
10.5257618020104	-0.0117378097560975	0.718262190243902
10.5268687271047	-0.0118133341560975	0.718186665843902
10.5279758850396	-0.0118888585560975	0.718111141443902
10.5290832758884	-0.0119643829560975	0.718035617043902
10.5301908997248	-0.0120399073560976	0.717960092643902
10.5312987566222	-0.0121154317560976	0.717884568243902
10.5324068466543	-0.0121909561560975	0.717809043843903
10.5335151698945	-0.0122664805560975	0.717733519443903
10.5346237264167	-0.0123420049560975	0.717657995043902
10.5357325162943	-0.0124175293560975	0.717582470643902
10.5368415396011	-0.0124930537560975	0.717506946243902
10.5379507964109	-0.0125685781560975	0.717431421843903
10.5390602867973	-0.0126441025560975	0.717355897443902
10.5401700108342	-0.0127196269560975	0.717280373043902
10.5412799685954	-0.0127951513560975	0.717204848643902
10.5423901601547	-0.0128706757560975	0.717129324243902
10.543500585586	-0.0129462001560975	0.717053799843902
10.5446112449632	-0.0130217245560976	0.716978275443902
10.5457221383603	-0.0130972489560976	0.716902751043902
10.5468332658512	-0.0131727733560976	0.716827226643902
10.5479446275099	-0.0132482977560975	0.716751702243902
10.5490562234104	-0.0133238221560975	0.716676177843902
10.5501680536269	-0.0133993465560975	0.716600653443902
10.5512801182334	-0.0134748709560975	0.716525129043902
10.5523924173041	-0.0135503953560975	0.716449604643903
10.553504950913	-0.0136259197560975	0.716374080243902
10.5546177191344	-0.0137014441560975	0.716298555843902
10.5557307220426	-0.0137769685560975	0.716223031443902
10.5568439597117	-0.0138524929560975	0.716147507043902
10.5579574322161	-0.0139280173560976	0.716071982643902
10.55907113963	-0.0140035417560976	0.715996458243902
10.5601850820278	-0.0140790661560976	0.715920933843902
10.5612992594839	-0.0141545905560976	0.715845409443902
10.5624136720728	-0.0142301149560975	0.715769885043902
10.5635283198687	-0.0143056393560975	0.715694360643902
10.5646432029463	-0.0143811637560975	0.715618836243902
10.5657583213799	-0.0144566881560975	0.715543311843903
10.5668736752443	-0.0145322125560975	0.715467787443902
10.5679892646138	-0.0146077369560975	0.715392263043902
10.5691050895631	-0.0146832613560975	0.715316738643902
10.5702211501669	-0.0147587857560975	0.715241214243902
10.5713374464998	-0.0148343101560976	0.715165689843902
10.5724539786365	-0.0149098345560976	0.715090165443902
10.5735707466516	-0.0149853589560976	0.715014641043902
10.5746877506201	-0.0150608833560976	0.714939116643902
10.5758049906166	-0.0151364077560976	0.714863592243902
10.576922466716	-0.0152119321560976	0.714788067843902
10.5780401789931	-0.0152874565560975	0.714712543443902
10.5791581275229	-0.0153629809560975	0.714637019043902
10.5802763123801	-0.0154385053560975	0.714561494643903
10.5813947336398	-0.0155140297560975	0.714485970243902
10.582513391377	-0.0155895541560975	0.714410445843902
10.5836322856666	-0.0156650785560975	0.714334921443902
10.5847514165837	-0.0157406029560975	0.714259397043902
10.5858707842034	-0.0158161273560976	0.714183872643902
10.5869903886008	-0.0158916517560976	0.714108348243902
10.5881102298509	-0.0159671761560976	0.714032823843902
10.5892303080291	-0.0160427005560976	0.713957299443902
10.5903506232104	-0.0161182249560976	0.713881775043902
10.5914711754701	-0.0161937493560976	0.713806250643902
10.5925919648834	-0.0162692737560975	0.713730726243902
10.5937129915258	-0.0163447981560975	0.713655201843902
10.5948342554724	-0.0164203225560975	0.713579677443902
10.5959557567987	-0.0164958469560975	0.713504153043902
10.59707749558	-0.0165713713560975	0.713428628643902
10.5981994718917	-0.0166468957560975	0.713353104243902
10.5993216858094	-0.0167224201560976	0.713277579843902
10.6004441374085	-0.0167979445560976	0.713202055443902
10.6015668267645	-0.0168734689560976	0.713126531043902
10.6026897539529	-0.0169489933560976	0.713051006643902
10.6038129190494	-0.0170245177560976	0.712975482243902
10.6049363221296	-0.0171000421560976	0.712899957843902
10.6060599632691	-0.0171755665560976	0.712824433443902
10.6071838425436	-0.0172510909560976	0.712748909043902
10.6083079600287	-0.0173266153560975	0.712673384643903
10.6094323158004	-0.0174021397560975	0.712597860243902
10.6105569099342	-0.0174776641560975	0.712522335843902
10.6116817425061	-0.0175531885560975	0.712446811443902
10.6128068135918	-0.0176287129560976	0.712371287043902
10.6139321232672	-0.0177042373560976	0.712295762643902
10.6150576716083	-0.0177797617560976	0.712220238243902
10.616183458691	-0.0178552861560976	0.712144713843902
10.6173094845912	-0.0179308105560976	0.712069189443902
10.618435749385	-0.0180063349560976	0.711993665043902
10.6195622531483	-0.0180818593560976	0.711918140643902
10.6206889959572	-0.0181573837560976	0.711842616243902
10.6218159778879	-0.0182329081560976	0.711767091843902
10.6229431990165	-0.0183084325560975	0.711691567443902
10.6240706594191	-0.0183839569560975	0.711616043043902
10.6251983591719	-0.0184594813560975	0.711540518643902
10.6263262983511	-0.0185350057560975	0.711464994243902
10.6274544770331	-0.0186105301560976	0.711389469843902
10.628582895294	-0.0186860545560976	0.711313945443902
10.6297115532103	-0.0187615789560976	0.711238421043902
10.6308404508582	-0.0188371033560976	0.711162896643902
10.6319695883142	-0.0189126277560976	0.711087372243902
10.6330989656547	-0.0189881521560976	0.711011847843902
10.6342285829561	-0.0190636765560976	0.710936323443902
10.6353584402949	-0.0191392009560976	0.710860799043902
10.6364885377477	-0.0192147253560976	0.710785274643902
10.6376188753909	-0.0192902497560976	0.710709750243902
10.6387494533013	-0.0193657741560975	0.710634225843902
10.6398802715553	-0.0194412985560975	0.710558701443902
10.6410113302296	-0.0195168229560976	0.710483177043902
10.642142629401	-0.0195923473560976	0.710407652643902
10.6432741691461	-0.0196678717560976	0.710332128243902
10.6444059495417	-0.0197433961560976	0.710256603843902
10.6455379706645	-0.0198189205560976	0.710181079443902
10.6466702325914	-0.0198944449560976	0.710105555043902
10.6478027353992	-0.0199699693560976	0.710030030643902
10.6489354791648	-0.0200454937560976	0.709954506243902
10.6500684639651	-0.0201210181560976	0.709878981843902
10.6512016898771	-0.0201965425560976	0.709803457443902
10.6523351569776	-0.0202720669560976	0.709727933043902
10.6534688653438	-0.0203475913560975	0.709652408643902
10.6546028150526	-0.0204231157560976	0.709576884243902
10.6557370061812	-0.0204986401560976	0.709501359843902
10.6568714388066	-0.0205741645560976	0.709425835443902
10.658006113006	-0.0206496889560976	0.709350311043902
10.6591410288565	-0.0207252133560976	0.709274786643902
10.6602761864354	-0.0208007377560976	0.709199262243902
10.6614115858199	-0.0208762621560976	0.709123737843902
10.6625472270873	-0.0209517865560976	0.709048213443902
10.6636831103148	-0.0210273109560976	0.708972689043902
10.6648192355799	-0.0211028353560976	0.708897164643902
10.6659556029598	-0.0211783597560976	0.708821640243902
10.667092212532	-0.0212538841560976	0.708746115843902
10.6682290643739	-0.0213294085560976	0.708670591443902
10.669366158563	-0.0214049329560976	0.708595067043902
10.6705034951768	-0.0214804573560976	0.708519542643902
10.6716410742928	-0.0215559817560976	0.708444018243902
10.6727788959885	-0.0216315061560976	0.708368493843902
10.6739169603417	-0.0217070305560976	0.708292969443902
10.6750552674299	-0.0217825549560976	0.708217445043902
10.6761938173308	-0.0218580793560976	0.708141920643902
10.677332610122	-0.0219336037560976	0.708066396243902
10.6784716458814	-0.0220091281560976	0.707990871843902
10.6796109246866	-0.0220846525560976	0.707915347443902
10.6807504466156	-0.0221601769560976	0.707839823043902
10.681890211746	-0.0222357013560976	0.707764298643902
10.6830302201559	-0.0223112257560976	0.707688774243902
10.684170471923	-0.0223867501560976	0.707613249843902
10.6853109671254	-0.0224622745560976	0.707537725443902
10.6864517058409	-0.0225377989560976	0.707462201043902
10.6875926881476	-0.0226133233560976	0.707386676643902
10.6887339141235	-0.0226888477560976	0.707311152243902
10.6898753838467	-0.0227643721560976	0.707235627843902
10.6910170973953	-0.0228398965560976	0.707160103443902
10.6921590548474	-0.0229154209560976	0.707084579043902
10.6933012562811	-0.0229909453560976	0.707009054643902
10.6944437017747	-0.0230664697560976	0.706933530243902
10.6955863914065	-0.0231419941560976	0.706858005843902
10.6967293252546	-0.0232175185560976	0.706782481443902
10.6978725033974	-0.0232930429560976	0.706706957043902
10.6990159259132	-0.0233685673560977	0.706631432643902
10.7001595928803	-0.0234440917560976	0.706555908243902
10.7013035043773	-0.0235196161560976	0.706480383843902
10.7024476604824	-0.0235951405560976	0.706404859443902
10.7035920612742	-0.0236706649560976	0.706329335043902
10.7047367068312	-0.0237461893560976	0.706253810643902
10.7058815972319	-0.0238217137560976	0.706178286243902
10.7070267325549	-0.0238972381560976	0.706102761843902
10.7081721128787	-0.0239727625560976	0.706027237443902
10.7093177382821	-0.0240482869560976	0.705951713043902
10.7104636088436	-0.0241238113560976	0.705876188643902
10.711609724642	-0.0241993357560976	0.705800664243902
10.712756085756	-0.0242748601560976	0.705725139843902
10.7139026922645	-0.0243503845560977	0.705649615443902
10.7150495442461	-0.0244259089560976	0.705574091043902
10.7161966417797	-0.0245014333560976	0.705498566643902
10.7173439849443	-0.0245769577560976	0.705423042243902
10.7184915738186	-0.0246524821560976	0.705347517843902
10.7196394084817	-0.0247280065560976	0.705271993443902
10.7207874890125	-0.0248035309560976	0.705196469043902
10.7219358154901	-0.0248790553560976	0.705120944643902
10.7230843879934	-0.0249545797560976	0.705045420243902
10.7242332066015	-0.0250301041560976	0.704969895843902
10.7253822713936	-0.0251056285560976	0.704894371443902
10.7265315824487	-0.0251811529560976	0.704818847043902
10.7276811398462	-0.0252566773560977	0.704743322643902
10.7288309436651	-0.0253322017560977	0.704667798243902
10.7299809939847	-0.0254077261560977	0.704592273843902
10.7311312908843	-0.0254832505560976	0.704516749443902
10.7322818344432	-0.0255587749560976	0.704441225043902
10.7334326247407	-0.0256342993560976	0.704365700643902
10.7345836618563	-0.0257098237560976	0.704290176243902
10.7357349458694	-0.0257853481560976	0.704214651843902
10.7368864768593	-0.0258608725560976	0.704139127443902
10.7380382549056	-0.0259363969560976	0.704063603043902
10.7391902800877	-0.0260119213560976	0.703988078643902
10.7403425524854	-0.0260874457560976	0.703912554243902
10.741495072178	-0.0261629701560976	0.703837029843902
10.7426478392453	-0.0262384945560977	0.703761505443902
10.7438008537669	-0.0263140189560977	0.703685981043902
10.7449541158224	-0.0263895433560977	0.703610456643902
10.7461076254917	-0.0264650677560976	0.703534932243902
10.7472613828544	-0.0265405921560976	0.703459407843902
10.7484153879904	-0.0266161165560976	0.703383883443902
10.7495696409794	-0.0266916409560976	0.703308359043902
10.7507241419014	-0.0267671653560976	0.703232834643902
10.7518788908362	-0.0268426897560976	0.703157310243902
10.7530338878637	-0.0269182141560976	0.703081785843902
10.7541891330639	-0.0269937385560976	0.703006261443902
10.7553446265169	-0.0270692629560976	0.702930737043902
10.7565003683026	-0.0271447873560977	0.702855212643902
10.7576563585011	-0.0272203117560977	0.702779688243902
10.7588125971924	-0.0272958361560977	0.702704163843902
10.7599690844568	-0.0273713605560977	0.702628639443902
10.7611258203744	-0.0274468849560977	0.702553115043902
10.7622828050254	-0.0275224093560976	0.702477590643902
10.7634400384901	-0.0275979337560976	0.702402066243902
10.7645975208486	-0.0276734581560976	0.702326541843902
10.7657552521814	-0.0277489825560976	0.702251017443902
10.7669132325687	-0.0278245069560976	0.702175493043902
10.7680714620909	-0.0279000313560976	0.702099968643902
10.7692299408285	-0.0279755557560976	0.702024444243902
10.7703886688618	-0.0280510801560977	0.701948919843902
10.7715476462714	-0.0281266045560977	0.701873395443902
10.7727068731378	-0.0282021289560977	0.701797871043902
10.7738663495415	-0.0282776533560977	0.701722346643902
10.7750260755631	-0.0283531777560977	0.701646822243902
10.7761860512832	-0.0284287021560977	0.701571297843902
10.7773462767825	-0.0285042265560976	0.701495773443902
10.7785067521417	-0.0285797509560976	0.701420249043902
10.7796674774414	-0.0286552753560976	0.701344724643902
10.7808284527625	-0.0287307997560976	0.701269200243902
10.7819896781856	-0.0288063241560976	0.701193675843902
10.7831511537918	-0.0288818485560976	0.701118151443902
10.7843128796617	-0.0289573729560977	0.701042627043902
10.7854748558764	-0.0290328973560977	0.700967102643902
10.7866370825167	-0.0291084217560977	0.700891578243902
10.7877995596636	-0.0291839461560977	0.700816053843902
10.7889622873981	-0.0292594705560977	0.700740529443902
10.7901252658013	-0.0293349949560977	0.700665005043902
10.7912884949541	-0.0294105193560977	0.700589480643902
10.7924519749378	-0.0294860437560977	0.700513956243902
10.7936157058334	-0.0295615681560976	0.700438431843902
10.7947796877221	-0.0296370925560976	0.700362907443902
10.7959439206852	-0.0297126169560976	0.700287383043902
10.7971084048039	-0.0297881413560976	0.700211858643902
10.7982731401594	-0.0298636657560976	0.700136334243902
10.7994381268331	-0.0299391901560977	0.700060809843902
10.8006033649064	-0.03001555891167	0.699992220544165
10.8017688544605	-0.0300954170780143	0.699952291460993
10.802934595577	-0.0301752752443586	0.699912362377821
10.8041005883373	-0.0302551334107029	0.699872433294649
10.8052668328229	-0.0303349915770472	0.699832504211476
10.8064333291152	-0.0304148497433915	0.699792575128304
10.807600077296	-0.0304947079097358	0.699752646045132
10.8087670774467	-0.03057456607608	0.69971271696196
10.8099343296489	-0.0306544242424243	0.699672787878788
10.8111018339845	-0.0307342824087686	0.699632858795616
10.812269590535	-0.0308141405751129	0.699592929712443
10.8134375993823	-0.0308939987414572	0.699553000629271
10.814605860608	-0.0309738569078015	0.699513071546099
10.8157743742939	-0.0310537150741458	0.699473142462927
10.816943140522	-0.0311335732404901	0.699433213379755
10.8181121593742	-0.0312134314068344	0.699393284296583
10.8192814309322	-0.0312932895731787	0.699353355213411
10.8204509552781	-0.031373147739523	0.699313426130239
10.8216207324939	-0.0314530059058673	0.699273497047066
10.8227907626615	-0.0315328640722116	0.699233567963894
10.8239610458631	-0.0316127222385559	0.699193638880722
10.8251315821807	-0.0316925804049001	0.69915370979755
10.8263023716964	-0.0317724385712444	0.699113780714378
10.8274734144925	-0.0318522967375887	0.699073851631206
10.828644710651	-0.031932154903933	0.699033922548033
10.8298162602543	-0.0320120130702773	0.698993993464861
10.8309880633847	-0.0320918712366216	0.698954064381689
10.8321601201243	-0.0321717294029659	0.698914135298517
10.8333324305556	-0.0322515875693102	0.698874206215345
10.834504994761	-0.0323314457356545	0.698834277132173
10.8356778128228	-0.0324113039019988	0.698794348049001
10.8368508848235	-0.0324911620683431	0.698754418965828
10.8380242108455	-0.0325710202346874	0.698714489882656
10.8391977909715	-0.0326508784010317	0.698674560799484
10.8403716252839	-0.0327307365673759	0.698634631716312
10.8415457138654	-0.0328105947337202	0.69859470263314
10.8427200567985	-0.0328904529000645	0.698554773549968
10.843894654166	-0.0329703110664088	0.698514844466796
10.8450695060505	-0.0330501692327531	0.698474915383623
10.8462446125347	-0.0331300273990974	0.698434986300451
10.8474199737015	-0.0332098855654417	0.698395057217279
10.8485955896336	-0.033289743731786	0.698355128134107
10.849771460414	-0.0333696018981303	0.698315199050935
10.8509475861253	-0.0334494600644746	0.698275269967763
10.8521239668507	-0.0335293182308189	0.69823534088459
10.8533006026729	-0.0336091763971633	0.698195411801418
10.8544774936751	-0.0336890345635076	0.698155482718246
10.8556546399402	-0.0337688927298519	0.698115553635074
10.8568320415513	-0.0338487508961961	0.698075624551902
10.8580096985914	-0.0339286090625404	0.69803569546873
10.8591876111438	-0.0340084672288847	0.697995766385558
10.8603657792915	-0.034088325395229	0.697955837302386
10.8615442031178	-0.0341681835615733	0.697915908219213
10.8627228827059	-0.0342480417279176	0.697875979136041
10.8639018181392	-0.0343278998942619	0.697836050052869
10.8650810095008	-0.0344077580606062	0.697796120969697
10.8662604568741	-0.0344876162269505	0.697756191886525
10.8674401603426	-0.0345674743932948	0.697716262803353
10.8686201199896	-0.0346473325596391	0.69767633372018
10.8698003358986	-0.0347271907259834	0.697636404637008
10.8709808081531	-0.0348070488923277	0.697596475553836
10.8721615368366	-0.0348869070586719	0.697556546470664
10.8733425220327	-0.0349667652250162	0.697516617387492
10.8745237638249	-0.0350466233913605	0.69747668830432
10.875705262297	-0.0351264815577048	0.697436759221148
10.8768870175326	-0.0352063397240491	0.697396830137975
10.8780690296153	-0.0352861978903934	0.697356901054803
10.879251298629	-0.0353660560567377	0.697316971971631
10.8804338246575	-0.035445914223082	0.697277042888459
10.8816166077844	-0.0355257723894263	0.697237113805287
10.8827996480938	-0.0356056305557706	0.697197184722115
10.8839829456694	-0.0356854887221149	0.697157255638942
10.8851665005953	-0.0357653468884592	0.69711732655577
10.8863503129554	-0.0358452050548035	0.697077397472598
10.8875343828336	-0.0359250632211478	0.697037468389426
10.888718710314	-0.036004921387492	0.696997539306254
10.8899032954808	-0.0360847795538363	0.696957610223082
10.8910881384179	-0.0361646377201806	0.69691768113991
10.8922732392096	-0.0362444958865249	0.696877752056738
10.89345859794	-0.0363243540528692	0.696837822973565
10.8946442146933	-0.0364042122192135	0.696797893890393
10.8958300895539	-0.0364840703855578	0.696757964807221
10.897016222606	-0.0365639285519021	0.696718035724049
10.8982026139339	-0.0366437867182464	0.696678106640877
10.899389263622	-0.0367236448845907	0.696638177557705
10.9005761717547	-0.036803503050935	0.696598248474532
10.9017633384165	-0.0368833612172793	0.69655831939136
10.9029507636917	-0.0369632193836236	0.696518390308188
10.904138447665	-0.0370430775499678	0.696478461225016
10.9053263904209	-0.0371229357163121	0.696438532141844
10.906514592044	-0.0372027938826564	0.696398603058672
10.9077030526189	-0.0372826520490007	0.6963586739755
10.9088917722302	-0.037362510215345	0.696318744892327
10.9100807509627	-0.0374423683816893	0.696278815809155
10.9112699889011	-0.0375222265480336	0.696238886725983
10.9124594861301	-0.0376020847143779	0.696198957642811
10.9136492427346	-0.0376819428807222	0.696159028559639
10.9148392587995	-0.0377618010470665	0.696119099476467
10.9160295344095	-0.0378416592134108	0.696079170393295
10.9172200696497	-0.0379215173797551	0.696039241310122
10.9184108646049	-0.0380013755460994	0.69599931222695
10.9196019193603	-0.0380812337124437	0.695959383143778
10.9207932340007	-0.0381610918787879	0.695919454060606
10.9219848086113	-0.0382409500451322	0.695879524977434
10.9231766432772	-0.0383208082114765	0.695839595894262
10.9243687380836	-0.0384006663778208	0.69579966681109
10.9255610931155	-0.0384805245441651	0.695759737727917
10.9267537084583	-0.0385603827105094	0.695719808644745
10.9279465841971	-0.0386402408768537	0.695679879561573
10.9291397204173	-0.038720099043198	0.695639950478401
10.9303331172042	-0.0387999572095423	0.695600021395229
10.9315267746432	-0.0388798153758866	0.695560092312057
10.9327206928196	-0.0389596735422309	0.695520163228885
10.933914871819	-0.0390395317085752	0.695480234145712
10.9351093117267	-0.0391193898749195	0.69544030506254
10.9363040126284	-0.0391992480412637	0.695400375979368
10.9374989746095	-0.039279106207608	0.695360446896196
10.9386941977556	-0.0393589643739524	0.695320517813024
10.9398896821524	-0.0394388225402967	0.695280588729852
10.9410854278856	-0.039518680706641	0.695240659646679
10.9422814350408	-0.0395985388729853	0.695200730563507
10.9434777037038	-0.0396783970393296	0.695160801480335
10.9446742339604	-0.0397582552056739	0.695120872397163
10.9458710258963	-0.0398381133720182	0.695080943313991
10.9470680795974	-0.0399179715383625	0.695041014230819
10.9482653951497	-0.0399978297047068	0.695001085147647
10.949462972639	-0.0400776878710511	0.694961156064474
10.9506608121514	-0.0401575460373954	0.694921226981302
10.9518589137727	-0.0402374042037397	0.69488129789813
10.9530572775891	-0.0403172623700839	0.694841368814958
10.9542559036867	-0.0403971205364282	0.694801439731786
10.9554547921515	-0.0404769787027725	0.694761510648614
10.9566539430697	-0.0405568368691168	0.694721581565442
10.9578533565275	-0.0406366950354611	0.694681652482269
10.9590530326111	-0.0407165532018054	0.694641723399097
10.9602529714068	-0.0407964113681497	0.694601794315925
10.9614531730009	-0.040876269534494	0.694561865232753
10.9626536374797	-0.0409561277008383	0.694521936149581
10.9638543649297	-0.0410359858671826	0.694482007066409
10.9650553554372	-0.0411158440335269	0.694442077983237
10.9662566090887	-0.0411957021998712	0.694402148900064
10.9674581259707	-0.0412755603662155	0.694362219816892
10.9686599061697	-0.0413554185325597	0.69432229073372
10.9698619497723	-0.041435276698904	0.694282361650548
10.9710642568651	-0.0415151348652483	0.694242432567376
10.9722668275347	-0.0415949930315926	0.694202503484204
10.9734696618679	-0.0416748511979369	0.694162574401032
10.9746727599513	-0.0417547093642812	0.694122645317859
10.9758761218717	-0.0418345675306255	0.694082716234687
10.977079747716	-0.0419144256969698	0.694042787151515
10.9782836375709	-0.0419942838633141	0.694002858068343
10.9794877915232	-0.0420741420296584	0.693962928985171
10.9806922096601	-0.0421540001960027	0.693922999901999
10.9818968920683	-0.042233858362347	0.693883070818826
10.9831018388348	-0.0423137165286913	0.693843141735654
10.9843070500468	-0.0423935746950356	0.693803212652482
10.9855125257912	-0.0424734328613798	0.69376328356931
10.9867182661552	-0.0425532910277241	0.693723354486138
10.9879242712259	-0.0426331491940684	0.693683425402966
10.9891305410905	-0.0427130073604127	0.693643496319794
10.9903370758362	-0.042792865526757	0.693603567236621
10.9915438755502	-0.0428727236931013	0.693563638153449
10.9927509403199	-0.0429525818594456	0.693523709070277
10.9939582702326	-0.0430324400257899	0.693483779987105
10.9951658653756	-0.0431122981921342	0.693443850903933
10.9963737258364	-0.0431921563584785	0.693403921820761
10.9975818517024	-0.0432720145248228	0.693363992737589
10.9987902430612	-0.0433518726911671	0.693324063654416
10.9999989000001	-0.0434317308575114	0.693284134571244
11.0012078226068	-0.0435115890238556	0.693244205488072
11.002417010969	-0.0435914471901999	0.6932042764049
11.0036264651741	-0.0436713053565442	0.693164347321728
11.00483618531	-0.0437511635228885	0.693124418238556
11.0060461714643	-0.0438310216892328	0.693084489155384
11.0072564237248	-0.0439108798555771	0.693044560072211
11.0084669421792	-0.0439907380219214	0.693004630989039
11.0096777269155	-0.0440705961882657	0.692964701905867
11.0108887780215	-0.04415045435461	0.692924772822695
11.012100095585	-0.0442303125209543	0.692884843739523
11.0133116796941	-0.0443101706872986	0.692844914656351
11.0145235304368	-0.0443900288536429	0.692804985573178
11.015735647901	-0.0444698870199872	0.692765056490006
11.0169480321748	-0.0445497451863315	0.692725127406834
11.0181606833463	-0.0446296033526757	0.692685198323662
11.0193736015037	-0.04470946151902	0.69264526924049
11.0205867867352	-0.0447893196853643	0.692605340157318
11.021800239129	-0.0448691778517086	0.692565411074146
11.0230139587733	-0.0449490360180529	0.692525481990974
11.0242279457564	-0.0450288941843972	0.692485552907801
11.0254422001667	-0.0451087523507415	0.692445623824629
11.0266567220925	-0.0451886105170858	0.692405694741457
11.0278715116223	-0.0452684686834301	0.692365765658285
11.0290865688446	-0.0453483268497744	0.692325836575113
11.0303018938477	-0.0454281850161187	0.692285907491941
11.0315174867203	-0.045508043182463	0.692245978408768
11.0327333475509	-0.0455879013488073	0.692206049325596
11.0339494764281	-0.0456677595151516	0.692166120242424
11.0351658734406	-0.0457476176814959	0.692126191159252
11.036382538677	-0.0458274758478402	0.69208626207608
11.0375994722261	-0.0459073340141845	0.692046332992908
11.0388166741767	-0.0459871921805288	0.692006403909736
11.0400341446176	-0.0460670503468731	0.691966474826563
11.0412518836376	-0.0461469085132174	0.691926545743391
11.0424698913255	-0.0462267666795617	0.691886616660219
11.0436881677704	-0.046306624845906	0.691846687577047
11.0449067130612	-0.0463864830122503	0.691806758493875
11.0461255272868	-0.0464663411785946	0.691766829410703
11.0473446105364	-0.0465461993449389	0.691726900327531
11.0485639628989	-0.0466260575112832	0.691686971244358
11.0497835844636	-0.0467059156776275	0.691647042161186
11.0510034753196	-0.0467857738439717	0.691607113078014
11.052223635556	-0.046865632010316	0.691567183994842
11.0534440652622	-0.0469454901766603	0.69152725491167
11.0546647645274	-0.0470253483430046	0.691487325828498
11.0558857334408	-0.0471052065093489	0.691447396745326
11.057106972092	-0.0471850646756932	0.691407467662153
11.0583284805702	-0.0472649228420375	0.691367538578981
11.0595502589649	-0.0473447810083818	0.691327609495809
11.0607723073656	-0.0474246391747261	0.691287680412637
11.0619946258618	-0.0475044973410704	0.691247751329465
11.063217214543	-0.0475843555074147	0.691207822246293
11.0644400734989	-0.047664213673759	0.69116789316312
11.065663202819	-0.0477440718401033	0.691127964079948
11.0668866025931	-0.0478239300064475	0.691088034996776
11.0681102729108	-0.0479037881727918	0.691048105913604
11.069334213862	-0.0479836463391361	0.691008176830432
11.0705584255363	-0.0480635045054804	0.69096824774726
11.0717829080237	-0.0481433626718247	0.690928318664088
11.073007661414	-0.048223220838169	0.690888389580915
11.0742326857971	-0.0483030790045133	0.690848460497743
11.075457981263	-0.0483829371708576	0.690808531414571
11.0766835479016	-0.0484627953372019	0.690768602331399
11.077909385803	-0.0485426535035462	0.690728673248227
11.0791354950573	-0.0486225116698905	0.690688744165055
11.0803618757546	-0.0487023698362348	0.690648815081883
11.0815885279849	-0.0487822280025791	0.69060888599871
11.0828154518386	-0.0488620861689234	0.690568956915538
11.0840426474059	-0.0489419443352676	0.690529027832366
11.0852701147769	-0.0490218025016119	0.690489098749194
11.086497854042	-0.0491016606679562	0.690449169666022
11.0877258652917	-0.0491815188343005	0.69040924058285
11.0889541486162	-0.0492613770006448	0.690369311499678
11.0901827041059	-0.0493412351669891	0.690329382416505
11.0914115318515	-0.0494210933333334	0.690289453333333
11.0926406319433	-0.0495009514996777	0.690249524250161
11.0938700044719	-0.049580809666022	0.690209595166989
11.095099649528	-0.0496606678323663	0.690169666083817
11.0963295672021	-0.0497405259987106	0.690129737000645
11.0975597575849	-0.0498203841650549	0.690089807917473
11.0987902207671	-0.0499002423313992	0.6900498788343
11.1000209568396	-0.0499801004977434	0.690009949751128
11.101251965893	-0.0500940777824988	0.69
11.1024832480182	-0.050219378759737	0.69
11.103714803306	-0.0503446797369753	0.69
11.1049466318475	-0.0504699807142135	0.69
11.1061787337335	-0.0505952816914518	0.69
11.107411109055	-0.05072058266869	0.69
11.1086437579031	-0.0508458836459283	0.69
11.1098766803688	-0.0509711846231665	0.69
11.1111098765433	-0.0510964856004048	0.69
11.1123433465178	-0.051221786577643	0.69
11.1135770903833	-0.0513470875548813	0.69
11.1148111082311	-0.0514723885321195	0.69
11.1160454001526	-0.0515976895093576	0.69
11.117279966239	-0.0517229904865959	0.69
11.1185148065818	-0.0518482914638341	0.69
11.1197499212722	-0.0519735924410724	0.69
11.1209853104017	-0.0520988934183106	0.69
11.1222209740619	-0.0522241943955489	0.69
11.1234569123442	-0.0523494953727871	0.69
11.1246931253401	-0.0524747963500254	0.69
11.1259296131414	-0.0526000973272636	0.69
11.1271663758396	-0.0527253983045019	0.69
11.1284034135265	-0.0528506992817401	0.69
11.1296407262936	-0.0529760002589784	0.69
11.1308783142329	-0.0531013012362166	0.69
11.1321161774361	-0.0532266022134549	0.69
11.1333543159951	-0.053351903190693	0.69
11.1345927300017	-0.0534772041679313	0.69
11.1358314195479	-0.0536025051451695	0.69
11.1370703847256	-0.0537278061224078	0.69
11.1383096256269	-0.053853107099646	0.69
11.1395491423438	-0.0539784080768843	0.69
11.1407889349684	-0.0541037090541225	0.69
11.1420290035929	-0.0542290100313608	0.69
11.1432693483093	-0.054354311008599	0.69
11.14450996921	-0.0544796119858373	0.69
11.1457508663871	-0.0546049129630755	0.69
11.146992039933	-0.0547302139403138	0.69
11.14823348994	-0.054855514917552	0.69
11.1494752165005	-0.0549808158947901	0.69
11.1507172197069	-0.0551061168720284	0.69
11.1519594996517	-0.0552314178492666	0.69
11.1532020564274	-0.0553567188265049	0.69
11.1544448901265	-0.0554820198037431	0.69
11.1556880008416	-0.0556073207809814	0.69
11.1569313886653	-0.0557326217582196	0.69
11.1581750536904	-0.0558579227354579	0.69
11.1594189960094	-0.0559832237126961	0.69
11.1606632157152	-0.0561085246899344	0.69
11.1619077129006	-0.0562338256671726	0.69
11.1631524876583	-0.0563591266444109	0.69
11.1643975400813	-0.0564844276216491	0.69
11.1656428702625	-0.0566097285988874	0.69
11.1668884782948	-0.0567350295761255	0.69
11.1681343642713	-0.0568603305533638	0.69
11.1693805282849	-0.056985631530602	0.69
11.1706269704288	-0.0571109325078403	0.69
11.1718736907961	-0.0572362334850785	0.69
11.1731206894799	-0.0573615344623168	0.69
11.1743679665734	-0.057486835439555	0.69
11.17561552217	-0.0576121364167933	0.69
11.1768633563629	-0.0577374373940315	0.69
11.1781114692454	-0.0578627383712698	0.69
11.1793598609109	-0.057988039348508	0.69
11.1806085314528	-0.0581133403257463	0.69
11.1818574809646	-0.0582386413029845	0.69
11.1831067095397	-0.0583639422802226	0.69
11.1843562172718	-0.0584892432574609	0.69
11.1856060042543	-0.0586145442346991	0.69
11.186856070581	-0.0587398452119374	0.69
11.1881064163455	-0.0588651461891756	0.69
11.1893570416414	-0.0589904471664139	0.69
11.1906079465626	-0.0591157481436521	0.69
11.1918591312028	-0.0592410491208904	0.69
11.1931105956559	-0.0593663500981286	0.69
11.1943623400158	-0.0594916510753669	0.69
11.1956143643763	-0.0596169520526051	0.69
11.1968666688314	-0.0597422530298434	0.69
11.1981192534751	-0.0598675540070816	0.69
11.1993721184016	-0.0599928549843199	0.69
11.2006252637047	-0.060118155961558	0.69
11.2018786894788	-0.0602434569387962	0.69
11.2031323958179	-0.0603687579160345	0.69
11.2043863828162	-0.0604940588932727	0.69
11.2056406505681	-0.060619359870511	0.69
11.2068951991678	-0.0607446608477492	0.69
11.2081500287097	-0.0608699618249875	0.69
11.2094051392881	-0.0609952628022257	0.69
11.2106605309974	-0.061120563779464	0.69
11.2119162039322	-0.0612458647567022	0.69
11.2131721581869	-0.0613711657339405	0.69
11.2144283938561	-0.0614964667111787	0.69
11.2156849110344	-0.061621767688417	0.69
11.2169417098164	-0.0617470686656551	0.69
11.2181987902968	-0.0618723696428934	0.69
11.2194561525702	-0.0619976706201316	0.69
11.2207137967316	-0.0621229715973699	0.69
11.2219717228757	-0.0622482725746081	0.69
11.2232299310972	-0.0623735735518464	0.69
11.2244884214912	-0.0624988745290846	0.69
11.2257471941526	-0.0626241755063229	0.69
11.2270062491762	-0.0627494764835611	0.69
11.2282655866572	-0.0628747774607994	0.69
11.2295252066906	-0.0630000784380376	0.69
11.2307851093716	-0.0631253794152759	0.69
11.2320452947951	-0.0632506803925141	0.69
11.2333057630566	-0.0633759813697524	0.69
11.234566514251	-0.0635012823469905	0.69
11.2358275484739	-0.0636265833242287	0.69
11.2370888658204	-0.063751884301467	0.69
11.2383504663859	-0.0638771852787052	0.69
11.2396123502659	-0.0640024862559435	0.69
11.2408745175557	-0.0641277872331817	0.69
11.2421369683509	-0.06425308821042	0.69
11.243399702747	-0.0643783891876582	0.69
11.2446627208396	-0.0645036901648965	0.69
11.2459260227242	-0.0646289911421347	0.69
11.2471896084966	-0.064754292119373	0.69
11.2484534782524	-0.0648795930966112	0.69
11.2497176320874	-0.0650048940738495	0.69
11.2509820700974	-0.0651301950510876	0.69
11.2522467923783	-0.0652554960283259	0.69
11.2535117990258	-0.0653807970055641	0.69
11.2547770901359	-0.0655060979828024	0.69
11.2560426658046	-0.0656313989600406	0.69
11.2573085261279	-0.0657566999372789	0.69
11.2585746712018	-0.0658820009145171	0.69
11.2598411011224	-0.0660073018917554	0.69
11.2611078159858	-0.0661326028689936	0.69
11.2623748158883	-0.0662579038462319	0.69
11.2636421009261	-0.0663832048234701	0.69
11.2649096711953	-0.0665085058007084	0.69
11.2661775267924	-0.0666338067779466	0.69
11.2674456678136	-0.0667591077551849	0.69
11.2687140943554	-0.066884408732423	0.69
11.2699828065142	-0.0670097097096612	0.69
11.2712518043865	-0.0671350106868995	0.69
11.2725210880688	-0.0672603116641377	0.69
11.2737906576577	-0.067385612641376	0.69
11.2750605132498	-0.0675109136186142	0.69
11.2763306549417	-0.0676362145958525	0.69
11.2776010828301	-0.0677615155730907	0.69
11.2788717970119	-0.067886816550329	0.69
11.2801427975837	-0.0680121175275672	0.69
11.2814140846424	-0.0681374185048055	0.69
11.2826856582849	-0.0682627194820437	0.69
11.2839575186081	-0.068388020459282	0.69
11.2852296657089	-0.0685133214365201	0.69
11.2865020996844	-0.0686386224137583	0.69
11.2877748206316	-0.0687639233909966	0.69
11.2890478286476	-0.0688892243682348	0.69
11.2903211238295	-0.0690145253454731	0.69
11.2915947062746	-0.0691398263227113	0.69
11.2928685760799	-0.0692651272999496	0.69
11.2941427333429	-0.0693904282771878	0.69
11.2954171781608	-0.0695157292544261	0.69
11.296691910631	-0.0696410302316643	0.69
11.2979669308508	-0.0697663312089026	0.69
11.2992422389177	-0.0698916321861408	0.69
11.3005178349293	-0.0700175455262057	0.69
11.3017937189829	-0.0701473778280925	0.69
11.3030698911763	-0.0702772101299792	0.69
11.304346351607	-0.070407042431866	0.69
11.3056231003727	-0.0705368747337528	0.69
11.3069001375711	-0.0706667070356396	0.69
11.3081774632999	-0.0707965393375264	0.69
11.3094550776569	-0.0709263716394132	0.69
11.3107329807401	-0.0710562039413	0.69
11.3120111726472	-0.0711860362431868	0.69
11.3132896534762	-0.0713158685450736	0.69
11.3145684233251	-0.0714457008469604	0.69
11.3158474822918	-0.0715755331488472	0.69
11.3171268304745	-0.071705365450734	0.69
11.3184064679713	-0.0718351977526208	0.69
11.3196863948802	-0.0719650300545074	0.69
11.3209666112996	-0.0720948623563943	0.69
11.3222471173276	-0.072224694658281	0.69
11.3235279130625	-0.0723545269601679	0.69
11.3248089986026	-0.0724843592620547	0.69
11.3260903740464	-0.0726141915639415	0.69
11.3273720394922	-0.0727440238658283	0.69
11.3286539950385	-0.0728738561677151	0.69
11.3299362407838	-0.0730036884696019	0.69
11.3312187768267	-0.0731335207714887	0.69
11.3325016032657	-0.0732633530733755	0.69
11.3337847201995	-0.0733931853752623	0.69
11.3350681277267	-0.0735230176771491	0.69
11.3363518259462	-0.0736528499790359	0.69
11.3376358149566	-0.0737826822809226	0.69
11.3389200948569	-0.0739125145828093	0.69
11.3402046657458	-0.0740423468846961	0.69
11.3414895277222	-0.0741721791865829	0.69
11.3427746808852	-0.0743020114884698	0.69
11.3440601253337	-0.0744318437903566	0.69
11.3453458611668	-0.0745616760922434	0.69
11.3466318884835	-0.0746915083941302	0.69
11.347918207383	-0.074821340696017	0.69
11.3492048179644	-0.0749511729979038	0.69
11.3504917203271	-0.0750810052997906	0.69
11.3517789145701	-0.0752108376016774	0.69
11.353066400793	-0.0753406699035642	0.69
11.354354179095	-0.0754705022054508	0.69
11.3556422495754	-0.0756003345073376	0.69
11.3569306123339	-0.0757301668092244	0.69
11.3582192674698	-0.0758599991111112	0.69
11.3595082150827	-0.075989831412998	0.69
11.3607974552723	-0.0761196637148848	0.69
11.362086988138	-0.0762494960167717	0.69
11.3633768137796	-0.0763793283186585	0.69
11.3646669322968	-0.0765091606205453	0.69
11.3659573437894	-0.0766389929224321	0.69
11.3672480483572	-0.0767688252243189	0.69
11.3685390461	-0.0768986575262057	0.69
11.3698303371177	-0.0770284898280925	0.69
11.3711219215104	-0.0771583221299793	0.69
11.3724137993779	-0.0772881544318659	0.69
11.3737059708203	-0.0774179867337527	0.69
11.3749984359377	-0.0775478190356395	0.69
11.3762911948302	-0.0776776513375263	0.69
11.3775842475981	-0.0778074836394131	0.69
11.3788775943414	-0.0779373159412999	0.69
11.3801712351605	-0.0780671482431868	0.69
11.3814651701558	-0.0781969805450736	0.69
11.3827593994274	-0.0783268128469604	0.69
11.3840539230759	-0.0784566451488471	0.69
11.3853487412017	-0.078586477450734	0.69
11.3866438539053	-0.0787163097526208	0.69
11.3879392612872	-0.0788461420545076	0.69
11.389234963448	-0.0789759743563942	0.69
11.3905309604883	-0.079105806658281	0.69
11.3918272525089	-0.0792356389601678	0.69
11.3931238396103	-0.0793654712620546	0.69
11.3944207218935	-0.0794953035639414	0.69
11.3957178994592	-0.0796251358658282	0.69
11.3970153724083	-0.079754968167715	0.69
11.3983131408417	-0.0798848004696018	0.69
11.3996112048602	-0.0800146327714886	0.69
11.4009095645651	-0.0801444650733754	0.69
11.4022082200571	-0.0802742973752622	0.69
11.4035071714376	-0.080404129677149	0.69
11.4048064188075	-0.0805339619790359	0.69
11.4061059622681	-0.0806637942809227	0.69
11.4074058019207	-0.0807936265828093	0.69
11.4087059378664	-0.0809234588846961	0.69
11.4100063702066	-0.0810532911865829	0.69
11.4113070990426	-0.0811831234884697	0.69
11.4126081244759	-0.0813129557903565	0.69
11.413909446608	-0.0814427880922433	0.69
11.4152110655403	-0.0815726203941301	0.69
11.4165129813744	-0.0817024526960169	0.69
11.4178151942119	-0.0818322849979037	0.69
11.4191177041544	-0.0819621172997905	0.69
11.4204205113036	-0.0820919496016773	0.69
11.4217236157613	-0.0822217819035641	0.69
11.4230270176293	-0.082351614205451	0.69
11.4243307170093	-0.0824814465073376	0.69
11.4256347140032	-0.0826112788092244	0.69
11.426939008713	-0.0827411111111112	0.69
11.4282436012407	-0.082870943412998	0.69
11.4295484916882	-0.0830007757148848	0.69
11.4308536801576	-0.0831306080167716	0.69
11.4321591667511	-0.0832604403186584	0.69
11.4334649515707	-0.0833902726205452	0.69
11.4347710347187	-0.083520104922432	0.69
11.4360774162973	-0.0836499372243188	0.69
11.4373840964089	-0.0837797695262056	0.69
11.4386910751557	-0.0839096018280924	0.69
11.4399983526402	-0.0840394341299792	0.69
11.4413059289648	-0.084169266431866	0.69
11.442613804232	-0.0842990987337527	0.69
11.4439219785442	-0.0844289310356395	0.69
11.4452304520042	-0.0845587633375263	0.69
11.4465392247145	-0.0846885956394131	0.69
11.4478482967777	-0.0848184279412999	0.69
11.4491576682966	-0.0849482602431867	0.69
11.450467339374	-0.0850780925450735	0.69
11.4517773101126	-0.0852079248469603	0.69
11.4530875806154	-0.0853377571488471	0.69
11.4543981509852	-0.0854675894507339	0.69
11.455709021325	-0.0855974217526207	0.69
11.4570201917378	-0.0857272540545075	0.69
11.4583316623266	-0.0858570863563943	0.69
11.4596434331946	-0.085986918658281	0.69
11.4609555044448	-0.0861167509601678	0.69
11.4622678761805	-0.0862465832620546	0.69
11.4635805485048	-0.0863764155639414	0.69
11.4648935215212	-0.0865062478658282	0.69
11.4662067953328	-0.086636080167715	0.69
11.4675203700431	-0.0867659124696018	0.69
11.4688342457556	-0.0868957447714886	0.69
11.4701484225736	-0.0870255770733754	0.69
11.4714629006007	-0.0871554093752622	0.69
11.4727776799405	-0.087285241677149	0.69
11.4740927606966	-0.0874150739790358	0.69
11.4754081429726	-0.0875449062809226	0.69
11.4767238268722	-0.0876747385828094	0.69
11.4780398124993	-0.0878045708846961	0.69
11.4793560999576	-0.0879344031865829	0.69
11.480672689351	-0.0880642354884697	0.69
11.4819895807834	-0.0881940677903565	0.69
11.4833067743587	-0.0883239000922433	0.69
11.4846242701808	-0.0884537323941301	0.69
11.485942068354	-0.0885835646960169	0.69
11.4872601689822	-0.0887133969979037	0.69
11.4885785721696	-0.0888432292997905	0.69
11.4898972780204	-0.0889730616016773	0.69
11.4912162866387	-0.0891028939035641	0.69
11.492535598129	-0.0892327262054509	0.69
11.4938552125955	-0.0893625585073377	0.69
11.4951751301426	-0.0894923908092244	0.69
11.4964953508748	-0.0896222231111112	0.69
11.4978158748964	-0.089752055412998	0.69
11.4991367023121	-0.0898818877148848	0.69
11.5004578332263	-0.0900060666825828	0.69
11.5017792677438	-0.0900732723342378	0.69
11.5031010059692	-0.0901404779858927	0.69
11.5044230480072	-0.0902076836375476	0.69
11.5057453939625	-0.0902748892892025	0.69
11.50706804394	-0.0903420949408574	0.69
11.5083909980445	-0.0904093005925123	0.69
11.509714256381	-0.0904765062441673	0.69
11.5110378190543	-0.0905437118958222	0.69
11.5123616861696	-0.0906109175474771	0.69
11.5136858578318	-0.0906781231991319	0.69
11.515010334146	-0.0907453288507868	0.69
11.5163351152175	-0.0908125345024418	0.69
11.5176602011513	-0.0908797401540967	0.69
11.5189855920528	-0.0909469458057516	0.69
11.5203112880273	-0.0910141514574065	0.69
11.52163728918	-0.0910813571090614	0.69
11.5229635956163	-0.0911485627607163	0.69
11.5242902074418	-0.0912157684123713	0.69
11.5256171247619	-0.0912829740640262	0.69
11.5269443476822	-0.0913501797156811	0.69
11.5282718763081	-0.091417385367336	0.69
11.5295997107454	-0.0914845910189909	0.69
11.5309278510997	-0.0915517966706458	0.69
11.5322562974769	-0.0916190023223007	0.69
11.5335850499825	-0.0916862079739556	0.69
11.5349141087226	-0.0917534136256105	0.69
11.5362434738029	-0.0918206192772654	0.69
11.5375731453294	-0.0918878249289203	0.69
11.538903123408	-0.0919550305805753	0.69
11.5402334081448	-0.0920222362322302	0.69
11.5415639996459	-0.0920894418838851	0.69
11.5428948980174	-0.09215664753554	0.69
11.5442261033654	-0.0922238531871949	0.69
11.5455576157962	-0.0922910588388498	0.69
11.546889435416	-0.0923582644905048	0.69
11.5482215623312	-0.0924254701421597	0.69
11.5495539966481	-0.0924926757938145	0.69
11.5508867384731	-0.0925598814454694	0.69
11.5522197879128	-0.0926270870971243	0.69
11.5535531450736	-0.0926942927487793	0.69
11.554886810062	-0.0927614984004342	0.69
11.5562207829848	-0.0928287040520891	0.69
11.5575550639485	-0.092895909703744	0.69
11.5588896530599	-0.0929631153553989	0.69
11.5602245504258	-0.0930303210070538	0.69
11.5615597561528	-0.0930975266587088	0.69
11.562895270348	-0.0931647323103637	0.69
11.5642310931182	-0.0932319379620186	0.69
11.5655672245704	-0.0932991436136735	0.69
11.5669036648115	-0.0933663492653283	0.69
11.5682404139487	-0.0934335549169833	0.69
11.569577472089	-0.0935007605686382	0.69
11.5709148393396	-0.0935679662202931	0.69
11.5722525158077	-0.093635171871948	0.69
11.5735905016006	-0.0937023775236029	0.69
11.5749287968255	-0.0937695831752578	0.69
11.5762674015899	-0.0938367888269128	0.69
11.577606316001	-0.0939039944785677	0.69
11.5789455401665	-0.0939712001302226	0.69
11.5802850741937	-0.0940384057818775	0.69
11.5816249181903	-0.0941056114335324	0.69
11.5829650722638	-0.0941728170851873	0.69
11.5843055365219	-0.0942400227368423	0.69
11.5856463110723	-0.0943072283884971	0.69
11.5869873960227	-0.094374434040152	0.69
11.588328791481	-0.0944416396918069	0.69
11.589670497555	-0.0945088453434619	0.69
11.5910125143526	-0.0945760509951168	0.69
11.5923548419817	-0.0946432566467717	0.69
11.5936974805504	-0.0947104622984266	0.69
11.5950404301667	-0.0947776679500815	0.69
11.5963836909387	-0.0948448736017364	0.69
11.5977272629746	-0.0949120792533913	0.69
11.5990711463826	-0.0949792849050463	0.69
11.6004153412709	-0.0950464905567012	0.69
11.6017598477478	-0.0951136962083561	0.69
11.6031046659217	-0.0951809018600109	0.69
11.6044497959009	-0.0952481075116658	0.69
11.605795237794	-0.0953153131633208	0.69
11.6071409917095	-0.0953825188149757	0.69
11.6084870577558	-0.0954497244666306	0.69
11.6098334360417	-0.0955169301182855	0.69
11.6111801266757	-0.0955841357699404	0.69
11.6125271297665	-0.0956513414215953	0.69
11.613874445423	-0.0957185470732503	0.69
11.6152220737539	-0.0957857527249052	0.69
11.616570014868	-0.0958529583765601	0.69
11.6179182688744	-0.095920164028215	0.69
11.6192668358819	-0.0959873696798699	0.69
11.6206157159996	-0.0960545753315248	0.69
11.6219649093365	-0.0961217809831797	0.69
11.6233144160017	-0.0961889866348346	0.69
11.6246642361044	-0.0962561922864895	0.69
11.6260143697538	-0.0963233979381444	0.69
11.6273648170591	-0.0963906035897994	0.69
11.6287155781297	-0.0964578092414543	0.69
11.630066653075	-0.0965250148931092	0.69
11.6314180420043	-0.0965922205447641	0.69
11.6327697450271	-0.096659426196419	0.69
11.634121762253	-0.0967266318480739	0.69
11.6354740937915	-0.0967938374997288	0.69
11.6368267397521	-0.0968610431513838	0.69
11.6381797002447	-0.0969282488030387	0.69
11.6395329753789	-0.0969954544546935	0.69
11.6408865652645	-0.0970626601063484	0.69
11.6422404700112	-0.0971298657580034	0.69
11.6435946897291	-0.0971970714096583	0.69
11.6449492245279	-0.0972642770613132	0.69
11.6463040745177	-0.0973314827129681	0.69
11.6476592398085	-0.097398688364623	0.69
11.6490147205104	-0.0974658940162779	0.69
11.6503705167335	-0.0975330996679328	0.69
11.651726628588	-0.0976003053195878	0.69
11.6530830561842	-0.0976675109712427	0.69
11.6544397996322	-0.0977347166228976	0.69
11.6557968590425	-0.0978019222745525	0.69
11.6571542345254	-0.0978691279262074	0.69
11.6585119261914	-0.0979363335778623	0.69
11.6598699341509	-0.0980035392295172	0.69
11.6612282585145	-0.0980707448811721	0.69
11.6625868993928	-0.098137950532827	0.69
11.6639458568964	-0.0982051561844819	0.69
11.6653051311361	-0.0982723618361369	0.69
11.6666647222225	-0.0983395674877918	0.69
11.6680246302666	-0.0984067731394467	0.69
11.669384855379	-0.0984739787911016	0.69
11.6707453976707	-0.0985411844427565	0.69
11.6721062572528	-0.0986083900944114	0.69
11.6734674342361	-0.0986755957460664	0.69
11.6748289287317	-0.0987428013977213	0.69
11.6761907408508	-0.0988100070493761	0.69
11.6775528707045	-0.098877212701031	0.69
11.678915318404	-0.0989444183526859	0.69
11.6802780840606	-0.0990116240043409	0.69
11.6816411677856	-0.0990788296559958	0.69
11.6830045696904	-0.0991460353076507	0.69
11.6843682898864	-0.0992132409593056	0.69
11.685732328485	-0.0992804466109605	0.69
11.6870966855978	-0.0993476522626154	0.69
11.6884613613364	-0.0994148579142703	0.69
11.6898263558124	-0.0994820635659253	0.69
11.6911916691374	-0.0995492692175802	0.69
11.6925573014233	-0.0996164748692351	0.69
11.6939232527817	-0.09968368052089	0.69
11.6952895233246	-0.0997508861725449	0.69
11.6966561131637	-0.0998180918241998	0.69
11.6980230224112	-0.0998852974758547	0.69
11.6993902511789	-0.0999525031275096	0.69
11.7007577995789	-0.100041136217441	0.69001371207248
11.7021256677233	-0.10018140803624	0.690060469345413
11.7034938557242	-0.10032167985504	0.690107226618347
11.704862363694	-0.100461951673839	0.69015398389128
11.7062311917447	-0.100602223492639	0.690200741164213
11.7076003399887	-0.100742495311438	0.690247498437146
11.7089698085384	-0.100882767130238	0.690294255710079
11.7103395975063	-0.101023038949038	0.690341012983012
11.7117097070046	-0.101163310767837	0.690387770255946
11.7130801371461	-0.101303582586637	0.690434527528879
11.7144508880432	-0.101443854405436	0.690481284801812
11.7158219598086	-0.101584126224236	0.690528042074745
11.717193352555	-0.101724398043035	0.690574799347678
11.718565066395	-0.101864669861835	0.690621556620612
11.7199371014416	-0.102004941680634	0.690668313893545
11.7213094578074	-0.102145213499434	0.690715071166478
11.7226821356054	-0.102285485318233	0.690761828439411
11.7240551349486	-0.102425757137033	0.690808585712344
11.7254284559499	-0.102566028955833	0.690855342985277
11.7268020987223	-0.102706300774632	0.690902100258211
11.7281760633791	-0.102846572593432	0.690948857531144
11.7295503500332	-0.102986844412231	0.690995614804077
11.7309249587981	-0.103127116231031	0.69104237207701
11.7322998897868	-0.10326738804983	0.691089129349943
11.7336751431127	-0.10340765986863	0.691135886622877
11.7350507188892	-0.103547931687429	0.69118264389581
11.7364266172297	-0.103688203506229	0.691229401168743
11.7378028382477	-0.103828475325028	0.691276158441676
11.7391793820566	-0.103968747143828	0.691322915714609
11.7405562487702	-0.104109018962628	0.691369672987542
11.7419334385019	-0.104249290781427	0.691416430260476
11.7433109513655	-0.104389562600227	0.691463187533409
11.7446887874748	-0.104529834419026	0.691509944806342
11.7460669469435	-0.104670106237826	0.691556702079275
11.7474454298854	-0.104810378056625	0.691603459352208
11.7488242364145	-0.104950649875425	0.691650216625142
11.7502033666448	-0.105090921694224	0.691696973898075
11.7515828206901	-0.105231193513024	0.691743731171008
11.7529625986647	-0.105371465331823	0.691790488443941
11.7543427006825	-0.105511737150623	0.691837245716874
11.7557231268578	-0.105652008969423	0.691884002989807
11.7571038773047	-0.105792280788222	0.691930760262741
11.7584849521377	-0.105932552607022	0.691977517535674
11.7598663514709	-0.106072824425821	0.692024274808607
11.7612480754188	-0.106213096244621	0.69207103208154
11.7626301240957	-0.10635336806342	0.692117789354473
11.7640124976163	-0.10649363988222	0.692164546627407
11.765395196095	-0.106633911701019	0.69221130390034
11.7667782196465	-0.106774183519819	0.692258061173273
11.7681615683853	-0.106914455338619	0.692304818446206
11.7695452424262	-0.107054727157418	0.692351575719139
11.7709292418839	-0.107194998976218	0.692398332992072
11.7723135668733	-0.107335270795017	0.692445090265006
11.7736982175092	-0.107475542613817	0.692491847537939
11.7750831939065	-0.107615814432616	0.692538604810872
11.7764684961803	-0.107756086251416	0.692585362083805
11.7778541244455	-0.107896358070215	0.692632119356738
11.7792400788173	-0.108036629889015	0.692678876629672
11.7806263594107	-0.108176901707814	0.692725633902605
11.7820129663409	-0.108317173526614	0.692772391175538
11.7833998997233	-0.108457445345414	0.692819148448471
11.784787159673	-0.108597717164213	0.692865905721404
11.7861747463055	-0.108737988983013	0.692912662994338
11.7875626597362	-0.108878260801812	0.692959420267271
11.7889509000805	-0.109018532620612	0.693006177540204
11.7903394674539	-0.109158804439411	0.693052934813137
11.7917283619721	-0.109299076258211	0.69309969208607
11.7931175837506	-0.10943934807701	0.693146449359003
11.7945071329051	-0.10957961989581	0.693193206631937
11.7958970095514	-0.109719891714609	0.69323996390487
11.7972872138052	-0.109860163533409	0.693286721177803
11.7986777457824	-0.110000435352209	0.693333478450736
11.8000686055989	-0.110140707171008	0.693380235723669
11.8014597933706	-0.110280978989808	0.693426992996602
11.8028513092136	-0.110421250808607	0.693473750269536
11.8042431532439	-0.110561522627407	0.693520507542469
11.8056353255776	-0.110701794446206	0.693567264815402
11.8070278263309	-0.110842066265006	0.693614022088335
11.80842065562	-0.110982338083805	0.693660779361268
11.8098138135613	-0.111122609902605	0.693707536634202
11.811207300271	-0.111262881721404	0.693754293907135
11.8126011158656	-0.111403153540204	0.693801051180068
11.8139952604614	-0.111543425359003	0.693847808453001
11.815389734175	-0.111683697177803	0.693894565725934
11.816784537123	-0.111823968996603	0.693941322998867
11.8181796694219	-0.111964240815402	0.693988080271801
11.8195751311884	-0.112104512634202	0.694034837544734
11.8209709225393	-0.112244784453001	0.694081594817667
11.8223670435913	-0.112385056271801	0.6941283520906
11.8237634944613	-0.1125253280906	0.694175109363533
11.8251602752661	-0.1126655999094	0.694221866636467
11.8265573861227	-0.112805871728199	0.6942686239094
11.827954827148	-0.112946143546999	0.694315381182333
11.8293525984593	-0.113086415365798	0.694362138455266
11.8307507001734	-0.113226687184598	0.694408895728199
11.8321491324077	-0.113366959003398	0.694455653001132
11.8335478952793	-0.113507230822197	0.694502410274066
11.8349469889054	-0.113647502640997	0.694549167546999
11.8363464134036	-0.113787774459796	0.694595924819932
11.837746168891	-0.113928046278596	0.694642682092865
11.8391462554852	-0.114068318097395	0.694689439365798
11.8405466733037	-0.114208589916195	0.694736196638732
11.841947422464	-0.114348861734994	0.694782953911665
11.8433485030837	-0.114489133553794	0.694829711184598
11.8447499152804	-0.114629405372593	0.694876468457531
11.846151659172	-0.114769677191393	0.694923225730464
11.8475537348762	-0.114909949010193	0.694969983003398
11.8489561425107	-0.115050220828992	0.695016740276331
11.8503588821936	-0.115190492647792	0.695063497549264
11.8517619540427	-0.115330764466591	0.695110254822197
11.853165358176	-0.115471036285391	0.69515701209513
11.8545690947116	-0.11561130810419	0.695203769368063
11.8559731637676	-0.11575157992299	0.695250526640997
11.8573775654622	-0.115891851741789	0.69529728391393
11.8587822999136	-0.116032123560589	0.695344041186863
11.86018736724	-0.116172395379389	0.695390798459796
11.8615927675599	-0.116312667198188	0.695437555732729
11.8629985009915	-0.116452939016988	0.695484313005662
11.8644045676534	-0.116593210835787	0.695531070278596
11.865810967664	-0.116733482654587	0.695577827551529
11.8672177011419	-0.116873754473386	0.695624584824462
11.8686247682058	-0.117014026292186	0.695671342097395
11.8700321689742	-0.117154298110985	0.695718099370328
11.8714399035659	-0.117294569929785	0.695764856643262
11.8728479720998	-0.117434841748584	0.695811613916195
11.8742563746945	-0.117575113567384	0.695858371189128
11.8756651114692	-0.117715385386184	0.695905128462061
11.8770741825426	-0.117855657204983	0.695951885734994
11.8784835880338	-0.117995929023783	0.695998643007928
11.8798933280618	-0.118136200842582	0.696045400280861
11.8813034027459	-0.118276472661382	0.696092157553794
11.8827138122051	-0.118416744480181	0.696138914826727
11.8841245565587	-0.118557016298981	0.69618567209966
11.8855356359261	-0.11869728811778	0.696232429372593
11.8869470504265	-0.11883755993658	0.696279186645527
11.8883588001793	-0.118977831755379	0.69632594391846
11.889770885304	-0.119118103574179	0.696372701191393
11.8911833059202	-0.119258375392979	0.696419458464326
11.8925960621474	-0.119398647211778	0.696466215737259
11.8940091541052	-0.119538919030578	0.696512973010193
11.8954225819134	-0.119679190849377	0.696559730283126
11.8968363456916	-0.119819462668177	0.696606487556059
11.8982504455597	-0.119959734486976	0.696653244828992
11.8996648816376	-0.120100006305776	0.696700002101925
11.9010796540451	-0.120240278124575	0.696746759374858
11.9024947629023	-0.120380549943375	0.696793516647792
11.9039102083291	-0.120520821762174	0.696840273920725
11.9053259904457	-0.120661093580974	0.696887031193658
11.9067421093722	-0.120801365399774	0.696933788466591
11.9081585652288	-0.120941637218573	0.696980545739524
11.9095753581358	-0.121081909037373	0.697027303012458
11.9109924882135	-0.121222180856172	0.697074060285391
11.9124099555822	-0.121362452674972	0.697120817558324
11.9138277603624	-0.121502724493771	0.697167574831257
11.9152459026746	-0.121642996312571	0.69721433210419
11.9166643826393	-0.12178326813137	0.697261089377123
11.9180832003772	-0.12192353995017	0.697307846650057
11.9195023560088	-0.12206381176897	0.69735460392299
11.920921849655	-0.122204083587769	0.697401361195923
11.9223416814365	-0.122344355406569	0.697448118468856
11.923761851474	-0.122484627225368	0.697494875741789
11.9251823598886	-0.122624899044168	0.697541633014722
11.9266032068012	-0.122765170862967	0.697588390287656
11.9280243923328	-0.122905442681767	0.697635147560589
11.9294459166043	-0.123045714500566	0.697681904833522
11.9308677797371	-0.123185986319366	0.697728662106455
11.9322899818522	-0.123326258138165	0.697775419379388
11.9337125230709	-0.123466529956965	0.697822176652322
11.9351354035144	-0.123606801775765	0.697868933925255
11.9365586233042	-0.123747073594564	0.697915691198188
11.9379821825616	-0.123887345413364	0.697962448471121
11.9394060814081	-0.124027617232163	0.698009205744054
11.9408303199653	-0.124167889050963	0.698055963016987
11.9422548983547	-0.124308160869762	0.698102720289921
11.943679816698	-0.124448432688562	0.698149477562854
11.9451050751168	-0.124588704507361	0.698196234835787
11.946530673733	-0.124728976326161	0.69824299210872
11.9479566126683	-0.12486924814496	0.698289749381653
11.9493828920446	-0.12500951996376	0.698336506654587
11.9508095119839	-0.125149791782559	0.69838326392752
11.9522364726082	-0.125290063601359	0.698430021200453
11.9536637740394	-0.125430335420159	0.698476778473386
11.9550914163998	-0.125570607238958	0.698523535746319
11.9565193998114	-0.125710879057758	0.698570293019253
11.9579477243966	-0.125851150876557	0.698617050292186
11.9593763902775	-0.125991422695357	0.698663807565119
11.9608053975766	-0.126131694514156	0.698710564838052
11.9622347464162	-0.126271966332956	0.698757322110985
11.9636644369188	-0.126412238151755	0.698804079383918
11.9650944692069	-0.126552509970555	0.698850836656852
11.9665248434031	-0.126692781789354	0.698897593929785
11.96795555963	-0.126833053608154	0.698944351202718
11.9693866180103	-0.126973325426954	0.698991108475651
11.9708180186668	-0.127113597245753	0.699037865748584
11.9722497617223	-0.127253869064553	0.699084623021518
11.9736818472996	-0.127394140883352	0.699131380294451
11.9751142755218	-0.127534412702152	0.699178137567384
11.9765470465116	-0.127674684520951	0.699224894840317
11.9779801603923	-0.127814956339751	0.69927165211325
11.979413617287	-0.12795522815855	0.699318409386183
11.9808474173187	-0.12809549997735	0.699365166659117
11.9822815606107	-0.128235771796149	0.69941192393205
11.9837160472863	-0.128376043614949	0.699458681204983
11.9851508774689	-0.128516315433749	0.699505438477916
11.9865860512817	-0.128656587252548	0.699552195750849
11.9880215688484	-0.128796859071348	0.699598953023782
11.9894574302924	-0.128937130890147	0.699645710296716
11.9908936357373	-0.129077402708947	0.699692467569649
11.9923301853067	-0.129217674527746	0.699739224842582
11.9937670791243	-0.129357946346546	0.699785982115515
11.9952043173139	-0.129498218165345	0.699832739388448
11.9966418999994	-0.129638489984145	0.699879496661382
11.9980798273044	-0.129778761802944	0.699926253934315
11.9995180993531	-0.129919033621744	0.699973011207248
12.0009567162694	-0.130020780438095	0.700020780438095
12.0023956781774	-0.130069931238095	0.700069931238095
12.0038349852011	-0.130119082038095	0.700119082038095
12.0052746374647	-0.130168232838095	0.700168232838095
12.0067146350925	-0.130217383638095	0.700217383638095
12.0081549782088	-0.130266534438095	0.700266534438095
12.0095956669379	-0.130315685238095	0.700315685238095
12.0110367014042	-0.130364836038095	0.700364836038095
12.0124780817322	-0.130413986838095	0.700413986838095
12.0139198080464	-0.130463137638095	0.700463137638095
12.0153618804714	-0.130512288438095	0.700512288438095
12.0168042991319	-0.130561439238095	0.700561439238095
12.0182470641526	-0.130610590038095	0.700610590038095
12.0196901756582	-0.130659740838095	0.700659740838095
12.0211336337735	-0.130708891638095	0.700708891638095
12.0225774386235	-0.130758042438095	0.700758042438095
12.0240215903332	-0.130807193238095	0.700807193238095
12.0254660890274	-0.130856344038095	0.700856344038095
12.0269109348313	-0.130905494838095	0.700905494838095
12.0283561278701	-0.130954645638095	0.700954645638095
12.0298016682688	-0.131003796438095	0.701003796438095
12.0312475561528	-0.131052947238095	0.701052947238095
12.0326937916474	-0.131102098038095	0.701102098038095
12.0341403748779	-0.131151248838095	0.701151248838095
12.0355873059698	-0.131200399638095	0.701200399638095
12.0370345850485	-0.131249550438095	0.701249550438095
12.0384822122396	-0.131298701238095	0.701298701238095
12.0399301876688	-0.131347852038095	0.701347852038095
12.0413785114616	-0.131397002838095	0.701397002838095
12.0428271837439	-0.131446153638095	0.701446153638095
12.0442762046414	-0.131495304438095	0.701495304438095
12.04572557428	-0.131544455238095	0.701544455238095
12.0471752927855	-0.131593606038095	0.701593606038095
12.048625360284	-0.131642756838095	0.701642756838095
12.0500757769015	-0.131691907638095	0.701691907638095
12.0515265427641	-0.131741058438095	0.701741058438095
12.052977657998	-0.131790209238095	0.701790209238095
12.0544291227293	-0.131839360038095	0.701839360038095
12.0558809370843	-0.131888510838095	0.701888510838095
12.0573331011895	-0.131937661638095	0.701937661638095
12.0587856151711	-0.131986812438095	0.701986812438095
12.0602384791557	-0.132035963238095	0.702035963238095
12.0616916932697	-0.132085114038095	0.702085114038095
12.0631452576398	-0.132134264838095	0.702134264838095
12.0645991723926	-0.132183415638095	0.702183415638095
12.0660534376548	-0.132232566438095	0.702232566438095
12.0675080535532	-0.132281717238095	0.702281717238095
12.0689630202146	-0.132330868038095	0.702330868038095
12.0704183377658	-0.132380018838095	0.702380018838095
12.0718740063339	-0.132429169638095	0.702429169638095
12.0733300260458	-0.132478320438095	0.702478320438095
12.0747863970286	-0.132527471238095	0.702527471238095
12.0762431194095	-0.132576622038095	0.702576622038095
12.0777001933157	-0.132625772838095	0.702625772838095
12.0791576188743	-0.132674923638095	0.702674923638095
12.0806153962128	-0.132724074438095	0.702724074438095
12.0820735254584	-0.132773225238095	0.702773225238095
12.0835320067387	-0.132822376038095	0.702822376038095
12.0849908401812	-0.132871526838095	0.702871526838095
12.0864500259134	-0.132920677638095	0.702920677638095
12.0879095640628	-0.132969828438095	0.702969828438095
12.0893694547574	-0.133018979238095	0.703018979238095
12.0908296981246	-0.133068130038095	0.703068130038095
12.0922902942925	-0.133117280838095	0.703117280838095
12.0937512433888	-0.133166431638095	0.703166431638095
12.0952125455415	-0.133215582438095	0.703215582438095
12.0966742008786	-0.133264733238095	0.703264733238095
12.0981362095281	-0.133313884038095	0.703313884038095
12.0995985716182	-0.133363034838095	0.703363034838095
12.101061287277	-0.133412185638095	0.703412185638095
12.1025243566328	-0.133461336438095	0.703461336438095
12.1039877798139	-0.133510487238095	0.703510487238095
12.1054515569487	-0.133559638038095	0.703559638038095
12.1069156881656	-0.133608788838095	0.703608788838095
12.108380173593	-0.133657939638095	0.703657939638095
12.1098450133596	-0.133707090438095	0.703707090438095
12.1113102075939	-0.133756241238095	0.703756241238095
12.1127757564247	-0.133805392038095	0.703805392038095
12.1142416599806	-0.133854542838095	0.703854542838095
12.1157079183905	-0.133903693638095	0.703903693638095
12.1171745317833	-0.133952844438095	0.703952844438095
12.1186415002878	-0.134001995238095	0.704001995238095
12.1201088240331	-0.134051146038095	0.704051146038095
12.1215765031482	-0.134100296838095	0.704100296838095
12.1230445377623	-0.134149447638095	0.704149447638095
12.1245129280044	-0.134198598438095	0.704198598438095
12.1259816740039	-0.134247749238095	0.704247749238095
12.12745077589	-0.134296900038095	0.704296900038095
12.1289202337922	-0.134346050838095	0.704346050838095
12.1303900478398	-0.134395201638095	0.704395201638095
12.1318602181624	-0.134444352438095	0.704444352438095
12.1333307448894	-0.134493503238095	0.704493503238095
12.1348016281506	-0.134542654038095	0.704542654038095
12.1362728680756	-0.134591804838095	0.704591804838095
12.1377444647941	-0.134640955638095	0.704640955638095
12.1392164184359	-0.134690106438095	0.704690106438095
12.1406887291309	-0.134739257238095	0.704739257238095
12.1421613970091	-0.134788408038095	0.704788408038095
12.1436344222004	-0.134837558838095	0.704837558838095
12.1451078048349	-0.134886709638095	0.704886709638095
12.1465815450427	-0.134935860438095	0.704935860438095
12.1480556429541	-0.134985011238095	0.704985011238095
12.1495300986991	-0.135034162038095	0.705034162038095
12.1510049124083	-0.135083312838095	0.705083312838095
12.1524800842118	-0.135132463638095	0.705132463638095
12.1539556142403	-0.135181614438095	0.705181614438095
12.1554315026241	-0.135230765238095	0.705230765238095
12.1569077494938	-0.135279916038095	0.705279916038095
12.1583843549801	-0.135329066838095	0.705329066838095
12.1598613192136	-0.135378217638095	0.705378217638095
12.1613386423252	-0.135427368438095	0.705427368438095
12.1628163244456	-0.135476519238095	0.705476519238095
12.1642943657056	-0.135525670038095	0.705525670038095
12.1657727662364	-0.135574820838095	0.705574820838095
12.1672515261688	-0.135623971638095	0.705623971638095
12.1687306456339	-0.135673122438095	0.705673122438095
12.1702101247629	-0.135722273238095	0.705722273238095
12.171689963687	-0.135771424038095	0.705771424038095
12.1731701625374	-0.135820574838095	0.705820574838095
12.1746507214455	-0.135869725638095	0.705869725638095
12.1761316405426	-0.135918876438095	0.705918876438095
12.1776129199602	-0.135968027238095	0.705968027238095
12.1790945598299	-0.136017178038095	0.706017178038095
12.1805765602831	-0.136066328838095	0.706066328838095
12.1820589214517	-0.136115479638095	0.706115479638095
12.1835416434672	-0.136164630438095	0.706164630438095
12.1850247264614	-0.136213781238095	0.706213781238095
12.1865081705663	-0.136262932038095	0.706262932038095
12.1879919759136	-0.136312082838095	0.706312082838095
12.1894761426354	-0.136361233638095	0.706361233638095
12.1909606708637	-0.136410384438095	0.706410384438095
12.1924455607306	-0.136459535238095	0.706459535238095
12.1939308123682	-0.136508686038095	0.706508686038095
12.1954164259088	-0.136557836838095	0.706557836838095
12.1969024014847	-0.136606987638095	0.706606987638095
12.1983887392282	-0.136656138438095	0.706656138438095
12.1998754392718	-0.136705289238095	0.706705289238095
12.2013625017478	-0.136754440038095	0.706754440038095
12.202849926789	-0.136803590838095	0.706803590838095
12.2043377145279	-0.136852741638095	0.706852741638095
12.2058258650971	-0.136901892438095	0.706901892438095
12.2073143786294	-0.136951043238095	0.706951043238095
12.2088032552576	-0.137000194038095	0.707000194038095
12.2102924951147	-0.137049344838095	0.707049344838095
12.2117820983334	-0.137098495638095	0.707098495638095
12.2132720650469	-0.137147646438095	0.707147646438095
12.2147623953882	-0.137196797238095	0.707196797238095
12.2162530894904	-0.137245948038095	0.707245948038095
12.2177441474867	-0.137295098838095	0.707295098838095
12.2192355695105	-0.137344249638095	0.707344249638095
12.2207273556949	-0.137393400438095	0.707393400438095
12.2222195061734	-0.137442551238095	0.707442551238095
12.2237120210795	-0.137491702038095	0.707491702038095
12.2252049005467	-0.137540852838095	0.707540852838095
12.2266981447086	-0.137590003638095	0.707590003638095
12.2281917536988	-0.137639154438095	0.707639154438095
12.229685727651	-0.137688305238095	0.707688305238095
12.2311800666991	-0.137737456038095	0.707737456038095
12.2326747709768	-0.137786606838095	0.707786606838095
12.2341698406181	-0.137835757638095	0.707835757638095
12.235665275757	-0.137884908438095	0.707884908438095
12.2371610765275	-0.137934059238095	0.707934059238095
12.2386572430638	-0.137983210038095	0.707983210038095
12.2401537754999	-0.138032360838095	0.708032360838095
12.2416506739702	-0.138081511638095	0.708081511638095
12.2431479386089	-0.138130662438095	0.708130662438095
12.2446455695505	-0.138179813238095	0.708179813238095
12.2461435669293	-0.138228964038095	0.708228964038095
12.2476419308799	-0.138278114838095	0.708278114838095
12.2491406615369	-0.138327265638095	0.708327265638095
12.2506397590348	-0.138376416438095	0.708376416438095
12.2521392235084	-0.138425567238095	0.708425567238095
12.2536390550925	-0.138474718038095	0.708474718038095
12.2551392539218	-0.138523868838095	0.708523868838095
12.2566398201314	-0.138573019638095	0.708573019638095
12.258140753856	-0.138622170438095	0.708622170438095
12.2596420552309	-0.138671321238095	0.708671321238095
12.2611437243911	-0.138720472038095	0.708720472038095
12.2626457614717	-0.138769622838095	0.708769622838095
12.264148166608	-0.138818773638095	0.708818773638095
12.2656509399352	-0.138867924438095	0.708867924438095
12.2671540815888	-0.138917075238095	0.708917075238095
12.2686575917042	-0.138966226038095	0.708966226038095
12.2701614704169	-0.139015376838095	0.709015376838095
12.2716657178624	-0.139064527638095	0.709064527638095
12.2731703341763	-0.139113678438095	0.709113678438095
12.2746753194945	-0.139162829238095	0.709162829238095
12.2761806739525	-0.139211980038095	0.709211980038095
12.2776863976863	-0.139261130838095	0.709261130838095
12.2791924908317	-0.139310281638095	0.709310281638095
12.2806989535248	-0.139359432438095	0.709359432438095
12.2822057859015	-0.139408583238095	0.709408583238095
12.2837129880979	-0.139457734038095	0.709457734038095
12.2852205602503	-0.139506884838095	0.709506884838095
12.2867285024948	-0.139556035638095	0.709556035638095
12.2882368149677	-0.139605186438095	0.709605186438095
12.2897454978054	-0.139654337238095	0.709654337238095
12.2912545511443	-0.139703488038095	0.709703488038095
12.2927639751209	-0.139752638838095	0.709752638838095
12.2942737698719	-0.139801789638095	0.709801789638095
12.2957839355337	-0.139850940438095	0.709850940438095
12.2972944722432	-0.139900091238095	0.709900091238095
12.298805380137	-0.139949242038095	0.709949242038095
12.3003166593521	-0.139998392838095	0.709998392838095
12.3018283100253	-0.140074277723496	0.710148555446993
12.3033403322935	-0.1401510663261	0.710302132652201
12.3048527262939	-0.140227854928704	0.710455709857408
12.3063654921636	-0.140304643531308	0.710609287062616
12.3078786300396	-0.140381432133912	0.710762864267824
12.3093921400592	-0.140458220736516	0.710916441473032
12.3109060223598	-0.14053500933912	0.711070018678239
12.3124202770787	-0.140611797941723	0.711223595883447
12.3139349043534	-0.140688586544327	0.711377173088655
12.3154499043213	-0.140765375146931	0.711530750293862
12.31696527712	-0.140842163749535	0.71168432749907
12.3184810228872	-0.140918952352139	0.711837904704278
12.3199971417607	-0.140995740954743	0.711991481909485
12.3215136338781	-0.141072529557346	0.712145059114693
12.3230304993773	-0.14114931815995	0.712298636319901
12.3245477383962	-0.141226106762554	0.712452213525108
12.3260653510728	-0.141302895365158	0.712605790730316
12.3275833375453	-0.141379683967762	0.712759367935524
12.3291016979516	-0.141456472570366	0.712912945140732
12.3306204324299	-0.14153326117297	0.713066522345939
12.3321395411186	-0.141610049775573	0.713220099551147
12.333659024156	-0.141686838378177	0.713373676756355
12.3351788816804	-0.141763626980781	0.713527253961562
12.3366991138302	-0.141840415583385	0.71368083116677
12.3382197207441	-0.141917204185989	0.713834408371978
12.3397407025607	-0.141993992788593	0.713987985577185
12.3412620594185	-0.142070781391196	0.714141562782393
12.3427837914563	-0.1421475699938	0.714295139987601
12.344305898813	-0.142224358596404	0.714448717192808
12.3458283816273	-0.142301147199008	0.714602294398016
12.3473512400383	-0.142377935801612	0.714755871603224
12.3488744741849	-0.142454724404216	0.714909448808431
12.3503980842063	-0.14253151300682	0.715063026013639
12.3519220702414	-0.142608301609423	0.715216603218847
12.3534464324297	-0.142685090212027	0.715370180424055
12.3549711709103	-0.142761878814631	0.715523757629262
12.3564962858226	-0.142838667417235	0.71567733483447
12.358021777306	-0.142915456019839	0.715830912039678
12.3595476455	-0.142992244622443	0.715984489244885
12.3610738905442	-0.143069033225046	0.716138066450093
12.3626005125781	-0.14314582182765	0.716291643655301
12.3641275117416	-0.143222610430254	0.716445220860508
12.3656548881743	-0.143299399032858	0.716598798065716
12.3671826420161	-0.143376187635462	0.716752375270924
12.3687107734068	-0.143452976238066	0.716905952476131
12.3702392824865	-0.143529764840669	0.717059529681339
12.3717681693952	-0.143606553443273	0.717213106886547
12.373297434273	-0.143683342045877	0.717366684091755
12.3748270772601	-0.143760130648481	0.717520261296962
12.3763570984967	-0.143836919251085	0.71767383850217
12.3778874981232	-0.143913707853689	0.717827415707377
12.3794182762799	-0.143990496456292	0.717980992912585
12.3809494331073	-0.144067285058896	0.718134570117793
12.3824809687459	-0.1441440736615	0.718288147323001
12.3840128833363	-0.144220862264104	0.718441724528208
12.3855451770192	-0.144297650866708	0.718595301733416
12.3870778499353	-0.144374439469312	0.718748878938624
12.3886109022254	-0.144451228071916	0.718902456143831
12.3901443340304	-0.144528016674519	0.719056033349039
12.3916781454912	-0.144604805277123	0.719209610554247
12.3932123367489	-0.144681593879727	0.719363187759454
12.3947469079445	-0.144758382482331	0.719516764964662
12.3962818592192	-0.144835171084935	0.71967034216987
12.3978171907141	-0.144911959687539	0.719823919375078
12.3993529025707	-0.144988748290142	0.719977496580285
12.4008889949303	-0.145065536892746	0.720131073785493
12.4024254679342	-0.14514232549535	0.7202846509907
12.4039623217241	-0.145219114097954	0.720438228195908
12.4054995564414	-0.145295902700558	0.720591805401116
12.4070371722278	-0.145372691303162	0.720745382606324
12.408575169225	-0.145449479905766	0.720898959811531
12.4101135475749	-0.145526268508369	0.721052537016739
12.4116523074193	-0.145603057110973	0.721206114221947
12.4131914489	-0.145679845713577	0.721359691427154
12.4147309721591	-0.145756634316181	0.721513268632362
12.4162708773387	-0.145833422918785	0.72166684583757
12.4178111645808	-0.145910211521389	0.721820423042777
12.4193518340278	-0.145987000123992	0.721974000247985
12.4208928858218	-0.146063788726596	0.722127577453193
12.4224343201053	-0.1461405773292	0.7222811546584
12.4239761370206	-0.146217365931804	0.722434731863608
12.4255183367102	-0.146294154534408	0.722588309068816
12.4270609193167	-0.146370943137012	0.722741886274023
12.4286038849827	-0.146447731739616	0.722895463479231
12.430147233851	-0.146524520342219	0.723049040684439
12.4316909660642	-0.146601308944823	0.723202617889647
12.4332350817653	-0.146678097547427	0.723356195094854
12.4347795810971	-0.146754886150031	0.723509772300062
12.4363244642027	-0.146831674752635	0.72366334950527
12.4378697312251	-0.146908463355239	0.723816926710477
12.4394153823074	-0.146985251957842	0.723970503915685
12.4409614175928	-0.147062040560446	0.724124081120893
12.4425078372246	-0.14713882916305	0.7242776583261
12.4440546413462	-0.147215617765654	0.724431235531308
12.4456018301009	-0.147292406368258	0.724584812736516
12.4471494036322	-0.147369194970862	0.724738389941723
12.4486973620837	-0.147445983573465	0.724891967146931
12.450245705599	-0.147522772176069	0.725045544352139
12.4517944343218	-0.147599560778673	0.725199121557347
12.4533435483959	-0.147676349381277	0.725352698762554
12.4548930479652	-0.147753137983881	0.725506275967762
12.4564429331734	-0.147829926586485	0.72565985317297
12.4579932041647	-0.147906715189089	0.725813430378177
12.4595438610831	-0.147983503791692	0.725967007583385
12.4610949040726	-0.148060292394296	0.726120584788593
12.4626463332776	-0.1481370809969	0.7262741619938
12.4641981488422	-0.148213869599504	0.726427739199008
12.4657503509109	-0.148290658202108	0.726581316404216
12.467302939628	-0.148367446804712	0.726734893609423
12.468855915138	-0.148444235407315	0.726888470814631
12.4704092775855	-0.148521024009919	0.727042048019839
12.471963027115	-0.148597812612523	0.727195625225046
12.4735171638715	-0.148674601215127	0.727349202430254
12.4750716879995	-0.148751389817731	0.727502779635462
12.4766265996439	-0.148828178420335	0.72765635684067
12.4781818989497	-0.148904967022939	0.727809934045877
12.4797375860618	-0.148981755625542	0.727963511251085
12.4812936611254	-0.149058544228146	0.728117088456293
12.4828501242855	-0.14913533283075	0.7282706656615
12.4844069756874	-0.149212121433354	0.728424242866708
12.4859642154763	-0.149288910035958	0.728577820071916
12.4875218437976	-0.149365698638562	0.728731397277123
12.4890798607967	-0.149442487241165	0.728884974482331
12.4906382666192	-0.149519275843769	0.729038551687539
12.4921970614105	-0.149596064446373	0.729192128892746
12.4937562453164	-0.149672853048977	0.729345706097954
12.4953158184825	-0.149749641651581	0.729499283303162
12.4968757810547	-0.149826430254185	0.72965286050837
12.4984361331788	-0.149903218856789	0.729806437713577
12.4999968750008	-0.149980007459392	0.729960014918785
12.5015580066666	-0.15	0.730078819623161
12.5031195283223	-0.15	0.730185384207175
12.5046814401141	-0.15	0.73029194879119
12.5062437421883	-0.15	0.730398513375204
12.5078064346911	-0.15	0.730505077959219
12.5093695177688	-0.15	0.730611642543233
12.510932991568	-0.15	0.730718207127248
12.5124968562352	-0.15	0.730824771711262
12.5140611119169	-0.15	0.730931336295277
12.5156257587598	-0.15	0.731037900879291
12.5171907969107	-0.15	0.731144465463305
12.5187562265164	-0.15	0.73125103004732
12.5203220477237	-0.15	0.731357594631334
12.5218882606797	-0.15	0.731464159215349
12.5234548655313	-0.15	0.731570723799363
12.5250218624257	-0.15	0.731677288383378
12.52658925151	-0.15	0.731783852967392
12.5281570329315	-0.15	0.731890417551407
12.5297252068376	-0.15	0.731996982135421
12.5312937733756	-0.15	0.732103546719436
12.532862732693	-0.15	0.73221011130345
12.5344320849373	-0.15	0.732316675887465
12.5360018302563	-0.15	0.732423240471479
12.5375719687975	-0.15	0.732529805055493
12.5391425007088	-0.15	0.732636369639508
12.540713426138	-0.15	0.732742934223522
12.542284745233	-0.15	0.732849498807537
12.5438564581418	-0.15	0.732956063391551
12.5454285650125	-0.15	0.733062627975566
12.5470010659932	-0.15	0.73316919255958
12.5485739612322	-0.15	0.733275757143594
12.5501472508777	-0.15	0.733382321727609
12.5517209350781	-0.15	0.733488886311623
12.5532950139819	-0.15	0.733595450895638
12.5548694877375	-0.15	0.733702015479652
12.5564443564935	-0.15	0.733808580063667
12.5580196203987	-0.15	0.733915144647681
12.5595952796017	-0.15	0.734021709231696
12.5611713342514	-0.15	0.73412827381571
12.5627477844966	-0.15	0.734234838399725
12.5643246304864	-0.15	0.734341402983739
12.5659018723696	-0.15	0.734447967567754
12.5674795102956	-0.15	0.734554532151768
12.5690575444134	-0.15	0.734661096735783
12.5706359748723	-0.15	0.734767661319797
12.5722148018217	-0.15	0.734874225903811
12.5737940254109	-0.15	0.734980790487826
12.5753736457895	-0.15	0.73508735507184
12.5769536631069	-0.15	0.735193919655855
12.578534077513	-0.15	0.735300484239869
12.5801148891572	-0.15	0.735407048823884
12.5816960981896	-0.15	0.735513613407898
12.5832777047598	-0.15	0.735620177991913
12.5848597090179	-0.15	0.735726742575927
12.5864421111139	-0.15	0.735833307159942
12.5880249111978	-0.15	0.735939871743956
12.5896081094198	-0.15	0.73604643632797
12.5911917059302	-0.15	0.736153000911985
12.5927757008793	-0.15	0.736259565495999
12.5943600944174	-0.15	0.736366130080014
12.5959448866951	-0.15	0.736472694664028
12.5975300778628	-0.15	0.736579259248043
12.5991156680713	-0.15	0.736685823832057
12.6007016574711	-0.15	0.736792388416072
12.6022880462131	-0.15	0.736898953000086
12.6038748344481	-0.15	0.737005517584101
12.605462022327	-0.15	0.737112082168115
12.6070496100009	-0.15	0.737218646752129
12.6086375976208	-0.15	0.737325211336144
12.6102259853378	-0.15	0.737431775920158
12.6118147733033	-0.15	0.737538340504173
12.6134039616684	-0.15	0.737644905088187
12.6149935505845	-0.15	0.737751469672202
12.6165835402033	-0.15	0.737858034256216
12.618173930676	-0.15	0.737964598840231
12.6197647221544	-0.15	0.738071163424245
12.6213559147902	-0.15	0.73817772800826
12.6229475087351	-0.15	0.738284292592274
12.6245395041409	-0.15	0.738390857176288
12.6261319011596	-0.15	0.738497421760303
12.6277246999432	-0.15	0.738603986344317
12.6293179006436	-0.15	0.738710550928332
12.6309115034132	-0.15	0.738817115512346
12.632505508404	-0.15	0.738923680096361
12.6340999157685	-0.15	0.739030244680375
12.6356947256589	-0.15	0.73913680926439
12.6372899382277	-0.15	0.739243373848404
12.6388855536274	-0.15	0.739349938432418
12.6404815720107	-0.15	0.739456503016433
12.6420779935303	-0.15	0.739563067600447
12.6436748183388	-0.15	0.739669632184462
12.6452720465892	-0.15	0.739776196768476
12.6468696784344	-0.15	0.739882761352491
12.6484677140273	-0.15	0.739989325936505
12.650066153521	-0.15	0.74009589052052
12.6516649970686	-0.15	0.740202455104534
12.6532642448235	-0.15	0.740309019688549
12.6548638969388	-0.15	0.740415584272563
12.656463953568	-0.15	0.740522148856578
12.6580644148645	-0.15	0.740628713440592
12.6596652809819	-0.15	0.740735278024606
12.6612665520738	-0.15	0.740841842608621
12.6628682282938	-0.15	0.740948407192635
12.6644703097957	-0.15	0.74105497177665
12.6660727967335	-0.15	0.741161536360664
12.6676756892609	-0.15	0.741268100944679
12.669278987532	-0.15	0.741374665528693
12.670882691701	-0.15	0.741481230112708
12.6724868019218	-0.15	0.741587794696722
12.6740913183488	-0.15	0.741694359280736
12.6756962411364	-0.15	0.741800923864751
12.6773015704388	-0.15	0.741907488448765
12.6789073064105	-0.15	0.74201405303278
12.6805134492062	-0.15	0.742120617616794
12.6821199989804	-0.15	0.742227182200809
12.6837269558878	-0.15	0.742333746784823
12.6853343200832	-0.15	0.742440311368838
12.6869420917215	-0.15	0.742546875952852
12.6885502709577	-0.15	0.742653440536867
12.6901588579466	-0.15	0.742760005120881
12.6917678528435	-0.15	0.742866569704896
12.6933772558035	-0.15	0.74297313428891
12.6949870669819	-0.15	0.743079698872924
12.696597286534	-0.15	0.743186263456939
12.6982079146152	-0.15	0.743292828040953
12.699818951381	-0.15	0.743399392624968
12.701430396987	-0.15	0.743505957208982
12.7030422515888	-0.15	0.743612521792997
12.7046545153422	-0.15	0.743719086377011
12.7062671884029	-0.15	0.743825650961026
12.7078802709269	-0.15	0.74393221554504
12.7094937630701	-0.15	0.744038780129055
12.7111076649886	-0.15	0.744145344713069
12.7127219768384	-0.15	0.744251909297084
12.7143366987759	-0.15	0.744358473881098
12.7159518309572	-0.15	0.744465038465112
12.7175673735387	-0.15	0.744571603049127
12.719183326677	-0.15	0.744678167633141
12.7207996905284	-0.15	0.744784732217156
12.7224164652496	-0.15	0.74489129680117
12.7240336509973	-0.15	0.744997861385185
12.7256512479283	-0.15	0.745104425969199
12.7272692561993	-0.15	0.745210990553213
12.7288876759673	-0.15	0.745317555137228
12.7305065073894	-0.15	0.745424119721242
12.7321257506225	-0.15	0.745530684305257
12.7337454058238	-0.15	0.745637248889271
12.7353654731507	-0.15	0.745743813473286
12.7369859527603	-0.15	0.7458503780573
12.7386068448101	-0.15	0.745956942641315
12.7402281494577	-0.15	0.746063507225329
12.7418498668604	-0.15	0.746170071809344
12.743471997176	-0.15	0.746276636393358
12.7450945405623	-0.15	0.746383200977373
12.7467174971769	-0.15	0.746489765561387
12.7483408671778	-0.15	0.746596330145401
12.749964650723	-0.15	0.746702894729416
12.7515888479705	-0.15	0.74680945931343
12.7532134590783	-0.15	0.746916023897445
12.7548384842048	-0.15	0.747022588481459
12.7564639235082	-0.15	0.747129153065474
12.7580897771468	-0.15	0.747235717649488
12.7597160452791	-0.15	0.747342282233503
12.7613427280637	-0.15	0.747448846817517
12.7629698256591	-0.15	0.747555411401531
12.764597338224	-0.15	0.747661975985546
12.7662252659173	-0.15	0.74776854056956
12.7678536088977	-0.15	0.747875105153575
12.7694823673241	-0.15	0.747981669737589
12.7711115413557	-0.15	0.748088234321604
12.7727411311514	-0.15	0.748194798905618
12.7743711368705	-0.15	0.748301363489633
12.7760015586722	-0.15	0.748407928073647
12.7776323967158	-0.15	0.748514492657662
12.7792636511609	-0.15	0.748621057241676
12.7808953221668	-0.15	0.748727621825691
12.7825274098931	-0.15	0.748834186409705
12.7841599144995	-0.15	0.748940750993719
12.7857928361458	-0.15	0.749047315577734
12.7874261749918	-0.15	0.749153880161748
12.7890599311974	-0.15	0.749260444745763
12.7906941049226	-0.15	0.749367009329777
12.7923286963274	-0.15	0.749473573913792
12.793963705572	-0.15	0.749580138497806
12.7955991328167	-0.15	0.749686703081821
12.7972349782217	-0.15	0.749793267665835
12.7988712419474	-0.15	0.74989983224985
12.8005079241544	-0.15	0.750006703669642
12.8021450250032	-0.15	0.750118379817871
12.8037825446545	-0.15	0.750230055966099
12.8054204832689	-0.15	0.750341732114327
12.8070588410073	-0.15	0.750453408262555
12.8086976180305	-0.15	0.750565084410784
12.8103368144997	-0.15	0.750676760559012
12.8119764305757	-0.15	0.75078843670724
12.8136164664197	-0.15	0.750900112855469
12.8152569221931	-0.15	0.751011789003697
12.816897798057	-0.15	0.751123465151925
12.8185390941728	-0.15	0.751235141300153
12.8201808107021	-0.15	0.751346817448382
12.8218229478063	-0.15	0.75145849359661
12.8234655056472	-0.15	0.751570169744838
12.8251084843864	-0.15	0.751681845893067
12.8267518841857	-0.15	0.751793522041295
12.8283957052071	-0.15	0.751905198189523
12.8300399476124	-0.15	0.752016874337751
12.8316846115637	-0.15	0.75212855048598
12.8333296972233	-0.15	0.752240226634208
12.8349752047532	-0.15	0.752351902782436
12.8366211343157	-0.15	0.752463578930665
12.8382674860734	-0.15	0.752575255078893
12.8399142601885	-0.15	0.752686931227121
12.8415614568238	-0.15	0.75279860737535
12.8432090761417	-0.15	0.752910283523578
12.8448571183051	-0.15	0.753021959671806
12.8465055834767	-0.15	0.753133635820034
12.8481544718194	-0.15	0.753245311968263
12.8498037834962	-0.15	0.753356988116491
12.8514535186701	-0.15	0.753468664264719
12.8531036775043	-0.15	0.753580340412948
12.854754260162	-0.15	0.753692016561176
12.8564052668064	-0.15	0.753803692709404
12.858056697601	-0.15	0.753915368857632
12.8597085527092	-0.15	0.754027045005861
12.8613608322947	-0.15	0.754138721154089
12.8630135365209	-0.15	0.754250397302317
12.8646666655517	-0.15	0.754362073450546
12.8663202195509	-0.15	0.754473749598774
12.8679741986823	-0.15	0.754585425747002
12.8696286031099	-0.15	0.754697101895231
12.8712834329978	-0.15	0.754808778043459
12.8729386885102	-0.15	0.754920454191687
12.8745943698111	-0.15	0.755032130339915
12.8762504770651	-0.15	0.755143806488144
12.8779070104364	-0.15	0.755255482636372
12.8795639700895	-0.15	0.7553671587846
12.8812213561891	-0.15	0.755478834932829
12.8828791688997	-0.15	0.755590511081057
12.8845374083861	-0.15	0.755702187229285
12.8861960748131	-0.15	0.755813863377513
12.8878551683457	-0.15	0.755925539525742
12.8895146891487	-0.15	0.75603721567397
12.8911746373874	-0.15	0.756148891822198
12.8928350132268	-0.15	0.756260567970427
12.8944958168321	-0.15	0.756372244118655
12.8961570483688	-0.15	0.756483920266883
12.8978187080023	-0.15	0.756595596415111
12.899480795898	-0.15	0.75670727256334
12.9011433122215	-0.15	0.756818948711568
12.9028062571385	-0.15	0.756930624859796
12.9044696308147	-0.15	0.757042301008025
12.9061334334161	-0.15	0.757153977156253
12.9077976651085	-0.15	0.757265653304481
12.9094623260579	-0.15	0.75737732945271
12.9111274164305	-0.15	0.757489005600938
12.9127929363924	-0.15	0.757600681749166
12.9144588861098	-0.15	0.757712357897394
12.9161252657493	-0.15	0.757824034045623
12.9177920754771	-0.15	0.757935710193851
12.9194593154599	-0.15	0.758047386342079
12.9211269858642	-0.15	0.758159062490308
12.9227950868567	-0.15	0.758270738638536
12.9244636186043	-0.15	0.758382414786764
12.9261325812737	-0.15	0.758494090934992
12.927801975032	-0.15	0.758605767083221
12.9294718000462	-0.15	0.758717443231449
12.9311420564835	-0.15	0.758829119379677
12.932812744511	-0.15	0.758940795527906
12.9344838642961	-0.15	0.759052471676134
12.9361554160061	-0.15	0.759164147824362
12.9378273998085	-0.15	0.759275823972591
12.9394998158709	-0.15	0.759387500120819
12.941172664361	-0.15	0.759499176269047
12.9428459454464	-0.15	0.759610852417275
12.9445196592951	-0.15	0.759722528565504
12.9461938060748	-0.15	0.759834204713732
12.9478683859537	-0.15	0.75994588086196
12.9495433990998	-0.15	0.760057557010189
12.9512188456812	-0.15	0.760169233158417
12.9528947258662	-0.15	0.760280909306645
12.9545710398233	-0.15	0.760392585454873
12.9562477877207	-0.15	0.760504261603102
12.9579249697271	-0.15	0.76061593775133
12.9596025860109	-0.15	0.760727613899558
12.9612806367411	-0.15	0.760839290047787
12.9629591220862	-0.15	0.760950966196015
12.9646380422152	-0.15	0.761062642344243
12.966317397297	-0.15	0.761174318492471
12.9679971875008	-0.15	0.7612859946407
12.9696774129955	-0.15	0.761397670788928
12.9713580739505	-0.15	0.761509346937156
12.973039170535	-0.15	0.761621023085385
12.9747207029185	-0.15	0.761732699233613
12.9764026712704	-0.15	0.761844375381841
12.9780850757602	-0.15	0.76195605153007
12.9797679165577	-0.15	0.762067727678298
12.9814511938327	-0.15	0.762179403826526
12.9831349077548	-0.15	0.762291079974754
12.9848190584941	-0.15	0.762402756122983
12.9865036462206	-0.15	0.762514432271211
12.9881886711044	-0.15	0.762626108419439
12.9898741333156	-0.15	0.762737784567667
12.9915600330245	-0.15	0.762849460715896
12.9932463704016	-0.15	0.762961136864124
12.9949331456172	-0.15	0.763072813012352
12.9966203588419	-0.15	0.763184489160581
12.9983080102463	-0.15	0.763296165308809
12.9999961000012	-0.15	0.763407841457037
13.0016846282773	-0.15	0.763519517605266
13.0033735952456	-0.15	0.763631193753494
13.005063001077	-0.15	0.763742869901722
13.0067528459426	-0.15	0.763854546049951
13.0084431300135	-0.15	0.763966222198179
13.0101338534611	-0.15	0.764077898346407
13.0118250164567	-0.15	0.764189574494635
13.0135166191717	-0.15	0.764301250642864
13.0152086617775	-0.15	0.764412926791092
13.016901144446	-0.15	0.76452460293932
13.0185940673486	-0.15	0.764636279087548
13.0202874306572	-0.15	0.764747955235777
13.0219812345437	-0.15	0.764859631384005
13.0236754791801	-0.15	0.764971307532233
13.0253701647384	-0.15	0.765082983680462
13.0270652913907	-0.15	0.76519465982869
13.0287608593093	-0.15	0.765306335976918
13.0304568686665	-0.15	0.765418012125146
13.0321533196348	-0.15	0.765529688273375
13.0338502123866	-0.15	0.765641364421603
13.0355475470945	-0.15	0.765753040569831
13.0372453239312	-0.15	0.76586471671806
13.0389435430695	-0.15	0.765976392866288
13.0406422046823	-0.15	0.766088069014516
13.0423413089424	-0.15	0.766199745162745
13.044040856023	-0.15	0.766311421310973
13.0457408460972	-0.15	0.766423097459201
13.0474412793382	-0.15	0.766534773607429
13.0491421559192	-0.15	0.766646449755658
13.0508434760139	-0.15	0.766758125903886
13.0525452397955	-0.15	0.766869802052114
13.0542474474377	-0.15	0.766981478200343
13.0559500991142	-0.15	0.767093154348571
13.0576531949988	-0.15	0.767204830496799
13.0593567352653	-0.15	0.767316506645027
13.0610607200876	-0.15	0.767428182793256
13.0627651496399	-0.15	0.767539858941484
13.0644700240961	-0.15	0.767651535089712
13.0661753436306	-0.15	0.767763211237941
13.0678811084177	-0.15	0.767874887386169
13.0695873186317	-0.15	0.767986563534397
13.0712939744472	-0.15	0.768098239682626
13.0730010760387	-0.15	0.768209915830854
13.074708623581	-0.15	0.768321591979082
13.0764166172487	-0.15	0.76843326812731
13.0781250572168	-0.15	0.768544944275539
13.0798339436602	-0.15	0.768656620423767
13.0815432767539	-0.15	0.768768296571995
13.0832530566731	-0.15	0.768879972720224
13.084963283593	-0.15	0.768991648868452
13.086673957689	-0.15	0.76910332501668
13.0883850791363	-0.15	0.769215001164908
13.0900966481106	-0.15	0.769326677313137
13.0918086647874	-0.15	0.769438353461365
13.0935211293424	-0.15	0.769550029609593
13.0952340419514	-0.15	0.769661705757822
13.0969474027902	-0.15	0.76977338190605
13.0986612120348	-0.15	0.769885058054278
13.1003754698613	-0.15	0.769996734202506
13.1020901764459	-0.149831031590781	0.770253452613828
13.1038053319646	-0.149656973108488	0.770514540337268
13.1055209365939	-0.149482914626194	0.770775628060708
13.1072369905102	-0.149308856143901	0.771036715784148
13.1089534938901	-0.149134797661608	0.771297803507588
13.11067044691	-0.148960739179314	0.771558891231029
13.1123878497467	-0.148786680697021	0.771819978954469
13.1141057025771	-0.148612622214727	0.772081066677909
13.1158240055779	-0.148438563732434	0.772342154401349
13.1175427589262	-0.14826450525014	0.772603242124789
13.119261962799	-0.148090446767847	0.772864329848229
13.1209816173735	-0.147916388285554	0.77312541757167
13.122701722827	-0.14774232980326	0.773386505295109
13.1244222793368	-0.147568271320967	0.77364759301855
13.1261432870803	-0.147394212838673	0.77390868074199
13.1278647462351	-0.14722015435638	0.77416976846543
13.1295866569788	-0.147046095874087	0.77443085618887
13.1313090194891	-0.146872037391793	0.77469194391231
13.1330318339438	-0.1466979789095	0.77495303163575
13.1347551005209	-0.146523920427206	0.775214119359191
13.1364788193984	-0.146349861944913	0.775475207082631
13.1382029907543	-0.146175803462619	0.775736294806071
13.1399276147668	-0.146001744980326	0.775997382529511
13.1416526916142	-0.145827686498032	0.776258470252951
13.1433782214749	-0.145653628015739	0.776519557976391
13.1451042045273	-0.145479569533446	0.776780645699832
13.1468306409501	-0.145305511051152	0.777041733423271
13.1485575309218	-0.145131452568859	0.777302821146712
13.1502848746212	-0.144957394086565	0.777563908870152
13.1520126722273	-0.144783335604272	0.777824996593592
13.1537409239188	-0.144609277121979	0.778086084317032
13.1554696298748	-0.144435218639685	0.778347172040472
13.1571987902745	-0.144261160157392	0.778608259763912
13.1589284052971	-0.144087101675098	0.778869347487352
13.1606584751219	-0.143913043192805	0.779130435210793
13.1623889999283	-0.143738984710511	0.779391522934233
13.1641199798958	-0.143564926228218	0.779652610657673
13.165851415204	-0.143390867745925	0.779913698381113
13.1675833060325	-0.143216809263631	0.780174786104553
13.1693156525613	-0.143042750781338	0.780435873827993
13.1710484549702	-0.142868692299044	0.780696961551433
13.172781713439	-0.142694633816751	0.780958049274873
13.174515428148	-0.142520575334458	0.781219136998314
13.1762495992773	-0.142346516852164	0.781480224721754
13.1779842270071	-0.142172458369871	0.781741312445194
13.1797193115178	-0.141998399887577	0.782002400168634
13.1814548529899	-0.141824341405284	0.782263487892074
13.1831908516038	-0.14165028292299	0.782524575615514
13.1849273075403	-0.141476224440697	0.782785663338954
13.18666422098	-0.141302165958403	0.783046751062395
13.1884015921038	-0.14112810747611	0.783307838785835
13.1901394210927	-0.140954048993817	0.783568926509275
13.1918777081276	-0.140779990511523	0.783830014232715
13.1936164533897	-0.14060593202923	0.784091101956155
13.1953556570601	-0.140431873546936	0.784352189679595
13.1970953193202	-0.140257815064643	0.784613277403035
13.1988354403514	-0.14008375658235	0.784874365126475
13.2005760203352	-0.139909698100056	0.785135452849916
13.2023170594532	-0.139735639617763	0.785396540573356
13.2040585578871	-0.139561581135469	0.785657628296796
13.2058005158186	-0.139387522653176	0.785918716020236
13.2075429334296	-0.139213464170882	0.786179803743676
13.2092858109022	-0.139039405688589	0.786440891467116
13.2110291484184	-0.138865347206296	0.786701979190557
13.2127729461603	-0.138691288724002	0.786963066913997
13.2145172043103	-0.138517230241709	0.787224154637437
13.2162619230507	-0.138343171759415	0.787485242360877
13.2180071025639	-0.138169113277122	0.787746330084317
13.2197527430326	-0.137995054794829	0.788007417807757
13.2214988446393	-0.137820996312535	0.788268505531197
13.2232454075669	-0.137646937830242	0.788529593254637
13.2249924319981	-0.137472879347948	0.788790680978078
13.2267399181159	-0.137298820865655	0.789051768701518
13.2284878661034	-0.137124762383361	0.789312856424958
13.2302362761436	-0.136950703901068	0.789573944148398
13.2319851484199	-0.136776645418774	0.789835031871838
13.2337344831155	-0.136602586936481	0.790096119595278
13.2354842804139	-0.136428528454188	0.790357207318719
13.2372345404985	-0.136254469971894	0.790618295042159
13.2389852635531	-0.136080411489601	0.790879382765599
13.2407364497613	-0.135906353007307	0.791140470489039
13.242488099307	-0.135732294525014	0.791401558212479
13.244240212374	-0.135558236042721	0.791662645935919
13.2459927891464	-0.135384177560427	0.791923733659359
13.2477458298083	-0.135210119078134	0.792184821382799
13.2494993345439	-0.13503606059584	0.792445909106239
13.2512533035375	-0.134862002113547	0.79270699682968
13.2530077369734	-0.134687943631253	0.79296808455312
13.2547626350362	-0.13451388514896	0.79322917227656
13.2565179979105	-0.134339826666667	0.79349026
13.258273825781	-0.134165768184373	0.79375134772344
13.2600301188324	-0.13399170970208	0.79401243544688
13.2617868772497	-0.133817651219786	0.794273523170321
13.2635441012178	-0.133643592737493	0.79453461089376
13.2653017909219	-0.1334695342552	0.794795698617201
13.267059946547	-0.133295475772906	0.795056786340641
13.2688185682786	-0.133121417290613	0.795317874064081
13.2705776563019	-0.132947358808319	0.795578961787521
13.2723372108024	-0.132773300326026	0.795840049510961
13.2740972319658	-0.132599241843732	0.796101137234401
13.2758577199776	-0.132425183361439	0.796362224957841
13.2776186750238	-0.132251124879145	0.796623312681282
13.2793800972901	-0.132077066396852	0.796884400404722
13.2811419869624	-0.131903007914559	0.797145488128162
13.282904344227	-0.131728949432265	0.797406575851602
13.2846671692699	-0.131554890949972	0.797667663575042
13.2864304622774	-0.131380832467678	0.797928751298483
13.2881942234359	-0.131206773985385	0.798189839021922
13.2899584529319	-0.131032715503092	0.798450926745362
13.2917231509518	-0.130858657020798	0.798712014468803
13.2934883176825	-0.130684598538505	0.798973102192243
13.2952539533105	-0.130510540056211	0.799234189915683
13.2970200580229	-0.130336481573918	0.799495277639123
13.2987866320065	-0.130162423091624	0.799756365362563
13.3005536754484	-0.129994004530051	0.8
13.3023211885358	-0.129904315887038	0.8
13.3040891714559	-0.129814627244026	0.8
13.3058576243961	-0.129724938601014	0.8
13.3076265475439	-0.129635249958001	0.8
13.3093959410868	-0.129545561314989	0.8
13.3111658052124	-0.129455872671977	0.8
13.3129361401085	-0.129366184028964	0.8
13.3147069459631	-0.129276495385952	0.8
13.3164782229639	-0.12918680674294	0.8
13.3182499712992	-0.129097118099928	0.8
13.320022191157	-0.129007429456915	0.8
13.3217948827256	-0.128917740813903	0.8
13.3235680461933	-0.128828052170891	0.8
13.3253416817487	-0.128738363527878	0.8
13.3271157895803	-0.128648674884866	0.8
13.3288903698767	-0.128558986241854	0.8
13.3306654228267	-0.128469297598841	0.8
13.3324409486192	-0.128379608955829	0.8
13.3342169474431	-0.128289920312817	0.8
13.3359934194874	-0.128200231669804	0.8
13.3377703649414	-0.128110543026792	0.8
13.3395477839943	-0.12802085438378	0.8
13.3413256768355	-0.127931165740768	0.8
13.3431040436544	-0.127841477097755	0.8
13.3448828846406	-0.127751788454743	0.8
13.3466621999837	-0.127662099811731	0.8
13.3484419898736	-0.127572411168718	0.8
13.3502222545001	-0.127482722525706	0.8
13.3520029940532	-0.127393033882694	0.8
13.3537842087229	-0.127303345239681	0.8
13.3555658986994	-0.127213656596669	0.8
13.357348064173	-0.127123967953657	0.8
13.359130705334	-0.127034279310644	0.8
13.3609138223731	-0.126944590667632	0.8
13.3626974154806	-0.12685490202462	0.8
13.3644814848474	-0.126765213381608	0.8
13.3662660306641	-0.126675524738595	0.8
13.3680510531217	-0.126585836095583	0.8
13.3698365524112	-0.126496147452571	0.8
13.3716225287236	-0.126406458809558	0.8
13.3734089822501	-0.126316770166546	0.8
13.3751959131821	-0.126227081523534	0.8
13.376983321711	-0.126137392880521	0.8
13.3787712080281	-0.126047704237509	0.8
13.3805595723252	-0.125958015594497	0.8
13.3823484147939	-0.125868326951484	0.8
13.3841377356261	-0.125778638308472	0.8
13.3859275350136	-0.12568894966546	0.8
13.3877178131484	-0.125599261022448	0.8
13.3895085702228	-0.125509572379435	0.8
13.3912998064288	-0.125419883736423	0.8
13.3930915219588	-0.125330195093411	0.8
13.3948837170052	-0.125240506450398	0.8
13.3966763917606	-0.125150817807386	0.8
13.3984695464176	-0.125061129164374	0.8
13.4002631811689	-0.124971440521361	0.8
13.4020572962073	-0.124881751878349	0.8
13.4038518917258	-0.124792063235337	0.8
13.4056469679175	-0.124702374592324	0.8
13.4074425249754	-0.124612685949312	0.8
13.4092385630928	-0.1245229973063	0.8
13.4110350824631	-0.124433308663288	0.8
13.4128320832797	-0.124343620020275	0.8
13.4146295657362	-0.124253931377263	0.8
13.4164275300263	-0.124164242734251	0.8
13.4182259763437	-0.124074554091238	0.8
13.4200249048822	-0.123984865448226	0.8
13.4218243158359	-0.123895176805214	0.8
13.4236242093989	-0.123805488162201	0.8
13.4254245857652	-0.123715799519189	0.8
13.4272254451293	-0.123626110876177	0.8
13.4290267876855	-0.123536422233164	0.8
13.4308286136282	-0.123446733590152	0.8
13.4326309231522	-0.12335704494714	0.8
13.434433716452	-0.123267356304127	0.8
13.4362369937226	-0.123177667661115	0.8
13.4380407551588	-0.123087979018103	0.8
13.4398450009556	-0.122998290375091	0.8
13.4416497313081	-0.122908601732078	0.8
13.4434549464117	-0.122818913089066	0.8
13.4452606464616	-0.122729224446054	0.8
13.4470668316532	-0.122639535803041	0.8
13.4488735021822	-0.122549847160029	0.8
13.450680658244	-0.122460158517017	0.8
13.4524883000346	-0.122370469874004	0.8
13.4542964277498	-0.122280781230992	0.8
13.4561050415854	-0.12219109258798	0.8
13.4579141417377	-0.122101403944967	0.8
13.4597237284027	-0.122011715301955	0.8
13.4615338017768	-0.121922026658943	0.8
13.4633443620563	-0.121832338015931	0.8
13.4651554094377	-0.121742649372918	0.8
13.4669669441176	-0.121652960729906	0.8
13.4687789662928	-0.121563272086894	0.8
13.47059147616	-0.121473583443881	0.8
13.4724044739161	-0.121383894800869	0.8
13.4742179597582	-0.121294206157857	0.8
13.4760319338834	-0.121204517514844	0.8
13.4778463964889	-0.121114828871832	0.8
13.479661347772	-0.12102514022882	0.8
13.4814767879303	-0.120935451585807	0.8
13.4832927171612	-0.120845762942795	0.8
13.4851091356625	-0.120756074299783	0.8
13.4869260436318	-0.120666385656771	0.8
13.4887434412671	-0.120576697013758	0.8
13.4905613287663	-0.120487008370746	0.8
13.4923797063276	-0.120397319727734	0.8
13.494198574149	-0.120307631084721	0.8
13.496017932429	-0.120217942441709	0.8
13.4978377813658	-0.120128253798697	0.8
13.4996581211581	-0.120038565155684	0.8
13.5014789520044	-0.119929271152074	0.800070728847926
13.5033002741035	-0.119805187786015	0.800194812213985
13.5051220876542	-0.119681104419956	0.800318895580044
13.5069443928554	-0.119557021053897	0.800442978946103
13.5087671899063	-0.119432937687838	0.800567062312162
13.5105904790058	-0.119308854321779	0.800691145678221
13.5124142603534	-0.11918477095572	0.80081522904428
13.5142385341484	-0.119060687589661	0.800939312410339
13.5160633005902	-0.118936604223603	0.801063395776398
13.5178885598785	-0.118812520857544	0.801187479142456
13.5197143122129	-0.118688437491485	0.801311562508515
13.5215405577933	-0.118564354125426	0.801435645874574
13.5233672968195	-0.118440270759367	0.801559729240633
13.5251945294916	-0.118316187393308	0.801683812606692
13.5270222560097	-0.118192104027249	0.801807895972751
13.5288504765741	-0.11806802066119	0.80193197933881
13.530679191385	-0.117943937295131	0.802056062704869
13.5325084006429	-0.117819853929072	0.802180146070928
13.5343381045484	-0.117695770563014	0.802304229436987
13.5361683033022	-0.117571687196955	0.802428312803045
13.537998997105	-0.117447603830896	0.802552396169104
13.5398301861578	-0.117323520464837	0.802676479535163
13.5416618706614	-0.117199437098778	0.802800562901222
13.5434940508171	-0.117075353732719	0.802924646267281
13.545326726826	-0.11695127036666	0.80304872963334
13.5471598988894	-0.116827187000601	0.803172812999399
13.5489935672088	-0.116703103634542	0.803296896365458
13.5508277319858	-0.116579020268483	0.803420979731517
13.5526623934219	-0.116454936902424	0.803545063097576
13.5544975517189	-0.116330853536366	0.803669146463635
13.5563332070787	-0.116206770170307	0.803793229829693
13.5581693597033	-0.116082686804248	0.803917313195752
13.5600060097947	-0.115958603438189	0.804041396561811
13.5618431575551	-0.11583452007213	0.80416547992787
13.5636808031869	-0.115710436706071	0.804289563293929
13.5655189468925	-0.115586353340012	0.804413646659988
13.5673575888743	-0.115462269973953	0.804537730026047
13.5691967293351	-0.115338186607894	0.804661813392106
13.5710363684775	-0.115214103241835	0.804785896758165
13.5728765065045	-0.115090019875776	0.804909980124224
13.5747171436189	-0.114965936509718	0.805034063490283
13.5765582800238	-0.114841853143659	0.805158146856342
13.5783999159225	-0.1147177697776	0.8052822302224
13.5802420515183	-0.114593686411541	0.805406313588459
13.5820846870144	-0.114469603045482	0.805530396954518
13.5839278226146	-0.114345519679423	0.805654480320577
13.5857714585222	-0.114221436313364	0.805778563686636
13.5876155949412	-0.114097352947305	0.805902647052695
13.5894602320754	-0.113973269581246	0.806026730418754
13.5913053701286	-0.113849186215187	0.806150813784813
13.5931510093051	-0.113725102849128	0.806274897150872
13.5949971498089	-0.11360101948307	0.80639898051693
13.5968437918443	-0.113476936117011	0.806523063882989
13.5986909356158	-0.113352852750952	0.806647147249048
13.6005385813278	-0.113228769384893	0.806771230615107
13.6023867291851	-0.113104686018834	0.806895313981166
13.6042353793922	-0.112980602652775	0.807019397347225
13.6060845321541	-0.112856519286716	0.807143480713284
13.6079341876757	-0.112732435920657	0.807267564079343
13.6097843461621	-0.112608352554598	0.807391647445402
13.6116350078185	-0.112484269188539	0.807515730811461
13.6134861728502	-0.112360185822481	0.80763981417752
13.6153378414625	-0.112236102456422	0.807763897543578
13.6171900138609	-0.112112019090363	0.807887980909637
13.6190426902512	-0.111987935724304	0.808012064275696
13.620895870839	-0.111863852358245	0.808136147641755
13.6227495558303	-0.111739768992186	0.808260231007814
13.6246037454308	-0.111615685626127	0.808384314373873
13.6264584398468	-0.111491602260068	0.808508397739932
13.6283136392844	-0.111367518894009	0.808632481105991
13.63016934395	-0.11124343552795	0.80875656447205
13.6320255540498	-0.111119352161892	0.808880647838109
13.6338822697905	-0.110995268795833	0.809004731204167
13.6357394913787	-0.110871185429774	0.809128814570226
13.6375972190212	-0.110747102063715	0.809252897936285
13.6394554529247	-0.110623018697656	0.809376981302344
13.6413141932963	-0.110498935331597	0.809501064668403
13.6431734403431	-0.110374851965538	0.809625148034462
13.6450331942723	-0.110250768599479	0.809749231400521
13.6468934552911	-0.11012668523342	0.80987331476658
13.648754223607	-0.110002601867361	0.809997398132639
13.6506154994276	-0.109878518501302	0.810121481498698
13.6524772829604	-0.109754435135243	0.810245564864757
13.6543395744134	-0.109630351769185	0.810369648230815
13.6562023739942	-0.109506268403126	0.810493731596874
13.658065681911	-0.109382185037067	0.810617814962933
13.6599294983719	-0.109258101671008	0.810741898328992
13.661793823585	-0.109134018304949	0.810865981695051
13.6636586577587	-0.10900993493889	0.81099006506111
13.6655240011014	-0.108885851572831	0.811114148427169
13.6673898538218	-0.108761768206772	0.811238231793228
13.6692562161284	-0.108637684840713	0.811362315159287
13.6711230882302	-0.108513601474654	0.811486398525346
13.6729904703358	-0.108389518108596	0.811610481891405
13.6748583626545	-0.108265434742537	0.811734565257463
13.6767267653953	-0.108141351376478	0.811858648623522
13.6785956787675	-0.108017268010419	0.811982731989581
13.6804651029804	-0.10789318464436	0.81210681535564
13.6823350382435	-0.107769101278301	0.812230898721699
13.6842054847664	-0.107645017912242	0.812354982087758
13.6860764427588	-0.107520934546183	0.812479065453817
13.6879479124305	-0.107396851180124	0.812603148819876
13.6898198939915	-0.107272767814065	0.812727232185935
13.6916923876518	-0.107148684448007	0.812851315551994
13.6935653936215	-0.107024601081948	0.812975398918052
13.695438912111	-0.106900517715889	0.813099482284111
13.6973129433307	-0.10677643434983	0.81322356565017
13.6991874874909	-0.106652350983771	0.813347649016229
13.7010625448025	-0.106528267617712	0.813471732382288
13.702938115476	-0.106404184251653	0.813595815748347
13.7048141997225	-0.106280100885594	0.813719899114406
13.7066907977527	-0.106156017519535	0.813843982480465
13.7085679097779	-0.106031934153476	0.813968065846524
13.7104455360092	-0.105907850787417	0.814092149212583
13.7123236766579	-0.105783767421359	0.814216232578642
13.7142023319355	-0.1056596840553	0.8143403159447
13.7160815020536	-0.105535600689241	0.814464399310759
13.7179611872237	-0.105411517323182	0.814588482676818
13.7198413876577	-0.105287433957123	0.814712566042877
13.7217221035674	-0.105163350591064	0.814836649408936
13.723603335165	-0.105039267225005	0.814960732774995
13.7254850826624	-0.104915183858946	0.815084816141054
13.727367346272	-0.104791100492887	0.815208899507113
13.7292501262061	-0.104667017126828	0.815332982873172
13.7311334226772	-0.10454293376077	0.815457066239231
13.7330172358979	-0.104418850394711	0.815581149605289
13.7349015660809	-0.104294767028652	0.815705232971348
13.7367864134391	-0.104170683662593	0.815829316337407
13.7386717781853	-0.104046600296534	0.815953399703466
13.7405576605327	-0.103922516930475	0.816077483069525
13.7424440606943	-0.103798433564416	0.816201566435584
13.7443309788836	-0.103674350198357	0.816325649801643
13.746218415314	-0.103550266832298	0.816449733167702
13.7481063701988	-0.103426183466239	0.816573816533761
13.7499948437519	-0.10330210010018	0.81669789989982
13.751883836187	-0.103178016734121	0.816821983265879
13.7537733477179	-0.103053933368063	0.816946066631937
13.7556633785587	-0.102929850002004	0.817070149997996
13.7575539289235	-0.102805766635945	0.817194233364055
13.7594449990265	-0.102681683269886	0.817318316730114
13.7613365890821	-0.102557599903827	0.817442400096173
13.7632286993047	-0.102433516537768	0.817566483462232
13.7651213299089	-0.102309433171709	0.817690566828291
13.7670144811095	-0.10218534980565	0.81781465019435
13.7689081531213	-0.102061266439591	0.817938733560409
13.7708023461591	-0.101937183073532	0.818062816926468
13.7726970604382	-0.101813099707474	0.818186900292526
13.7745922961736	-0.101689016341415	0.818310983658585
13.7764880535806	-0.101564932975356	0.818435067024644
13.7783843328747	-0.101440849609297	0.818559150390703
13.7802811342715	-0.101316766243238	0.818683233756762
13.7821784579865	-0.101192682877179	0.818807317122821
13.7840763042355	-0.10106859951112	0.81893140048888
13.7859746732345	-0.100944516145061	0.819055483854939
13.7878735651994	-0.100820432779002	0.819179567220998
13.7897729803464	-0.100696349412943	0.819303650587057
13.7916729188917	-0.100572266046885	0.819427733953116
13.7935733810517	-0.100448182680826	0.819551817319174
13.7954743670429	-0.100324099314767	0.819675900685233
13.7973758770819	-0.100200015948708	0.819799984051292
13.7992779113855	-0.100075932582649	0.819924067417351
13.8011804701703	-0.0999256433910892	0.82
13.8030835536536	-0.0997340282673268	0.82
13.8049871620522	-0.0995424131435644	0.82
13.8068912955835	-0.0993507980198022	0.82
13.8087959544647	-0.0991591828960398	0.82
13.8107011389133	-0.0989675677722774	0.82
13.8126068491469	-0.098775952648515	0.82
13.8145130853831	-0.0985843375247526	0.82
13.8164198478398	-0.0983927224009902	0.82
13.8183271367348	-0.0982011072772278	0.82
13.8202349522863	-0.0980094921534655	0.82
13.8221432947124	-0.0978178770297031	0.82
13.8240521642314	-0.0976262619059407	0.82
13.8259615610617	-0.0974346467821783	0.82
13.8278714854218	-0.0972430316584159	0.82
13.8297819375303	-0.0970514165346535	0.82
13.8316929176061	-0.0968598014108913	0.82
13.8336044258681	-0.0966681862871289	0.82
13.8355164625352	-0.0964765711633665	0.82
13.8374290278265	-0.0962849560396041	0.82
13.8393421219614	-0.0960933409158417	0.82
13.8412557451592	-0.0959017257920793	0.82
13.8431698976395	-0.0957101106683169	0.82
13.8450845796217	-0.0955184955445545	0.82
13.8469997913257	-0.0953268804207921	0.82
13.8489155329714	-0.0951352652970297	0.82
13.8508318047786	-0.0949436501732673	0.82
13.8527486069676	-0.094752035049505	0.82
13.8546659397585	-0.0945604199257426	0.82
13.8565838033718	-0.0943688048019802	0.82
13.8585021980277	-0.094177189678218	0.82
13.8604211239471	-0.0939855745544556	0.82
13.8623405813505	-0.0937939594306932	0.82
13.8642605704589	-0.0936023443069308	0.82
13.8661810914931	-0.0934107291831684	0.82
13.8681021446743	-0.093219114059406	0.82
13.8700237302236	-0.0930274989356436	0.82
13.8719458483624	-0.0928358838118812	0.82
13.8738684993122	-0.0926442686881188	0.82
13.8757916832945	-0.0924526535643564	0.82
13.877715400531	-0.092261038440594	0.82
13.8796396512435	-0.0920694233168316	0.82
13.881564435654	-0.0918778081930692	0.82
13.8834897539846	-0.0916861930693071	0.82
13.8854156064573	-0.0914945779455447	0.82
13.8873419932946	-0.0913029628217823	0.82
13.8892689147189	-0.0911113476980199	0.82
13.8911963709527	-0.0909197325742575	0.82
13.8931243622188	-0.0907281174504951	0.82
13.8950528887398	-0.0905365023267327	0.82
13.8969819507388	-0.0903448872029703	0.82
13.8989115484388	-0.0901532720792079	0.82
13.900841682063	-0.08997019726963	0.82
13.9027723518347	-0.0898212614212994	0.82
13.9047035579773	-0.0896723255729688	0.82
13.9066353007143	-0.0895233897246382	0.82
13.9085675802695	-0.0893744538763076	0.82
13.9105003968666	-0.0892255180279772	0.82
13.9124337507295	-0.0890765821796466	0.82
13.9143676420824	-0.088927646331316	0.82
13.9163020711493	-0.0887787104829853	0.82
13.9182370381546	-0.0886297746346547	0.82
13.9201725433227	-0.0884808387863241	0.82
13.9221085868781	-0.0883319029379935	0.82
13.9240451690456	-0.0881829670896629	0.82
13.9259822900498	-0.0880340312413323	0.82
13.9279199501158	-0.0878850953930017	0.82
13.9298581494685	-0.0877361595446711	0.82
13.9317968883332	-0.0875872236963405	0.82
13.9337361669351	-0.0874382878480099	0.82
13.9356759854997	-0.0872893519996794	0.82
13.9376163442524	-0.0871404161513488	0.82
13.9395572434191	-0.0869914803030182	0.82
13.9414986832255	-0.0868425444546876	0.82
13.9434406638974	-0.086693608606357	0.82
13.945383185661	-0.0865446727580264	0.82
13.9473262487425	-0.0863957369096958	0.82
13.9492698533681	-0.0862468010613652	0.82
13.9512139997642	-0.0860978652130346	0.82
13.9531586881575	-0.085948929364704	0.82
13.9551039187746	-0.0857999935163734	0.82
13.9570496918423	-0.0856510576680428	0.82
13.9589960075876	-0.0855021218197121	0.82
13.9609428662374	-0.0853531859713815	0.82
13.9628902680191	-0.0852042501230511	0.82
13.9648382131599	-0.0850553142747205	0.82
13.9667867018872	-0.0849063784263899	0.82
13.9687357344286	-0.0847574425780593	0.82
13.9706853110119	-0.0846085067297287	0.82
13.9726354318648	-0.0844595708813981	0.82
13.9745860972153	-0.0843106350330675	0.82
13.9765373072915	-0.0841616991847369	0.82
13.9784890623216	-0.0840127633364063	0.82
13.9804413625338	-0.0838638274880756	0.82
13.9823942081567	-0.083714891639745	0.82
13.9843475994189	-0.0835659557914144	0.82
13.9863015365491	-0.0834170199430838	0.82
13.988256019776	-0.0832680840947534	0.82
13.9902110493288	-0.0831191482464228	0.82
13.9921666254364	-0.0829702123980922	0.82
13.9941227483282	-0.0828212765497616	0.82
13.9960794182334	-0.082672340701431	0.82
13.9980366353815	-0.0825234048531003	0.82
13.9999944000022	-0.0823744690047697	0.82
14.0019527123253	-0.0822255331564391	0.82
14.0039115725805	-0.0820765973081085	0.82
14.0058709809978	-0.0819276614597779	0.82
14.0078309378075	-0.0817787256114473	0.82
14.0097914432397	-0.0816297897631167	0.82
14.0117524975248	-0.0814808539147861	0.82
14.0137141008934	-0.0813319180664555	0.82
14.0156762535761	-0.081182982218125	0.82
14.0176389558036	-0.0810340463697944	0.82
14.019602207807	-0.0808851105214638	0.82
14.0215660098171	-0.0807361746731332	0.82
14.0235303620651	-0.0805872388248026	0.82
14.0254952647824	-0.080438302976472	0.82
14.0274607182004	-0.0802893671281414	0.82
14.0294267225506	-0.0801404312798108	0.82
14.0313932780646	-0.0799914954314802	0.82
14.0333603849744	-0.0798425595831496	0.82
14.0353280435118	-0.079693623734819	0.82
14.0372962539089	-0.0795446878864884	0.82
14.0392650163979	-0.0793957520381578	0.82
14.0412343312111	-0.0792468161898273	0.82
14.043204198581	-0.0790978803414967	0.82
14.0451746187402	-0.0789489444931661	0.82
14.0471455919214	-0.0788000086448355	0.82
14.0491171183575	-0.0786510727965049	0.82
14.0510891982814	-0.0785021369481743	0.82
14.0530618319262	-0.0783532010998437	0.82
14.0550350195253	-0.0782042652515131	0.82
14.0570087613119	-0.0780553294031825	0.82
14.0589830575195	-0.0779063935548518	0.82
14.0609579083819	-0.0777574577065212	0.82
14.0629333141327	-0.0776085218581906	0.82
14.064909275006	-0.07745958600986	0.82
14.0668857912356	-0.0773106501615294	0.82
14.0688628630558	-0.077161714313199	0.82
14.0708404907009	-0.0770127784648684	0.82
14.0728186744052	-0.0768638426165378	0.82
14.0747974144034	-0.0767149067682072	0.82
14.0767767109302	-0.0765659709198765	0.82
14.0787565642203	-0.0764170350715459	0.82
14.0807369745087	-0.0762680992232153	0.82
14.0827179420305	-0.0761191633748847	0.82
14.0846994670209	-0.0759702275265541	0.82
14.0866815497153	-0.0758212916782235	0.82
14.0886641903491	-0.0756723558298929	0.82
14.090647389158	-0.0755234199815623	0.82
14.0926311463778	-0.0753744841332317	0.82
14.0946154622442	-0.0752255482849013	0.82
14.0966003369933	-0.0750766124365706	0.82
14.0985857708613	-0.07492767658824	0.82
14.1005717640845	-0.0747787407399094	0.82
14.1025583168992	-0.0746298048915788	0.82
14.1045454295419	-0.0744808690432482	0.82
14.1065331022495	-0.0743319331949176	0.82
14.1085213352587	-0.074182997346587	0.82
14.1105101288064	-0.0740340614982564	0.82
14.1124994831297	-0.0738851256499258	0.82
14.1144893984659	-0.0737361898015952	0.82
14.1164798750522	-0.0735872539532646	0.82
14.1184709131262	-0.073438318104934	0.82
14.1204625129255	-0.0732893822566034	0.82
14.1224546746878	-0.0731404464082729	0.82
14.1244473986511	-0.0729915105599423	0.82
14.1264406850533	-0.0728425747116117	0.82
14.1284345341325	-0.0726936388632811	0.82
14.1304289461272	-0.0725447030149505	0.82
14.1324239212756	-0.0723957671666199	0.82
14.1344194598164	-0.0722468313182893	0.82
14.1364155619883	-0.0720978954699587	0.82
14.13841222803	-0.0719489596216281	0.82
14.1404094581805	-0.0718000237732975	0.82
14.142407252679	-0.0716510879249669	0.82
14.1444056117646	-0.0715021520766362	0.82
14.1464045356768	-0.0713532162283056	0.82
14.148404024655	-0.0712042803799752	0.82
14.1504040789389	-0.0710553445316446	0.82
14.1524046987682	-0.070906408683314	0.82
14.1544058843829	-0.0707574728349834	0.82
14.1564076360229	-0.0706085369866528	0.82
14.1584099539285	-0.0704596011383222	0.82
14.1604128383401	-0.0703106652899916	0.82
14.1624162894979	-0.0701617294416609	0.82
14.1644203076427	-0.0700127935933303	0.82
14.1664248930152	-0.0698638577449997	0.82
14.1684300458561	-0.0697149218966691	0.82
14.1704357664066	-0.0695659860483385	0.82
14.1724420549077	-0.0694170502000079	0.82
14.1744489116008	-0.0692681143516773	0.82
14.1764563367271	-0.0691191785033469	0.82
14.1784643305284	-0.0689702426550163	0.82
14.1804728932461	-0.0688213068066856	0.82
14.1824820251223	-0.068672370958355	0.82
14.1844917263987	-0.0685234351100244	0.82
14.1865019973176	-0.0683744992616938	0.82
14.1885128381211	-0.0682255634133632	0.82
14.1905242490517	-0.0680766275650326	0.82
14.1925362303517	-0.067927691716702	0.82
14.1945487822639	-0.0677787558683714	0.82
14.196561905031	-0.0676298200200408	0.82
14.1985755988959	-0.0674808841717102	0.82
14.2005898641018	-0.0673319483233796	0.82
14.2026047008917	-0.0671830124750491	0.82
14.2046201095091	-0.0670340766267185	0.82
14.2066360901974	-0.0668851407783879	0.82
14.2086526432001	-0.0667362049300573	0.82
14.2106697687611	-0.0665872690817267	0.82
14.2126874671243	-0.0664383332333961	0.82
14.2147057385336	-0.0662893973850655	0.82
14.2167245832332	-0.0661404615367349	0.82
14.2187440014674	-0.0659915256884043	0.82
14.2207639934806	-0.0658425898400737	0.82
14.2227845595175	-0.0656936539917431	0.82
14.2248056998227	-0.0655447181434125	0.82
14.2268274146412	-0.0653957822950818	0.82
14.2288497042178	-0.0652468464467512	0.82
14.2308725687977	-0.0650979105984208	0.82
14.2328960086263	-0.0649489747500902	0.82
14.2349200239488	-0.0648000389017596	0.82
14.236944615011	-0.064651103053429	0.82
14.2389697820583	-0.0645021672050984	0.82
14.2409955253368	-0.0643532313567678	0.82
14.2430218450923	-0.0642042955084371	0.82
14.245048741571	-0.0640553596601065	0.82
14.2470762150192	-0.0639064238117759	0.82
14.2491042656831	-0.0637574879634453	0.82
14.2511328938094	-0.0636085521151147	0.82
14.2531620996447	-0.0634596162667841	0.82
14.2551918834359	-0.0633106804184535	0.82
14.2572222454298	-0.0631617445701231	0.82
14.2592531858736	-0.0630128087217925	0.82
14.2612847050146	-0.0628638728734619	0.82
14.2633168031001	-0.0627149370251312	0.82
14.2653494803775	-0.0625660011768006	0.82
14.2673827370947	-0.06241706532847	0.82
14.2694165734993	-0.0622681294801394	0.82
14.2714509898393	-0.0621191936318088	0.82
14.2734859863628	-0.0619702577834782	0.82
14.2755215633181	-0.0618213219351476	0.82
14.2775577209534	-0.061672386086817	0.82
14.2795944595174	-0.0615234502384864	0.82
14.2816317792585	-0.0613745143901558	0.82
14.2836696804257	-0.0612255785418252	0.82
14.2857081632679	-0.0610766426934947	0.82
14.2877472280342	-0.0609277068451641	0.82
14.2897868749737	-0.0607787709968335	0.82
14.2918271043358	-0.0606298351485029	0.82
14.29386791637	-0.0604808993001723	0.82
14.295909311326	-0.0603319634518417	0.82
14.2979512894536	-0.0601830276035111	0.82
14.2999938510026	-0.0600340917551805	0.82
14.3020369962233	-0.0598391666977265	0.82
14.3040807253657	-0.0596305896289642	0.82
14.3061250386802	-0.0594220125602019	0.82
14.3081699364174	-0.0592134354914396	0.82
14.3102154188278	-0.0590048584226773	0.82
14.3122614861623	-0.0587962813539152	0.82
14.3143081386719	-0.0585877042851529	0.82
14.3163553766075	-0.0583791272163906	0.82
14.3184032002204	-0.0581705501476283	0.82
14.320451609762	-0.057961973078866	0.82
14.3225006054837	-0.0577533960101037	0.82
14.3245501876373	-0.0575448189413415	0.82
14.3266003564745	-0.0573362418725792	0.82
14.3286511122472	-0.0571276648038169	0.82
14.3307024552076	-0.0569190877350546	0.82
14.3327543856079	-0.0567105106662923	0.82
14.3348069037003	-0.05650193359753	0.82
14.3368600097376	-0.0562933565287677	0.82
14.3389137039723	-0.0560847794600054	0.82
14.3409679866572	-0.0558762023912433	0.82
14.3430228580452	-0.055667625322481	0.82
14.3450783183896	-0.0554590482537187	0.82
14.3471343679435	-0.0552504711849564	0.82
14.3491910069602	-0.0550418941161941	0.82
14.3512482356934	-0.0548333170474318	0.82
14.3533060543967	-0.0546247399786695	0.82
14.355364463324	-0.0544161629099073	0.82
14.3574234627291	-0.054207585841145	0.82
14.3594830528663	-0.0539990087723827	0.82
14.3615432339898	-0.0537904317036204	0.82
14.3636040063539	-0.0535818546348581	0.82
14.3656653702133	-0.0533732775660958	0.82
14.3677273258226	-0.0531647004973337	0.82
14.3697898734366	-0.0529561234285714	0.82
14.3718530133105	-0.0527475463598091	0.82
14.3739167456993	-0.0525389692910468	0.82
14.3759810708582	-0.0523303922222845	0.82
14.3780459890428	-0.0521218151535222	0.82
14.3801115005086	-0.0519132380847599	0.82
14.3821776055113	-0.0517046610159976	0.82
14.3842443043067	-0.0514960839472353	0.82
14.3863115971511	-0.051287506878473	0.82
14.3883794843003	-0.0510789298097108	0.82
14.3904479660109	-0.0508703527409485	0.82
14.3925170425392	-0.0506617756721862	0.82
14.3945867141419	-0.0504531986034239	0.82
14.3966569810757	-0.0502446215346618	0.82
14.3987278435976	-0.0500360444658995	0.82
14.4007993019645	-0.0498274673971372	0.82
14.4028713564336	-0.0496188903283749	0.82
14.4049440072624	-0.0494103132596126	0.82
14.4070172547083	-0.0492017361908503	0.82
14.4090910990289	-0.048993159122088	0.82
14.4111655404821	-0.0487845820533257	0.82
14.4132405793258	-0.0485760049845634	0.82
14.415316215818	-0.0483674279158011	0.82
14.4173924502171	-0.0481588508470388	0.82
14.4194692827814	-0.0479502737782765	0.82
14.4215467137694	-0.0477416967095143	0.82
14.4236247434398	-0.0475331196407522	0.82
14.4257033720514	-0.0473245425719899	0.82
14.4277825998633	-0.0471159655032276	0.82
14.4298624271346	-0.0469073884344653	0.82
14.4319428541245	-0.046698811365703	0.82
14.4340238810925	-0.0464902342969407	0.82
14.4361055082982	-0.0462816572281784	0.82
14.4381877360012	-0.0460730801594161	0.82
14.4402705644615	-0.0458645030906538	0.82
14.4423539939391	-0.0456559260218915	0.82
14.4444380246942	-0.0454473489531292	0.82
14.4465226569871	-0.0452387718843669	0.82
14.4486078910783	-0.0450301948156046	0.82
14.4506937272284	-0.0448216177468423	0.82
14.4527801656982	-0.0446130406780803	0.82
14.4548672067487	-0.044404463609318	0.82
14.4569548506409	-0.0441958865405557	0.82
14.459043097636	-0.0439873094717934	0.82
14.4611319479955	-0.0437787324030311	0.82
14.4632214019808	-0.0435701553342688	0.82
14.4653114598537	-0.0433615782655065	0.82
14.467402121876	-0.0431530011967442	0.82
14.4694933883097	-0.0429444241279819	0.82
14.4715852594169	-0.0427358470592196	0.82
14.47367773546	-0.0425272699904573	0.82
14.4757708167013	-0.042318692921695	0.82
14.4778645034035	-0.0421101158529327	0.82
14.4799587958293	-0.0419015387841707	0.82
14.4820536942416	-0.0416929617154084	0.82
14.4841491989034	-0.0414843846466461	0.82
14.4862453100781	-0.0412758075778838	0.82
14.4883420280289	-0.0410672305091215	0.82
14.4904393530193	-0.0408586534403592	0.82
14.492537285313	-0.0406500763715969	0.82
14.4946358251738	-0.0404414993028346	0.82
14.4967349728657	-0.0402329222340723	0.82
14.4988347286529	-0.04002434516531	0.82
14.5009350927995	-0.0398157680965477	0.82
14.50303606557	-0.0396071910277854	0.82
14.505137647229	-0.0393986139590231	0.82
14.5072398380412	-0.0391900368902608	0.82
14.5093426382715	-0.0389814598214988	0.82
14.511446048185	-0.0387728827527365	0.82
14.5135500680468	-0.0385643056839742	0.82
14.5156546981223	-0.0383557286152119	0.82
14.517759938677	-0.0381471515464496	0.82
14.5198657899765	-0.0379385744776873	0.82
14.5219722522867	-0.037729997408925	0.82
14.5240793258736	-0.0375214203401627	0.82
14.5261870110032	-0.0373128432714004	0.82
14.5282953079418	-0.0371042662026381	0.82
14.5304042169558	-0.0368956891338758	0.82
14.5325137383119	-0.0366871120651135	0.82
14.5346238722767	-0.0364785349963512	0.82
14.5367346191172	-0.0362699579275891	0.82
14.5388459791004	-0.0360613808588269	0.82
14.5409579524935	-0.0358528037900646	0.82
14.5430705395639	-0.0356442267213023	0.82
14.5451837405791	-0.03543564965254	0.82
14.5472975558067	-0.0352270725837777	0.82
14.5494119855146	-0.0350184955150154	0.82
14.5515270299708	-0.0348099184462531	0.82
14.5536426894433	-0.0346013413774908	0.82
14.5557589642006	-0.0343927643087285	0.82
14.5578758545109	-0.0341841872399662	0.82
14.559993360643	-0.0339756101712039	0.82
14.5621114828656	-0.0337670331024416	0.82
14.5642302214477	-0.0335584560336793	0.82
14.5663495766582	-0.0333498789649172	0.82
14.5684695487664	-0.0331413018961549	0.82
14.5705901380418	-0.0329327248273927	0.82
14.5727113447538	-0.0327241477586304	0.82
14.5748331691721	-0.0325155706898681	0.82
14.5769556115667	-0.0323069936211058	0.82
14.5790786722075	-0.0320984165523435	0.82
14.5812023513647	-0.0318898394835812	0.82
14.5833266493086	-0.0316812624148189	0.82
14.5854515663098	-0.0314726853460566	0.82
14.5875771026388	-0.0312641082772943	0.82
14.5897032585665	-0.031055531208532	0.82
14.5918300343638	-0.0308469541397697	0.82
14.5939574303018	-0.0306383770710076	0.82
14.5960854466519	-0.0304298000022453	0.82
14.5982140836854	-0.030221222933483	0.82
14.600343341674	-0.0300126458647207	0.82
14.6024732208894	-0.0297972104923747	0.82
14.6046037216035	-0.0295813324688453	0.82
14.6067348440884	-0.0293654544453159	0.82
14.6088665886164	-0.0291495764217864	0.82
14.6109989554597	-0.028933698398257	0.82
14.613131944891	-0.0287178203747276	0.82
14.6152655571829	-0.0285019423511981	0.82
14.6173997926083	-0.0282860643276687	0.82
14.6195346514403	-0.0280701863041393	0.82
14.621670133952	-0.0278543082806099	0.82
14.6238062404168	-0.0276384302570807	0.82
14.6259429711082	-0.0274225522335512	0.82
14.6280803262998	-0.0272066742100218	0.82
14.6302183062655	-0.0269907961864924	0.82
14.6323569112792	-0.026774918162963	0.82
14.6344961416151	-0.0265590401394335	0.82
14.6366359975475	-0.0263431621159041	0.82
14.6387764793508	-0.0261272840923747	0.82
14.6409175872998	-0.0259114060688452	0.82
14.6430593216691	-0.0256955280453158	0.82
14.6452016827337	-0.0254796500217864	0.82
14.6473446707687	-0.025263771998257	0.82
14.6494882860494	-0.0250478939747275	0.82
14.6516325288513	-0.0248320159511983	0.82
14.6537773994498	-0.0246161379276689	0.82
14.6559228981208	-0.0244002599041395	0.82
14.6580690251402	-0.0241843818806101	0.82
14.660215780784	-0.0239685038570806	0.82
14.6623631653286	-0.0237526258335512	0.82
14.6645111790502	-0.0235367478100218	0.82
14.6666598222254	-0.0233208697864924	0.82
14.668809095131	-0.0231049917629629	0.82
14.6709589980439	-0.0228891137394335	0.82
14.6731095312411	-0.0226732357159041	0.82
14.6752606949998	-0.0224573576923746	0.82
14.6774124895974	-0.0222414796688452	0.82
14.6795649153114	-0.0220256016453158	0.82
14.6817179724195	-0.0218097236217866	0.82
14.6838716611996	-0.0215938455982572	0.82
14.6860259819297	-0.0213779675747277	0.82
14.688180934888	-0.0211620895511983	0.82
14.6903365203529	-0.0209462115276689	0.82
14.6924927386028	-0.0207303335041395	0.82
14.6946495899164	-0.02051445548061	0.82
14.6968070745726	-0.0202985774570806	0.82
14.6989651928504	-0.0200826994335512	0.82
14.701123945029	-0.0198668214100217	0.82
14.7032833313876	-0.0196509433864923	0.82
14.7054433522058	-0.0194350653629629	0.82
14.7076040077633	-0.0192191873394335	0.82
14.7097652983398	-0.0190033093159043	0.82
14.7119272242154	-0.0187874312923748	0.82
14.7140897856702	-0.0185715532688454	0.82
14.7162529829845	-0.018355675245316	0.82
14.7184168164388	-0.0181397972217866	0.82
14.7205812863138	-0.0179239191982571	0.82
14.7227463928903	-0.0177080411747277	0.82
14.7249121364493	-0.0174921631511983	0.82
14.7270785172718	-0.0172762851276688	0.82
14.7292455356393	-0.0170604071041394	0.82
14.7314131918332	-0.01684452908061	0.82
14.7335814861351	-0.0166286510570806	0.82
14.7357504188269	-0.0164127730335511	0.82
14.7379199901904	-0.0161968950100217	0.82
14.740090200508	-0.0159810169864925	0.82
14.7422610500618	-0.0157651389629631	0.82
14.7444325391343	-0.0155492609394337	0.82
14.7466046680082	-0.0153333829159042	0.82
14.7487774369663	-0.0151175048923748	0.82
14.7509508462916	-0.0149016268688454	0.82
14.7531248962671	-0.014685748845316	0.82
14.7552995871762	-0.0144698708217865	0.82
14.7574749193024	-0.0142539927982571	0.82
14.7596508929294	-0.0140381147747277	0.82
14.7618275083408	-0.0138222367511982	0.82
14.7640047658207	-0.0136063587276688	0.82
14.7661826656533	-0.0133904807041394	0.82
14.7683612081228	-0.0131746026806102	0.82
14.7705403935138	-0.0129587246570808	0.82
14.7727202221108	-0.0127428466335513	0.82
14.7749006941987	-0.0125269686100219	0.82
14.7770818100625	-0.0123110905864925	0.82
14.7792635699873	-0.0120952125629631	0.82
14.7814459742584	-0.0118793345394336	0.82
14.7836290231614	-0.0116634565159042	0.82
14.7858127169818	-0.0114475784923748	0.82
14.7879970560055	-0.0112317004688453	0.82
14.7901820405186	-0.0110158224453159	0.82
14.7923676708071	-0.0107999444217865	0.82
14.7945539471574	-0.0105840663982571	0.82
14.796740869856	-0.0103681883747276	0.82
14.7989284391896	-0.0101523103511984	0.82
14.801116655445	-0.00993512637495571	0.82
14.8033055189092	-0.00971481329064405	0.82
14.8054950298693	-0.00949450020633239	0.82
14.8076851886129	-0.00927418712202074	0.82
14.8098759954273	-0.00905387403770908	0.82
14.8120674506003	-0.00883356095339742	0.82
14.8142595544197	-0.00861324786908576	0.82
14.8164523071735	-0.00839293478477411	0.82
14.81864570915	-0.00817262170046245	0.82
14.8208397606375	-0.00795230861615079	0.82
14.8230344619246	-0.00773199553183913	0.82
14.8252298133	-0.00751168244752748	0.82
14.8274258150525	-0.00729136936321607	0.82
14.8296224674712	-0.00707105627890441	0.82
14.8318197708454	-0.00685074319459275	0.82
14.8340177254645	-0.00663043011028109	0.82
14.8362163316179	-0.00641011702596944	0.82
14.8384155895955	-0.00618980394165778	0.82
14.8406154996872	-0.00596949085734612	0.82
14.8428160621831	-0.00574917777303446	0.82
14.8450172773734	-0.00552886468872281	0.82
14.8472191455485	-0.00530855160441115	0.82
14.8494216669991	-0.00508823852009949	0.82
14.8516248420158	-0.00486792543578784	0.82
14.8538286708898	-0.00464761235147618	0.82
14.8560331539121	-0.00442729926716452	0.82
14.8582382913739	-0.00420698618285311	0.82
14.8604440835668	-0.00398667309854145	0.82
14.8626505307824	-0.0037663600142298	0.82
14.8648576333125	-0.00354604692991814	0.82
14.8670653914491	-0.00332573384560648	0.82
14.8692738054843	-0.00310542076129482	0.82
14.8714828757105	-0.00288510767698317	0.82
14.8736926024203	-0.00266479459267151	0.82
14.8759029859061	-0.00244448150835985	0.82
14.878114026461	-0.0022241684240482	0.82
14.880325724378	-0.00200385533973654	0.82
14.8825380799502	-0.00178354225542488	0.82
14.884751093471	-0.00156322917111322	0.82
14.8869647652341	-0.00134291608680181	0.82
14.889179095533	-0.00112260300249016	0.82
14.8913940846617	-9.02289918178499E-4	0.82
14.8936097329144	-6.81976833866842E-4	0.82
14.8958260405852	-4.61663749555185E-4	0.82
14.8980430079685	-2.41350665243527E-4	0.82
14.900260635359	-2.10375809318701E-5	0.82
14.9024789230515	1.54499431828783E-4	0.819897000378781
14.9046978713409	3.25309419876969E-4	0.819783127053415
14.9069174805223	4.96119407925166E-4	0.81966925372805
14.909137750891	6.66929395973352E-4	0.819555380402684
14.9113586827425	8.37739384021541E-4	0.819441507077319
14.9135802763725	0.00100854937206973	0.819327633751953
14.9158025320768	0.00117935936011792	0.819213760426588
14.9180254501514	0.00135016934816592	0.819099887101223
14.9202490308925	0.0015209793362141	0.818986013775857
14.9224732745965	0.00169178932426229	0.818872140450492
14.9246981815599	0.00186259931231048	0.818758267125126
14.9269237520793	0.00203340930035867	0.818644393799761
14.9291499864518	0.00220421928840686	0.818530520474395
14.9313768849744	0.00237502927645505	0.81841664714903
14.9336044479442	0.00254583926450324	0.818302773823664
14.9358326756588	0.00271664925255143	0.818188900498299
14.9380615684158	0.00288745924059962	0.818075027172934
14.9402911265129	0.0030582692286478	0.817961153847568
14.9425213502481	0.00322907921669599	0.817847280522203
14.9447522399195	0.00339988920474418	0.817733407196837
14.9469837958254	0.00357069919279218	0.817619533871472
14.9492160182644	0.00374150918084037	0.817505660546106
14.951448907535	0.00391231916888855	0.817391787220741
14.9536824639362	0.00408312915693674	0.817277913895376
14.955916687767	0.00425393914498493	0.81716404057001
14.9581515793265	0.00442474913303312	0.817050167244645
14.9603871389142	0.00459555912108131	0.816936293919279
14.9626233668297	0.0047663691091295	0.816822420593914
14.9648602633726	0.00493717909717769	0.816708547268548
14.9670978288429	0.00510798908522588	0.816594673943183
14.9693360635406	0.00527879907327406	0.816480800617817
14.9715749677662	0.00544960906132225	0.816366927292452
14.97381454182	0.00562041904937044	0.816253053967086
14.9760547860027	0.00579122903741863	0.816139180641721
14.978295700615	0.00596203902546663	0.816025307316356
14.9805372859581	0.00613284901351482	0.81591143399099
14.982779542333	0.00630365900156301	0.815797560665625
14.9850224700412	0.0064744689896112	0.815683687340259
14.9872660693841	0.00664527897765938	0.815569814014894
14.9895103406636	0.00681608896570757	0.815455940689528
14.9917552841815	0.00698689895375576	0.815342067364163
14.9940009002398	0.00715770894180395	0.815228194038797
14.9962471891409	0.00732851892985214	0.815114320713432
14.9984941511872	0.00749932891790033	0.815000447388066
15.0007417866814	0.00767013890594852	0.814886574062701
15.0029900959261	0.0078409488939967	0.814772700737336
15.0052390792245	0.0080117588820449	0.81465882741197
15.0074887368797	0.00818256887009289	0.814544954086605
15.009739069195	0.00835337885814108	0.814431080761239
15.0119900764741	0.00852418884618927	0.814317207435874
15.0142417590205	0.00869499883423746	0.814203334110508
15.0164941171383	0.00886580882228565	0.814089460785143
15.0187471511314	0.00903661881033383	0.813975587459777
15.0210008613042	0.00920742879838202	0.813861714134412
15.0232552479611	0.00937823878643021	0.813747840809046
15.0255103114067	0.0095490487744784	0.813633967483681
15.0277660519459	0.00971985876252659	0.813520094158316
15.0300224698836	0.00989066875057478	0.81340622083295
15.032279565525	0.010061478738623	0.813292347507585
15.0345373391756	0.0102322887266712	0.813178474182219
15.0367957911407	0.0104030987147193	0.813064600856854
15.0390549217262	0.0105739087027673	0.812950727531488
15.041314731238	0.0107447186908155	0.812836854206123
15.0435752199822	0.0109155286788637	0.812722980880758
15.045836388265	0.0110863386669119	0.812609107555392
15.048098236393	0.0112571486549601	0.812495234230027
15.0503607646727	0.0114279586430083	0.812381360904661
15.052623973411	0.0115987686310565	0.812267487579296
15.054887862915	0.0117695786191047	0.81215361425393
15.0571524334918	0.0119403886071529	0.812039740928565
15.0594176854488	0.012111198595201	0.811925867603199
15.0616836190936	0.0122820085832492	0.811811994277834
15.063950234734	0.0124528185712974	0.811698120952468
15.0662175326779	0.0126236285593456	0.811584247627103
15.0684855132334	0.0127944385473936	0.811470374301738
15.0707541767088	0.0129652485354418	0.811356500976372
15.0730235234127	0.01313605852349	0.811242627651007
15.0752935536537	0.0133068685115382	0.811128754325641
15.0775642677408	0.0134776784995864	0.811014881000276
15.0798356659829	0.0136484884876346	0.81090100767491
15.0821077486893	0.0138192984756827	0.810787134349545
15.0843805161694	0.0139901084637309	0.810673261024179
15.0866539687329	0.0141609184517791	0.810559387698814
15.0889281066896	0.0143317284398273	0.810445514373448
15.0912029303494	0.0145025384278755	0.810331641048083
15.0934784400226	0.0146733484159237	0.810217767722718
15.0957546360195	0.0148441584039719	0.810103894397352
15.0980315186506	0.0150149683920201	0.809990021071987
15.1003090882267	0.0151857783800681	0.809876147746621
15.1025873450588	0.0153565883681162	0.809762274421256
15.1048662894579	0.0155273983561644	0.80964840109589
15.1071459217353	0.0156982083442126	0.809534527770525
15.1094262422026	0.0158690183322608	0.809420654445159
15.1117072511714	0.016039828320309	0.809306781119794
15.1139889489536	0.0162106383083572	0.809192907794429
15.1162713358612	0.0163814482964054	0.809079034469063
15.1185544122065	0.0165522582844536	0.808965161143698
15.1208381783019	0.0167230682725018	0.808851287818332
15.1231226344601	0.0168938782605499	0.808737414492967
15.1254077809938	0.0170646882485981	0.808623541167601
15.127693618216	0.0172354982366463	0.808509667842236
15.1299801464401	0.0174063082246943	0.80839579451687
15.1322673659792	0.0175771182127425	0.808281921191505
15.134555277147	0.0177479282007907	0.80816804786614
15.1368438802573	0.0179187381888389	0.808054174540774
15.1391331756239	0.0180895481768871	0.807940301215409
15.1414231635611	0.0182603581649353	0.807826427890043
15.1437138443832	0.0184311681529835	0.807712554564678
15.1460052184046	0.0186019781410316	0.807598681239312
15.1482972859402	0.0187727881290798	0.807484807913947
15.1505900473047	0.018943598117128	0.807370934588581
15.1528835028133	0.0191144081051762	0.807257061263216
15.1551776527812	0.0192852180932244	0.80714318793785
15.157472497524	0.0194560280812726	0.807029314612485
15.1597680373573	0.0196268380693208	0.80691544128712
15.1620642725969	0.0197976480573688	0.806801567961754
15.164361203559	0.019968458045417	0.806687694636389
15.1666588305596	0.0201392680334651	0.806573821311023
15.1689571539153	0.0203100780215133	0.806459947985658
15.1712561739427	0.0204808880095615	0.806346074660292
15.1735558909586	0.0206516979976097	0.806232201334927
15.17585630528	0.0208225079856579	0.806118328009561
15.178157417224	0.0209933179737061	0.806004454684196
15.1804592271082	0.0211641279617543	0.805890581358831
15.18276173525	0.0213349379498025	0.805776708033465
15.1850649419672	0.0215057479378507	0.8056628347081
15.1873688475779	0.0216765579258988	0.805548961382734
15.1896734524001	0.021847367913947	0.805435088057369
15.1919787567523	0.022018177901995	0.805321214732003
15.1942847609529	0.0221889878900432	0.805207341406638
15.1965914653207	0.0223597978780914	0.805093468081272
15.1988988701747	0.0225306078661396	0.804979594755907
15.2012069758339	0.0227014178541878	0.804865721430541
15.2035157826177	0.022872227842236	0.804751848105176
15.2058252908456	0.0230430378302842	0.804637974779811
15.2081355008374	0.0232138478183324	0.804524101454445
15.2104464129128	0.0233846578063805	0.80441022812908
15.2127580273921	0.0235554677944287	0.804296354803714
15.2150703445955	0.0237262777824769	0.804182481478349
15.2173833648435	0.0238970877705251	0.804068608152983
15.2196970884567	0.0240678977585733	0.803954734827618
15.2220115157562	0.0242387077466215	0.803840861502252
15.2243266470628	0.0244095177346695	0.803726988176887
15.226642482698	0.0245803277227177	0.803613114851522
15.2289590229831	0.0247511377107659	0.803499241526156
15.2312762682398	0.0249219476988141	0.803385368200791
15.2335942187901	0.0250927576868622	0.803271494875425
15.2359128749558	0.0252635676749104	0.80315762155006
15.2382322370594	0.0254343776629586	0.803043748224694
15.2405523054231	0.0256051876510068	0.802929874899329
15.2428730803697	0.025775997639055	0.802816001573963
15.245194562222	0.0259468076271032	0.802702128248598
15.2475167513031	0.0261176176151514	0.802588254923232
15.2498396479361	0.0262884276031996	0.802474381597867
15.2521632524445	0.0264592375912477	0.802360508272502
15.2544875651519	0.0266300475792957	0.802246634947136
15.2568125863822	0.0268008575673439	0.802132761621771
15.2591383164593	0.0269716675553921	0.802018888296405
15.2614647557074	0.0271424775434403	0.80190501497104
15.2637919044511	0.0273132875314885	0.801791141645674
15.2661197630149	0.0274840975195367	0.801677268320309
15.2684483317235	0.0276549075075849	0.801563394994943
15.2707776109021	0.0278257174956331	0.801449521669578
15.2731076008758	0.0279965274836813	0.801335648344213
15.2754383019701	0.0281673374717294	0.801221775018847
15.2777697145104	0.0283381474597776	0.801107901693482
15.2801018388227	0.0285089574478258	0.800994028368116
15.282434675233	0.028679767435874	0.800880155042751
15.2847682240674	0.0288505774239222	0.800766281717385
15.2871024856523	0.0290213874119702	0.80065240839202
15.2894374603144	0.0291921974000184	0.800538535066655
15.2917731483804	0.0293630073880666	0.800424661741289
15.2941095501773	0.0295338173761148	0.800310788415924
15.2964466660324	0.029704627364163	0.800196915090558
15.298784496273	0.0298754373522111	0.800083041765193
15.3011230412267	0.0300320729609794	0.8
15.3034623012214	0.0301505312777353	0.8
15.305802276585	0.0302689895944913	0.8
15.3081429676458	0.0303874479112472	0.8
15.3104843747321	0.0305059062280032	0.8
15.3128264981725	0.0306243645447591	0.8
15.3151693382959	0.030742822861515	0.8
15.3175128954312	0.0308612811782708	0.8
15.3198571699076	0.0309797394950268	0.8
15.3222021620547	0.0310981978117827	0.8
15.3245478722019	0.0312166561285387	0.8
15.326894300679	0.0313351144452946	0.8
15.3292414478162	0.0314535727620505	0.8
15.3315893139436	0.0315720310788065	0.8
15.3339378993916	0.0316904893955624	0.8
15.3362872044908	0.0318089477123183	0.8
15.3386372295722	0.0319274060290743	0.8
15.3409879749666	0.0320458643458302	0.8
15.3433394410053	0.0321643226625862	0.8
15.3456916280198	0.0322827809793421	0.8
15.3480445363417	0.032401239296098	0.8
15.3503981663028	0.0325196976128538	0.8
15.3527525182352	0.0326381559296098	0.8
15.3551075924711	0.0327566142463657	0.8
15.357463389343	0.0328750725631217	0.8
15.3598199091835	0.0329935308798776	0.8
15.3621771523255	0.0331119891966335	0.8
15.364535119102	0.0332304475133895	0.8
15.3668938098464	0.0333489058301454	0.8
15.369253224892	0.0334673641469014	0.8
15.3716133645726	0.0335858224636573	0.8
15.373974229222	0.0337042807804132	0.8
15.3763358191743	0.0338227390971692	0.8
15.3786981347638	0.0339411974139251	0.8
15.3810611763251	0.0340596557306809	0.8
15.3834249441928	0.0341781140474369	0.8
15.3857894387018	0.0342965723641928	0.8
15.3881546601872	0.0344150306809487	0.8
15.3905206089844	0.0345334889977047	0.8
15.3928872854289	0.0346519473144606	0.8
15.3952546898564	0.0347704056312165	0.8
15.3976228226029	0.0348888639479725	0.8
15.3999916840045	0.0350073222647284	0.8
15.4023612743975	0.0351257805814844	0.8
15.4047315941186	0.0352442388982403	0.8
15.4071026435045	0.0353626972149962	0.8
15.4094744228921	0.0354811555317522	0.8
15.4118469326186	0.0355996138485081	0.8
15.4142201730215	0.0357180721652639	0.8
15.4165941444384	0.0358365304820199	0.8
15.418968847207	0.0359549887987758	0.8
15.4213442816653	0.0360734471155317	0.8
15.4237204481516	0.0361919054322877	0.8
15.4260973470044	0.0363103637490436	0.8
15.4284749785621	0.0364288220657996	0.8
15.4308533431638	0.0365472803825555	0.8
15.4332324411485	0.0366657386993114	0.8
15.4356122728553	0.0367841970160674	0.8
15.4379928386239	0.0369026553328233	0.8
15.4403741387938	0.0370211136495792	0.8
15.4427561737051	0.0371395719663352	0.8
15.4451389436977	0.037258030283091	0.8
15.447522449112	0.0373764885998469	0.8
15.4499066902885	0.0374949469166029	0.8
15.4522916675681	0.0376134052333588	0.8
15.4546773812915	0.0377318635501147	0.8
15.4570638317999	0.0378503218668707	0.8
15.4594510194349	0.0379687801836266	0.8
15.4618389445378	0.0380872385003826	0.8
15.4642276074505	0.0382056968171385	0.8
15.466617008515	0.0383241551338944	0.8
15.4690071480735	0.0384426134506504	0.8
15.4713980264685	0.0385610717674063	0.8
15.4737896440425	0.0386795300841623	0.8
15.4761820011384	0.0387979884009182	0.8
15.4785750980993	0.038916446717674	0.8
15.4809689352685	0.0390349050344299	0.8
15.4833635129894	0.0391533633511859	0.8
15.4857588316057	0.0392718216679418	0.8
15.4881548914613	0.0393902799846978	0.8
15.4905516929004	0.0395087383014537	0.8
15.4929492362673	0.0396271966182096	0.8
15.4953475219066	0.0397456549349656	0.8
15.4977465501629	0.0398641132517215	0.8
15.5001463213813	0.0399825715684775	0.8
15.5025468359069	0.0401036773461577	0.799896322653842
15.5049480940853	0.0402252398311905	0.79977476016881
15.5073500962619	0.0403468023162234	0.799653197683777
15.5097528427826	0.0404683648012562	0.799531635198744
15.5121563339935	0.0405899272862891	0.799410072713711
15.5145605702408	0.040711489771322	0.799288510228678
15.516965551871	0.0408330522563549	0.799166947743645
15.5193712792307	0.0409546147413878	0.799045385258612
15.521777752667	0.0410761772264206	0.798923822773579
15.5241849725269	0.0411977397114535	0.798802260288547
15.5265929391577	0.0413193021964864	0.798680697803514
15.5290016529069	0.0414408646815193	0.798559135318481
15.5314111141225	0.0415624271665522	0.798437572833448
15.5338213231523	0.0416839896515851	0.798316010348415
15.5362322803445	0.041805552136618	0.798194447863382
15.5386439860475	0.0419271146216509	0.798072885378349
15.5410564406101	0.0420486771066838	0.797951322893316
15.543469644381	0.0421702395917165	0.797829760408284
15.5458835977092	0.0422918020767494	0.797708197923251
15.5482983009442	0.0424133645617823	0.797586635438218
15.5507137544353	0.0425349270468152	0.797465072953185
15.5531299585322	0.0426564895318481	0.797343510468152
15.5555469135851	0.042778052016881	0.797221947983119
15.5579646199438	0.0428996145019139	0.797100385498086
15.5603830779589	0.0430211769869467	0.796978823013053
15.5628022879809	0.0431427394719796	0.79685726052802
15.5652222503607	0.0432643019570125	0.796735698042988
15.5676429654492	0.0433858644420454	0.796614135557955
15.5700644335977	0.0435074269270783	0.796492573072922
15.5724866551576	0.0436289894121112	0.796371010587889
15.5749096304806	0.0437505518971439	0.796249448102856
15.5773333599187	0.0438721143821768	0.796127885617823
15.5797578438238	0.0439936768672097	0.79600632313279
15.5821830825485	0.0441152393522426	0.795884760647757
15.5846090764452	0.0442368018372755	0.795763198162725
15.5870358258666	0.0443583643223084	0.795641635677692
15.5894633311659	0.0444799268073413	0.795520073192659
15.5918915926961	0.0446014892923742	0.795398510707626
15.5943206108108	0.0447230517774071	0.795276948222593
15.5967503858636	0.04484461426244	0.79515538573756
15.5991809182084	0.0449661767474729	0.795033823252527
15.6016122081991	0.0450877392325057	0.794912260767494
15.6040442561903	0.0452093017175386	0.794790698282461
15.6064770625364	0.0453308642025715	0.794669135797429
15.6089106275922	0.0454524266876043	0.794547573312396
15.6113449517126	0.0455739891726372	0.794426010827363
15.6137800352528	0.0456955516576701	0.79430444834233
15.6162158785683	0.0458171141427029	0.794182885857297
15.6186524820147	0.0459386766277358	0.794061323372264
15.6210898459479	0.0460602391127687	0.793939760887231
15.623527970724	0.0461818015978016	0.793818198402198
15.6259668566993	0.0463033640828345	0.793696635917166
15.6284065042302	0.0464249265678674	0.793575073432133
15.6308469136736	0.0465464890529003	0.7934535109471
15.6332880853865	0.0466680515379332	0.793331948462067
15.635730019726	0.0467896140229661	0.793210385977034
15.6381727170496	0.046911176507999	0.793088823492001
15.6406161777149	0.0470327389930317	0.792967261006968
15.6430604020798	0.0471543014780646	0.792845698521935
15.6455053905024	0.0472758639630975	0.792724136036903
15.647951143341	0.0473974264481304	0.79260257355187
15.6503976609542	0.0475189889331633	0.792481011066837
15.6528449437006	0.0476405514181962	0.792359448581804
15.6552929919394	0.047762113903229	0.792237886096771
15.6577418060297	0.0478836763882619	0.792116323611738
15.660191386331	0.0480052388732948	0.791994761126705
15.6626417332029	0.0481268013583277	0.791873198641672
15.6650928470053	0.0482483638433606	0.791751636156639
15.6675447280984	0.0483699263283935	0.791630073671607
15.6699973768424	0.0484914888134264	0.791508511186574
15.6724507935981	0.0486130512984593	0.791386948701541
15.674904978726	0.048734613783492	0.791265386216508
15.6773599325874	0.0488561762685249	0.791143823731475
15.6798156555433	0.0489777387535578	0.791022261246442
15.6822721479553	0.0490993012385907	0.790900698761409
15.6847294101852	0.0492208637236236	0.790779136276377
15.6871874425947	0.0493424262086565	0.790657573791344
15.6896462455461	0.0494639886936894	0.790536011306311
15.6921058194018	0.0495855511787223	0.790414448821278
15.6945661645243	0.0497071136637552	0.790292886336245
15.6970272812764	0.049828676148788	0.790171323851212
15.6994891700214	0.0499502386338209	0.790049761366179
15.7019518311224	0.0501118626299696	0.789925424913354
15.7044152649429	0.0503012510336394	0.789799165977574
15.7068794718468	0.0504906394373089	0.789672907041794
15.7093444521979	0.0506800278409787	0.789546648106014
15.7118102063605	0.0508694162446484	0.789420389170234
15.714276734699	0.0510588046483181	0.789294130234455
15.7167440375781	0.0512481930519879	0.789167871298675
15.7192121153627	0.0514375814556576	0.789041612362895
15.7216809684178	0.0516269698593274	0.788915353427115
15.7241505971089	0.0518163582629971	0.788789094491335
15.7266210018015	0.0520057466666668	0.788662835555555
15.7290921828614	0.0521951350703366	0.788536576619776
15.7315641406547	0.0523845234740063	0.788410317683996
15.7340368755475	0.0525739118776761	0.788284058748216
15.7365103879066	0.0527633002813458	0.788157799812436
15.7389846780984	0.0529526886850155	0.788031540876656
15.7414597464901	0.0531420770886851	0.787905281940877
15.7439355934488	0.0533314654923548	0.787779023005097
15.7464122193419	0.0535208538960245	0.787652764069317
15.748889624537	0.0537102422996943	0.787526505133537
15.7513678094022	0.053899630703364	0.787400246197757
15.7538467743054	0.0540890191070338	0.787273987261978
15.756326519615	0.0542784075107035	0.787147728326198
15.7588070456996	0.0544677959143733	0.787021469390418
15.761288352928	0.054657184318043	0.786895210454638
15.7637704416693	0.0548465727217127	0.786768951518858
15.7662533122927	0.0550359611253825	0.786642692583078
15.7687369651678	0.0552253495290522	0.786516433647299
15.7712214006643	0.055414737932722	0.786390174711519
15.7737066191521	0.0556041263363915	0.786263915775739
15.7761926210014	0.0557935147400612	0.786137656839959
15.7786794065828	0.055982903143731	0.786011397904179
15.7811669762669	0.0561722915474007	0.7858851389684
15.7836553304245	0.0563616799510704	0.78575888003262
15.7861444694269	0.0565510683547402	0.78563262109684
15.7886343936454	0.0567404567584099	0.78550636216106
15.7911251034516	0.0569298451620797	0.78538010322528
15.7936165992174	0.0571192335657494	0.7852538442895
15.7961088813148	0.0573086219694192	0.785127585353721
15.7986019501162	0.0574980103730889	0.785001326417941
15.8010958059941	0.0576873987767586	0.784875067482161
15.8035904493214	0.0578767871804284	0.784748808546381
15.8060858804709	0.0580661755840981	0.784622549610601
15.808582099816	0.0582555639877676	0.784496290674822
15.8110791077302	0.0584449523914374	0.784370031739042
15.8135769045872	0.0586343407951071	0.784243772803262
15.816075490761	0.0588237291987769	0.784117513867482
15.8185748666257	0.0590131176024466	0.783991254931702
15.8210750325558	0.0592025060061163	0.783864995995923
15.823575988926	0.0593918944097861	0.783738737060143
15.8260777361112	0.0595812828134558	0.783612478124363
15.8285802744866	0.0597706712171256	0.783486219188583
15.8310836044275	0.0599600596207953	0.783359960252803
15.8335877263095	0.060149448024465	0.783233701317023
15.8360926405085	0.0603388364281348	0.783107442381244
15.8385983474007	0.0605282248318045	0.782981183445464
15.8411048473622	0.0607176132354741	0.782854924509684
15.8436121407699	0.0609070016391438	0.782728665573904
15.8461202280003	0.0610963900428135	0.782602406638124
15.8486291094307	0.0612857784464833	0.782476147702345
15.8511387854382	0.061475166850153	0.782349888766565
15.8536492564004	0.0616645552538228	0.782223629830785
15.8561605226952	0.0618539436574925	0.782097370895005
15.8586725847004	0.0620433320611622	0.781971111959225
15.8611854427943	0.062232720464832	0.781844853023445
15.8636990973555	0.0624221088685017	0.781718594087666
15.8662135487627	0.0626114972721715	0.781592335151886
15.8687287973947	0.0628008856758412	0.781466076216106
15.8712448436309	0.062990274079511	0.781339817280326
15.8737616878507	0.0631796624831807	0.781213558344546
15.8762793304338	0.0633690508868502	0.781087299408767
15.8787977717601	0.06355843929052	0.780961040472987
15.8813170122097	0.0637478276941897	0.780834781537207
15.8838370521632	0.0639372160978594	0.780708522601427
15.886357892001	0.0641266045015292	0.780582263665647
15.8888795321043	0.0643159929051989	0.780456004729867
15.891401972854	0.0645053813088687	0.780329745794088
15.8939252146316	0.0646947697125384	0.780203486858308
15.8964492578186	0.0648841581162082	0.780077227922528
15.898974102797	0.0650735465198779	0.779950968986748
15.9014997499489	0.0652629349235476	0.779824710050968
15.9040261996566	0.0654523233272174	0.779698451115188
15.9065534523027	0.0656417117308871	0.779572192179409
15.90908150827	0.0658311001345566	0.779445933243629
15.9116103679417	0.0660204885382264	0.779319674307849
15.914140031701	0.0662098769418961	0.779193415372069
15.9166704999315	0.0663992653455659	0.779067156436289
15.919201773017	0.0665886537492356	0.77894089750051
15.9217338513416	0.0667780421529053	0.77881463856473
15.9242667352896	0.0669674305565751	0.77868837962895
15.9268004252456	0.0671568189602448	0.77856212069317
15.9293349215942	0.0673462073639146	0.77843586175739
15.9318702247206	0.0675355957675843	0.77830960282161
15.9344063350101	0.067724984171254	0.778183343885831
15.9369432528481	0.0679143725749238	0.778057084950051
15.9394809786204	0.0681037609785935	0.777930826014271
15.942019512713	0.0682931493822633	0.777804567078491
15.9445588555123	0.0684825377859328	0.777678308142711
15.9470990074047	0.0686719261896025	0.777552049206932
15.949639968777	0.0688613145932723	0.777425790271152
15.9521817400161	0.069050702996942	0.777299531335372
15.9547243215094	0.0692400914006118	0.777173272399592
15.9572677136443	0.0694294798042815	0.777047013463812
15.9598119168085	0.0696188682079512	0.776920754528033
15.9623569313901	0.069808256611621	0.776794495592253
15.9649027577773	0.0699976450152907	0.776668236656473
15.9674493963586	0.0701870334189605	0.776541977720693
15.9699968475226	0.0703764218226302	0.776415718784913
15.9725451116585	0.0705658102262999	0.776289459849133
15.9750941891553	0.0707551986299697	0.776163200913354
15.9776440804027	0.0709445870336392	0.776036941977574
15.9801947857903	0.071133975437309	0.775910683041794
15.9827463057081	0.0713233638409787	0.775784424106014
15.9852986405463	0.0715127522446484	0.775658165170234
15.9878517906954	0.0717021406483182	0.775531906234455
15.9904057565461	0.0718915290519879	0.775405647298675
15.9929605384894	0.0720809174556577	0.775279388362895
15.9955161369165	0.0722703058593274	0.775153129427115
15.9980725522189	0.0724596942629971	0.775026870491335
16.0006297847883	0.0726490826666669	0.774900611555555
16.0031878350167	0.0728384710703366	0.774774352619776
16.0057467032964	0.0730278594740064	0.774648093683996
16.0083063900197	0.0732172478776761	0.774521834748216
16.0108668955794	0.0734066362813458	0.774395575812436
16.0134282203685	0.0735960246850154	0.774269316876656
16.0159903647802	0.0737854130886851	0.774143057940877
16.018553329208	0.0739748014923549	0.774016799005097
16.0211171140457	0.0741641898960246	0.773890540069317
16.0236817196872	0.0743535782996943	0.773764281133537
16.0262471465267	0.0745429667033641	0.773638022197757
16.0288133949588	0.0747323551070338	0.773511763261977
16.0313804653782	0.0749217435107036	0.773385504326198
16.0339483581798	0.0751111319143733	0.773259245390418
16.036517073759	0.075300520318043	0.773132986454638
16.0390866125112	0.0754899087217128	0.773006727518858
16.0416569748323	0.0756792971253825	0.772880468583078
16.0442281611181	0.0758686855290523	0.772754209647298
16.0468001717649	0.0760580739327218	0.772627950711519
16.0493730071694	0.0762474623363915	0.772501691775739
16.0519466677282	0.0764368507400613	0.772375432839959
16.0545211538384	0.076626239143731	0.772249173904179
16.0570964658973	0.0768156275474008	0.772122914968399
16.0596726043024	0.0770050159510705	0.77199665603262
16.0622495694514	0.0771944043547402	0.77187039709684
16.0648273617425	0.07738379275841	0.77174413816106
16.0674059815739	0.0775731811620797	0.77161787922528
16.0699854293442	0.0777625695657495	0.7714916202895
16.0725657054522	0.0779519579694192	0.771365361353721
16.075146810297	0.0781413463730889	0.771239102417941
16.0777287442779	0.0783307347767587	0.771112843482161
16.0803115077945	0.0785201231804284	0.770986584546381
16.0828951012467	0.0787095115840979	0.770860325610601
16.0854795250344	0.0788988999877677	0.770734066674822
16.0880647795581	0.0790882883914374	0.770607807739042
16.0906508652184	0.0792776767951072	0.770481548803262
16.0932377824162	0.0794670651987769	0.770355289867482
16.0958255315526	0.0796564536024467	0.770229030931702
16.0984141130289	0.0798458420061164	0.770102771995922
16.1010035272468	0.08	0.76997561315834
16.1035937746083	0.08	0.76984451661304
16.1061848555154	0.08	0.769713420067739
16.1087767703707	0.08	0.769582323522438
16.1113695195767	0.08	0.769451226977138
16.1139631035364	0.08	0.769320130431837
16.116557522653	0.08	0.769189033886537
16.11915277733	0.08	0.769057937341236
16.1217488679711	0.08	0.768926840795936
16.1243457949802	0.08	0.768795744250635
16.1269435587617	0.08	0.768664647705334
16.1295421597199	0.08	0.768533551160034
16.1321415982597	0.08	0.768402454614733
16.134741874786	0.08	0.768271358069433
16.1373429897042	0.08	0.768140261524132
16.1399449434198	0.08	0.768009164978831
16.1425477363386	0.08	0.767878068433531
16.1451513688667	0.08	0.76774697188823
16.1477558414103	0.08	0.76761587534293
16.1503611543761	0.08	0.767484778797629
16.152967308171	0.08	0.767353682252328
16.155574303202	0.08	0.767222585707028
16.1581821398765	0.08	0.767091489161727
16.1607908186022	0.08	0.766960392616427
16.163400339787	0.08	0.766829296071126
16.166010703839	0.08	0.766698199525826
16.1686219111667	0.08	0.766567102980525
16.1712339621787	0.08	0.766436006435224
16.1738468572841	0.08	0.766304909889924
16.176460596892	0.08	0.766173813344623
16.1790751814119	0.08	0.766042716799322
16.1816906112537	0.08	0.765911620254022
16.1843068868272	0.08	0.765780523708721
16.1869240085428	0.08	0.765649427163421
16.1895419768111	0.08	0.76551833061812
16.1921607920428	0.08	0.76538723407282
16.194780454649	0.08	0.765256137527519
16.1974009650412	0.08	0.765125040982218
16.2000223236308	0.08	0.764993944436918
16.2026445308297	0.08	0.764862847891617
16.2052675870502	0.08	0.764731751346317
16.2078914927047	0.08	0.764600654801016
16.2105162482057	0.08	0.764469558255715
16.2131418539663	0.08	0.764338461710415
16.2157683103996	0.08	0.764207365165114
16.2183956179193	0.08	0.764076268619814
16.2210237769389	0.08	0.763945172074513
16.2236527878725	0.08	0.763814075529213
16.2262826511344	0.08	0.763682978983912
16.2289133671392	0.08	0.763551882438611
16.2315449363017	0.08	0.763420785893311
16.234177359037	0.08	0.76328968934801
16.2368106357604	0.08	0.763158592802709
16.2394447668876	0.08	0.763027496257409
16.2420797528345	0.08	0.762896399712108
16.2447155940173	0.08	0.762765303166808
16.2473522908523	0.08	0.762634206621507
16.2499898437564	0.08	0.762503110076207
16.2526282531464	0.08	0.762372013530906
16.2552675194397	0.08	0.762240916985605
16.2579076430537	0.08	0.762109820440305
16.2605486244064	0.08	0.761978723895004
16.2631904639156	0.08	0.761847627349704
16.2658331619999	0.08	0.761716530804403
16.2684767190777	0.08	0.761585434259102
16.2711211355681	0.08	0.761454337713802
16.27376641189	0.08	0.761323241168501
16.276412548463	0.08	0.761192144623201
16.2790595457068	0.08	0.7610610480779
16.2817074040413	0.08	0.760929951532599
16.2843561238868	0.08	0.760798854987299
16.2870057056638	0.08	0.760667758441998
16.2896561497932	0.08	0.760536661896698
16.2923074566959	0.08	0.760405565351397
16.2949596267933	0.08	0.760274468806097
16.297612660507	0.08	0.760143372260796
16.300266558259	0.08	0.760012275715495
16.3029213204714	0.080121759132321	0.759878240867679
16.3055769475666	0.0802560975444685	0.759743902455531
16.3082334399674	0.0803904359566161	0.759609564043384
16.3108907980968	0.0805247743687636	0.759475225631236
16.313549022378	0.0806591127809111	0.759340887219089
16.3162081132345	0.0807934511930586	0.759206548806941
16.3188680710902	0.0809277896052061	0.759072210394794
16.3215288963692	0.0810621280173536	0.758937871982646
16.3241905894959	0.0811964664295012	0.758803533570499
16.3268531508949	0.0813308048416487	0.758669195158351
16.3295165809911	0.081465143253796	0.758534856746204
16.3321808802098	0.0815994816659436	0.758400518334056
16.3348460489764	0.0817338200780911	0.758266179921909
16.3375120877168	0.0818681584902386	0.758131841509761
16.3401789968568	0.0820024969023861	0.757997503097614
16.3428467768229	0.0821368353145336	0.757863164685466
16.3455154280417	0.0822711737266811	0.757728826273319
16.3481849509399	0.0824055121388286	0.757594487861171
16.3508553459449	0.0825398505509762	0.757460149449024
16.3535266134839	0.0826741889631237	0.757325811036876
16.3561987539848	0.0828085273752712	0.757191472624729
16.3588717678755	0.0829428657874187	0.757057134212581
16.3615456555842	0.0830772041995662	0.756922795800434
16.3642204175396	0.0832115426117137	0.756788457388286
16.3668960541705	0.0833458810238611	0.756654118976139
16.3695725659059	0.0834802194360086	0.756519780563991
16.3722499531754	0.0836145578481561	0.756385442151844
16.3749282164084	0.0837488962603037	0.756251103739696
16.3776073560351	0.0838832346724512	0.756116765327549
16.3802873724856	0.0840175730845987	0.755982426915401
16.3829682661905	0.0841519114967462	0.755848088503254
16.3856500375805	0.0842862499088937	0.755713750091106
16.3883326870868	0.0844205883210412	0.755579411678959
16.3910162151406	0.0845549267331887	0.755445073266811
16.3937006221737	0.0846892651453363	0.755310734854664
16.396385908618	0.0848236035574838	0.755176396442516
16.3990720749057	0.0849579419696313	0.755042058030369
16.4017591214693	0.0850922803817787	0.754907719618221
16.4044470487416	0.0852266187939262	0.754773381206074
16.4071358571555	0.0853609572060737	0.754639042793926
16.4098255471446	0.0854952956182212	0.754504704381779
16.4125161191424	0.0856296340303687	0.754370365969631
16.4152075735828	0.0857639724425162	0.754236027557484
16.4178999109001	0.0858983108546637	0.754101689145336
16.4205931315286	0.0860326492668113	0.753967350733189
16.4232872359033	0.0861669876789588	0.753833012321041
16.4259822244591	0.0863013260911063	0.753698673908894
16.4286780976314	0.0864356645032538	0.753564335496746
16.4313748558558	0.0865700029154013	0.753429997084599
16.4340724995682	0.0867043413275489	0.753295658672451
16.4367710292049	0.0868386797396964	0.753161320260304
16.4394704452022	0.0869730181518437	0.753026981848156
16.4421707479971	0.0871073565639912	0.752892643436009
16.4448719380265	0.0872416949761388	0.752758305023861
16.4475740157278	0.0873760333882863	0.752623966611714
16.4502769815387	0.0875103718004338	0.752489628199566
16.452980835897	0.0876447102125813	0.752355289787419
16.455685579241	0.0877790486247288	0.752220951375271
16.4583912120091	0.0879133870368763	0.752086612963124
16.4610977346402	0.0880477254490239	0.751952274550976
16.4638051475733	0.0881820638611714	0.751817936138829
16.4665134512478	0.0883164022733189	0.751683597726681
16.4692226461034	0.0884507406854664	0.751549259314534
16.47193273258	0.0885850790976139	0.751414920902386
16.4746437111178	0.0887194175097613	0.751280582490239
16.4773555821573	0.0888537559219088	0.751146244078091
16.4800683461394	0.0889880943340563	0.751011905665944
16.4827820035052	0.0891224327462038	0.750877567253796
16.4854965546961	0.0892567711583513	0.750743228841649
16.4882120001537	0.0893911095704989	0.750608890429501
16.49092834032	0.0895254479826464	0.750474552017354
16.4936455756373	0.0896597863947939	0.750340213605206
16.4963637065482	0.0897941248069414	0.750205875193059
16.4990827334954	0.0899284632190889	0.750071536780911
16.5018026569222	0.0900431533045163	0.749956846695484
16.504523477272	0.0901354621553138	0.749864537844686
16.5072451949885	0.0902277710061112	0.749772228993889
16.5099678105158	0.0903200798569087	0.749679920143091
16.512691324298	0.090412388707706	0.749587611292294
16.5154157367799	0.0905046975585034	0.749495302441497
16.5181410484064	0.0905970064093009	0.749402993590699
16.5208672596226	0.0906893152600983	0.749310684739902
16.5235943708741	0.0907816241108958	0.749218375889104
16.5263223826065	0.0908739329616932	0.749126067038307
16.5290512952661	0.0909662418124907	0.749033758187509
16.5317811092991	0.0910585506632881	0.748941449336712
16.5345118251522	0.0911508595140855	0.748849140485914
16.5372434432724	0.091243168364883	0.748756831635117
16.5399759641069	0.0913354772156804	0.748664522784319
16.5427093881034	0.0914277860664779	0.748572213933522
16.5454437157096	0.0915200949172753	0.748479905082725
16.5481789473736	0.0916124037680727	0.748387596231927
16.5509150835441	0.0917047126188701	0.74829528738113
16.5536521246695	0.0917970214696676	0.748202978530332
16.5563900711991	0.091889330320465	0.748110669679535
16.5591289235821	0.0919816391712624	0.748018360828738
16.5618686822682	0.0920739480220599	0.74792605197794
16.5646093477072	0.0921662568728573	0.747833743127143
16.5673509203495	0.0922585657236548	0.747741434276345
16.5700934006455	0.0923508745744522	0.747649125425548
16.572836789046	0.0924431834252497	0.74755681657475
16.5755810860022	0.0925354922760471	0.747464507723953
16.5783262919655	0.0926278011268446	0.747372198873155
16.5810724073877	0.092720109977642	0.747279890022358
16.5838194327206	0.0928124188284394	0.74718758117156
16.5865673684167	0.0929047276792368	0.747095272320763
16.5893162149285	0.0929970365300342	0.747002963469966
16.592065972709	0.0930893453808317	0.746910654619168
16.5948166422114	0.0931816542316291	0.746818345768371
16.5975682238892	0.0932739630824266	0.746726036917573
16.6003207181963	0.093366271933224	0.746633728066776
16.6030741255867	0.0934585807840215	0.746541419215978
16.6058284465148	0.0935508896348189	0.746449110365181
16.6085836814354	0.0936431984856163	0.746356801514384
16.6113398308035	0.0937355073364138	0.746264492663586
16.6140968950745	0.0938278161872112	0.746172183812789
16.6168548747039	0.0939201250380087	0.746079874961991
16.6196137701478	0.0940124338888061	0.745987566111194
16.6223735818622	0.0941047427396035	0.745895257260397
16.6251343103038	0.0941970515904009	0.745802948409599
16.6278959559294	0.0942893604411984	0.745710639558802
16.6306585191962	0.0943816692919958	0.745618330708004
16.6334220005615	0.0944739781427932	0.745526021857207
16.6361864004833	0.0945662869935907	0.745433713006409
16.6389517194194	0.0946585958443881	0.745341404155612
16.6417179578282	0.0947509046951856	0.745249095304814
16.6444851161685	0.094843213545983	0.745156786454017
16.6472531948992	0.0949355223967805	0.745064477603219
16.6500221944796	0.0950278312475779	0.744972168752422
16.6527921153692	0.0951201400983754	0.744879859901625
16.655562958028	0.0952124489491728	0.744787551050827
16.6583347229161	0.0953047577999702	0.74469524220003
16.661107410494	0.0953970666507676	0.744602933349232
16.6638810212226	0.095489375501565	0.744510624498435
16.666655555563	0.0955816843523625	0.744418315647637
16.6694310139765	0.0956739932031599	0.74432600679684
16.6722073969249	0.0957663020539574	0.744233697946043
16.6749847048703	0.0958586109047548	0.744141389095245
16.6777629382749	0.0959509197555523	0.744049080244448
16.6805420976015	0.0960432286063497	0.74395677139365
16.683322183313	0.0961355374571471	0.743864462542853
16.6861031958727	0.0962278463079446	0.743772153692055
16.6888851357441	0.096320155158742	0.743679844841258
16.6916680033911	0.0964124640095395	0.74358753599046
16.6944517992779	0.0965047728603369	0.743495227139663
16.6972365238691	0.0965970817111343	0.743402918288866
16.7000221776295	0.0966893905619317	0.743310609438068
16.7028087610241	0.0967816994127292	0.743218300587271
16.7055962745184	0.0968740082635266	0.743125991736473
16.7083847185782	0.096966317114324	0.743033682885676
16.7111740936695	0.0970586259651215	0.742941374034878
16.7139644002587	0.0971509348159189	0.742849065184081
16.7167556388124	0.0972432436667164	0.742756756333284
16.7195478097978	0.0973355525175138	0.742664447482486
16.722340913682	0.0974278613683113	0.742572138631689
16.7251349509326	0.0975201702191087	0.742479829780891
16.7279299220177	0.0976124790699062	0.742387520930094
16.7307258274055	0.0977047879207036	0.742295212079296
16.7335226675645	0.097797096771501	0.742202903228499
16.7363204429635	0.0978894056222984	0.742110594377702
16.7391191540719	0.0979817144730958	0.742018285526904
16.741918801359	0.0980740233238933	0.741925976676107
16.7447193852947	0.0981663321746907	0.741833667825309
16.747520906349	0.0982586410254882	0.741741358974512
16.7503233649926	0.0983509498762856	0.741649050123714
16.753126761696	0.0984432587270831	0.741556741272917
16.7559310969304	0.0985355675778805	0.741464432422119
16.7587363711671	0.0986278764286779	0.741372123571322
16.7615425848779	0.0987201852794754	0.741279814720525
16.7643497385348	0.0988124941302728	0.741187505869727
16.7671578326101	0.0989048029810703	0.74109519701893
16.7699668675765	0.0989971118318677	0.741002888168132
16.7727768439068	0.0990894206826651	0.740910579317335
16.7755877620745	0.0991817295334625	0.740818270466537
16.7783996225531	0.09927403838426	0.74072596161574
16.7812124258166	0.0993663472350574	0.740633652764943
16.7840261723391	0.0994586560858548	0.740541343914145
16.7868408625952	0.0995509649366523	0.740449035063348
16.7896564970598	0.0996432737874497	0.74035672621255
16.7924730762081	0.0997355826382472	0.740264417361753
16.7952906005156	0.0998278914890446	0.740172108510955
16.7981090704582	0.0999202003398421	0.740079799660158
16.8009284865119	0.1	0.739980667090532
16.8037488491533	0.1	0.739838004091223
16.8065701588591	0.1	0.739695341091914
16.8093924161064	0.1	0.739552678092605
16.8122156213728	0.1	0.739410015093296
16.8150397751358	0.1	0.739267352093988
16.8178648778737	0.1	0.739124689094679
16.8206909300648	0.1	0.73898202609537
16.8235179321878	0.1	0.738839363096061
16.8263458847217	0.1	0.738696700096752
16.8291747881459	0.1	0.738554037097443
16.8320046429402	0.1	0.738411374098134
16.8348354495844	0.1	0.738268711098825
16.8376672085589	0.1	0.738126048099516
16.8404999203444	0.1	0.737983385100207
16.8433335854219	0.1	0.737840722100898
16.8461682042726	0.1	0.737698059101589
16.8490037773782	0.1	0.73755539610228
16.8518403052205	0.1	0.737412733102972
16.854677788282	0.1	0.737270070103663
16.8575162270451	0.1	0.737127407104354
16.8603556219929	0.1	0.736984744105045
16.8631959736084	0.1	0.736842081105736
16.8660372823754	0.1	0.736699418106427
16.8688795487777	0.1	0.736556755107118
16.8717227732996	0.1	0.736414092107809
16.8745669564255	0.1	0.7362714291085
16.8774120986404	0.1	0.736128766109191
16.8802582004294	0.1	0.735986103109882
16.8831052622782	0.1	0.735843440110573
16.8859532846725	0.1	0.735700777111264
16.8888022680986	0.1	0.735558114111956
16.8916522130429	0.1	0.735415451112647
16.8945031199924	0.1	0.735272788113338
16.8973549894341	0.1	0.735130125114029
16.9002078218556	0.1	0.73498746211472
16.9030616177447	0.1	0.734844799115411
16.9059163775896	0.1	0.734702136116102
16.9087721018787	0.1	0.734559473116793
16.911628791101	0.1	0.734416810117484
16.9144864457454	0.1	0.734274147118175
16.9173450663016	0.1	0.734131484118866
16.9202046532593	0.1	0.733988821119558
16.9230652071087	0.1	0.733846158120249
16.9259267283402	0.1	0.73370349512094
16.9287892174447	0.1	0.733560832121631
16.9316526749133	0.1	0.733418169122322
16.9345171012374	0.1	0.733275506123013
16.9373824969089	0.1	0.733132843123704
16.9402488624199	0.1	0.732990180124395
16.9431161982629	0.1	0.732847517125086
16.9459845049307	0.1	0.732704854125777
16.9488537829164	0.1	0.732562191126468
16.9517240327134	0.1	0.732419528127159
16.9545952548157	0.1	0.732276865127851
16.9574674497173	0.1	0.732134202128542
16.9603406179127	0.1	0.731991539129233
16.9632147598967	0.1	0.731848876129924
16.9660898761645	0.1	0.731706213130615
16.9689659672115	0.1	0.731563550131306
16.9718430335336	0.1	0.731420887131997
16.974721075627	0.1	0.731278224132688
16.977600093988	0.1	0.731135561133379
16.9804800891136	0.1	0.73099289813407
16.9833610615008	0.1	0.730850235134761
16.9862430116473	0.1	0.730707572135453
16.9891259400508	0.1	0.730564909136144
16.9920098472096	0.1	0.730422246136835
16.994894733622	0.1	0.730279583137526
16.9977805997871	0.1	0.730136920138217
17.0006674462039	0.100005879660378	0.729994120339622
17.0035552733721	0.100151941	0.729848059
17.0064440817915	0.100298002339623	0.729701997660377
17.0093338719622	0.100444063679245	0.729555936320755
17.012224644385	0.100590125018868	0.729409874981132
17.0151163995605	0.100736186358491	0.729263813641509
17.0180091379902	0.100882247698113	0.729117752301887
17.0209028601755	0.101028309037736	0.728971690962264
17.0237975666184	0.101174370377359	0.728825629622641
17.0266932578211	0.101320431716981	0.728679568283019
17.0295899342862	0.101466493056604	0.728533506943396
17.0324875965167	0.101612554396227	0.728387445603773
17.0353862450159	0.101758615735849	0.728241384264151
17.0382858802873	0.101904677075472	0.728095322924528
17.041186502835	0.102050738415095	0.727949261584905
17.0440881131632	0.102196799754717	0.727803200245283
17.0469907117766	0.10234286109434	0.72765713890566
17.0498942991803	0.102488922433962	0.727511077566038
17.0527988758795	0.102634983773585	0.727365016226415
17.0557044423799	0.102781045113208	0.727218954886792
17.0586109991877	0.10292710645283	0.72707289354717
17.061518546809	0.103073167792453	0.726926832207547
17.0644270857508	0.103219229132076	0.726780770867924
17.06733661652	0.103365290471698	0.726634709528302
17.070247139624	0.103511351811321	0.726488648188679
17.0731586555707	0.103657413150944	0.726342586849056
17.0760711648681	0.103803474490566	0.726196525509434
17.0789846680247	0.103949535830189	0.726050464169811
17.0818991655492	0.104095597169811	0.725904402830189
17.0848146579509	0.104241658509434	0.725758341490566
17.0877311457392	0.104387719849057	0.725612280150943
17.090648629424	0.104533781188679	0.725466218811321
17.0935671095154	0.104679842528302	0.725320157471698
17.096486586524	0.104825903867925	0.725174096132075
17.0994070609608	0.104971965207547	0.725028034792453
17.1023285333368	0.10511802654717	0.72488197345283
17.1052510041638	0.105264087886793	0.724735912113207
17.1081744739536	0.105410149226415	0.724589850773585
17.1110989432185	0.105556210566038	0.724443789433962
17.1140244124713	0.105702271905661	0.724297728094339
17.1169508822248	0.105848333245283	0.724151666754717
17.1198783529924	0.105994394584906	0.724005605415094
17.1228068252878	0.106140455924528	0.723859544075472
17.125736299625	0.106286517264151	0.723713482735849
17.1286667765185	0.106432578603774	0.723567421396226
17.131598256483	0.106578639943396	0.723421360056604
17.1345307400335	0.106724701283019	0.723275298716981
17.1374642276856	0.106870762622642	0.723129237377358
17.140398719955	0.107016823962264	0.722983176037736
17.1433342173579	0.107162885301887	0.722837114698113
17.1462707204109	0.10730894664151	0.72269105335849
17.1492082296306	0.107455007981132	0.722544992018868
17.1521467455345	0.107601069320755	0.722398930679245
17.1550862686401	0.107747130660377	0.722252869339622
17.1580267994652	0.107893192	0.722106808
17.1609683385282	0.108039253339623	0.721960746660377
17.1639108863478	0.108185314679245	0.721814685320755
17.1668544434429	0.108331376018868	0.721668623981132
17.1697990103328	0.108477437358491	0.721522562641509
17.1727445875373	0.108623498698113	0.721376501301887
17.1756911755764	0.108769560037736	0.721230439962264
17.1786387749707	0.108915621377359	0.721084378622641
17.1815873862407	0.109061682716981	0.720938317283019
17.1845370099077	0.109207744056604	0.720792255943396
17.1874876464933	0.109353805396227	0.720646194603773
17.1904392965191	0.109499866735849	0.720500133264151
17.1933919605075	0.109645928075472	0.720354071924528
17.196345638981	0.109791989415094	0.720208010584905
17.1993003324625	0.109938050754717	0.720061949245283
17.2022560414753	0.1100577219843	0.72
17.2052127665432	0.110157956682043	0.72
17.20817050819	0.110258191379785	0.72
17.2111292669401	0.110358426077527	0.72
17.2140890433184	0.110458660775269	0.72
17.2170498378498	0.110558895473011	0.72
17.2200116510599	0.110659130170753	0.72
17.2229744834744	0.110759364868496	0.72
17.2259383356195	0.110859599566238	0.72
17.2289032080218	0.11095983426398	0.72
17.2318691012081	0.111060068961722	0.72
17.2348360157058	0.111160303659464	0.72
17.2378039520424	0.111260538357207	0.72
17.2407729107459	0.111360773054949	0.72
17.2437428923447	0.111461007752691	0.72
17.2467138973676	0.111561242450433	0.72
17.2496859263435	0.111661477148175	0.72
17.252658979802	0.111761711845917	0.72
17.2556330582728	0.111861946543659	0.72
17.2586081622861	0.111962181241402	0.72
17.2615842923726	0.112062415939144	0.72
17.264561449063	0.112162650636886	0.72
17.2675396328887	0.112262885334628	0.72
17.2705188443812	0.11236312003237	0.72
17.2734990840727	0.112463354730113	0.72
17.2764803524955	0.112563589427855	0.72
17.2794626501823	0.112663824125597	0.72
17.2824459776662	0.112764058823339	0.72
17.2854303354808	0.112864293521081	0.72
17.2884157241599	0.112964528218823	0.72
17.2914021442376	0.113064762916566	0.72
17.2943895962486	0.113164997614308	0.72
17.2973780807279	0.11326523231205	0.72
17.3003675982107	0.113365467009792	0.72
17.3033581492328	0.113465701707534	0.72
17.3063497343302	0.113565936405276	0.72
17.3093423540394	0.113666171103019	0.72
17.3123360088972	0.113766405800761	0.72
17.3153306994407	0.113866640498503	0.72
17.3183264262075	0.113966875196245	0.72
17.3213231897355	0.114067109893987	0.72
17.3243209905631	0.114167344591729	0.72
17.3273198292289	0.114267579289472	0.72
17.3303197062719	0.114367813987214	0.72
17.3333206222315	0.114468048684956	0.72
17.3363225776477	0.114568283382698	0.72
17.3393255730604	0.11466851808044	0.72
17.3423296090102	0.114768752778182	0.72
17.3453346860382	0.114868987475925	0.72
17.3483408046854	0.114969222173667	0.72
17.3513479654937	0.115069456871409	0.72
17.3543561690051	0.115169691569151	0.72
17.3573654157618	0.115269926266893	0.72
17.3603757063069	0.115370160964636	0.72
17.3633870411834	0.115470395662378	0.72
17.3663994209348	0.11557063036012	0.72
17.3694128461051	0.115670865057862	0.72
17.3724273172386	0.115771099755604	0.72
17.37544283488	0.115871334453346	0.72
17.3784593995742	0.115971569151088	0.72
17.3814770118669	0.116071803848831	0.72
17.3844956723037	0.116172038546573	0.72
17.3875153814308	0.116272273244315	0.72
17.3905361397949	0.116372507942057	0.72
17.3935579479428	0.116472742639799	0.72
17.396580806422	0.116572977337542	0.72
17.3996047157801	0.116673212035284	0.72
17.4026296765652	0.116773446733026	0.72
17.4056556893258	0.116873681430768	0.72
17.4086827546107	0.11697391612851	0.72
17.4117108729692	0.117074150826252	0.72
17.4147400449509	0.117174385523995	0.72
17.4177702711059	0.117274620221737	0.72
17.4208015519844	0.117374854919479	0.72
17.4238338881372	0.117475089617221	0.72
17.4268672801156	0.117575324314963	0.72
17.4299017284711	0.117675559012705	0.72
17.4329372337555	0.117775793710448	0.72
17.4359737965211	0.11787602840819	0.72
17.4390114173208	0.117976263105932	0.72
17.4420500967074	0.118076497803674	0.72
17.4450898352346	0.118176732501416	0.72
17.4481306334561	0.118276967199158	0.72
17.4511724919262	0.118377201896901	0.72
17.4542154111995	0.118477436594643	0.72
17.457259391831	0.118577671292385	0.72
17.4603044343761	0.118677905990127	0.72
17.4633505393905	0.118778140687869	0.72
17.4663977074305	0.118878375385611	0.72
17.4694459390526	0.118978610083354	0.72
17.4724952348137	0.119078844781096	0.72
17.4755455952713	0.119179079478838	0.72
17.4785970209829	0.11927931417658	0.72
17.4816495125067	0.119379548874322	0.72
17.4847030704013	0.119479783572064	0.72
17.4877576952255	0.119580018269807	0.72
17.4908133875385	0.119680252967549	0.72
17.4938701479002	0.119780487665291	0.72
17.4969279768705	0.119880722363033	0.72
17.4999868750098	0.119980957060775	0.72
17.5030468428792	0.120125332487196	0.719874667512804
17.5061078810397	0.120280060801999	0.719719939198001
17.509169990053	0.120434789116802	0.719565210883198
17.5122331704812	0.120589517431605	0.719410482568395
17.5152974228867	0.120744245746409	0.719255754253591
17.5183627478323	0.120898974061212	0.719101025938788
17.5214291458811	0.121053702376015	0.718946297623985
17.5244966175969	0.121208430690818	0.718791569309182
17.5275651635436	0.121363159005621	0.718636840994379
17.5306347842855	0.121517887320425	0.718482112679575
17.5337054803876	0.121672615635228	0.718327384364772
17.5367772524149	0.121827343950031	0.718172656049969
17.5398501009331	0.121982072264834	0.718017927735165
17.5429240265081	0.122136800579638	0.717863199420362
17.5459990297063	0.122291528894441	0.717708471105559
17.5490751110944	0.122446257209244	0.717553742790756
17.5521522712397	0.122600985524047	0.717399014475952
17.5552305107097	0.122755713838851	0.717244286161149
17.5583098300724	0.122910442153654	0.717089557846346
17.5613902298962	0.123065170468457	0.716934829531543
17.5644717107497	0.123219898783261	0.716780101216739
17.5675542732022	0.123374627098064	0.716625372901936
17.5706379178232	0.123529355412867	0.716470644587133
17.5737226451827	0.12368408372767	0.71631591627233
17.576808455851	0.123838812042473	0.716161187957527
17.579895350399	0.123993540357277	0.716006459642723
17.5829833293977	0.12414826867208	0.71585173132792
17.5860723934187	0.124302996986883	0.715697003013117
17.5891625430341	0.124457725301686	0.715542274698314
17.5922537788161	0.12461245361649	0.71538754638351
17.5953461013376	0.124767181931293	0.715232818068707
17.5984395111717	0.124921910246096	0.715078089753904
17.6015340088919	0.125076638560899	0.714923361439101
17.6046295950724	0.125231366875703	0.714768633124297
17.6077262702874	0.125386095190506	0.714613904809494
17.6108240351118	0.125540823505309	0.714459176494691
17.6139228901207	0.125695551820112	0.714304448179888
17.6170228358897	0.125850280134916	0.714149719865084
17.6201238729949	0.126005008449719	0.713994991550281
17.6232260020126	0.126159736764522	0.713840263235478
17.6263292235197	0.126314465079325	0.713685534920675
17.6294335380933	0.126469193394129	0.713530806605871
17.6325389463112	0.126623921708932	0.713376078291068
17.6356454487513	0.126778650023735	0.713221349976265
17.6387530459922	0.126933378338538	0.713066621661462
17.6418617386125	0.127088106653342	0.712911893346658
17.6449715271917	0.127242834968145	0.712757165031855
17.6480824123093	0.127397563282948	0.712602436717052
17.6511943945455	0.127552291597751	0.712447708402249
17.6543074744807	0.127707019912555	0.712292980087445
17.6574216526958	0.127861748227358	0.712138251772642
17.6605369297722	0.128016476542161	0.711983523457839
17.6636533062915	0.128171204856964	0.711828795143036
17.6667707828358	0.128325933171768	0.711674066828232
17.6698893599878	0.128480661486571	0.711519338513429
17.6730090383303	0.128635389801374	0.711364610198626
17.6761298184467	0.128790118116177	0.711209881883823
17.6792517009208	0.128944846430981	0.711055153569019
17.6823746863368	0.129099574745784	0.710900425254216
17.6854987752792	0.129254303060587	0.710745696939413
17.6886239683331	0.12940903137539	0.71059096862461
17.6917502660839	0.129563759690193	0.710436240309807
17.6948776691175	0.129718488004997	0.710281511995003
17.69800617802	0.1298732163198	0.7101267836802
17.7011357933782	0.13	0.709980838033236
17.7042665157791	0.13	0.70987473899606
17.7073983458103	0.13	0.709768639958883
17.7105312840596	0.13	0.709662540921706
17.7136653311154	0.13	0.70955644188453
17.7168004875664	0.13	0.709450342847353
17.7199367540017	0.13	0.709344243810176
17.7230741310111	0.13	0.709238144773
17.7262126191844	0.13	0.709132045735823
17.7293522191121	0.13	0.709025946698646
17.732492931385	0.13	0.70891984766147
17.7356347565944	0.13	0.708813748624293
17.7387776953319	0.13	0.708707649587117
17.7419217481896	0.13	0.70860155054994
17.7450669157601	0.13	0.708495451512763
17.7482131986362	0.13	0.708389352475587
17.7513605974114	0.13	0.70828325343841
17.7545091126794	0.13	0.708177154401234
17.7576587450343	0.13	0.708071055364057
17.7608094950708	0.13	0.70796495632688
17.763961363384	0.13	0.707858857289704
17.7671143505693	0.13	0.707752758252527
17.7702684572226	0.13	0.70764665921535
17.7734236839402	0.13	0.707540560178174
17.7765800313188	0.13	0.707434461140997
17.7797374999556	0.13	0.707328362103821
17.7828960904481	0.13	0.707222263066644
17.7860558033944	0.13	0.707116164029467
17.7892166393928	0.13	0.707010064992291
17.7923785990423	0.13	0.706903965955114
17.7955416829422	0.13	0.706797866917937
17.798705891692	0.13	0.706691767880761
17.801871225892	0.13	0.706585668843584
17.8050376861428	0.13	0.706479569806407
17.8082052730452	0.13	0.706373470769231
17.8113739872007	0.13	0.706267371732054
17.8145438292113	0.13	0.706161272694877
17.817714799679	0.13	0.706055173657701
17.8208868992067	0.13	0.705949074620524
17.8240601283974	0.13	0.705842975583348
17.8272344878548	0.13	0.705736876546171
17.8304099781827	0.13	0.705630777508994
17.8335865999857	0.13	0.705524678471818
17.8367643538686	0.13	0.705418579434641
17.8399432404366	0.13	0.705312480397464
17.8431232602955	0.13	0.705206381360288
17.8463044140514	0.13	0.705100282323111
17.8494867023109	0.13	0.704994183285934
17.852670125681	0.13	0.704888084248758
17.8558546847692	0.13	0.704781985211581
17.8590403801833	0.13	0.704675886174405
17.8622272125316	0.13	0.704569787137228
17.8654151824229	0.13	0.704463688100051
17.8686042904663	0.13	0.704357589062875
17.8717945372715	0.13	0.704251490025698
17.8749859234486	0.13	0.704145390988521
17.8781784496079	0.13	0.704039291951345
17.8813721163605	0.13	0.703933192914168
17.8845669243177	0.13	0.703827093876991
17.8877628740913	0.13	0.703720994839815
17.8909599662934	0.13	0.703614895802638
17.8941582015369	0.13	0.703508796765462
17.8973575804348	0.13	0.703402697728285
17.9005581036006	0.13	0.703296598691108
17.9037597716483	0.13	0.703190499653932
17.9069625851924	0.13	0.703084400616755
17.9101665448477	0.13	0.702978301579579
17.9133716512295	0.13	0.702872202542402
17.9165779049536	0.13	0.702766103505225
17.9197853066362	0.13	0.702660004468049
17.9229938568939	0.13	0.702553905430872
17.9262035563437	0.13	0.702447806393695
17.9294144056032	0.13	0.702341707356519
17.9326264052903	0.13	0.702235608319342
17.9358395560234	0.13	0.702129509282165
17.9390538584214	0.13	0.702023410244989
17.9422693131035	0.13	0.701917311207812
17.9454859206896	0.13	0.701811212170635
17.9487036817996	0.13	0.701705113133459
17.9519225970544	0.13	0.701599014096282
17.9551426670748	0.13	0.701492915059106
17.9583638924826	0.13	0.701386816021929
17.9615862738995	0.13	0.701280716984752
17.964809811948	0.13	0.701174617947576
17.9680345072509	0.13	0.701068518910399
17.9712603604316	0.13	0.700962419873222
17.9744873721138	0.13	0.700856320836046
17.9777155429216	0.13	0.700750221798869
17.9809448734798	0.13	0.700644122761693
17.9841753644133	0.13	0.700538023724516
17.9874070163479	0.13	0.700431924687339
17.9906398299093	0.13	0.700325825650163
17.9938738057241	0.13	0.700219726612986
17.9971089444192	0.13	0.700113627575809
18.0003452466218	0.13	0.700007528538633
18.0035827129599	0.130304059188797	0.7
18.0068213440616	0.130631341566918	0.7
18.0100611405556	0.130958623945039	0.7
18.013302103071	0.13128590632316	0.7
18.0165442322376	0.131613188701282	0.7
18.0197875286853	0.131940471079403	0.7
18.0230319930446	0.132267753457524	0.7
18.0262776259465	0.132595035835646	0.7
18.0295244280224	0.132922318213767	0.7
18.0327723999041	0.133249600591888	0.7
18.0360215422241	0.133576882970009	0.7
18.0392718556151	0.133904165348131	0.7
18.0425233407103	0.134231447726252	0.7
18.0457759981435	0.134558730104373	0.7
18.0490298285487	0.134886012482494	0.7
18.0522848325605	0.135213294860616	0.7
18.0555410108142	0.135540577238737	0.7
18.0587983639451	0.135867859616858	0.7
18.0620568925893	0.13619514199498	0.7
18.0653165973832	0.136522424373101	0.7
18.0685774789637	0.136849706751222	0.7
18.0718395379681	0.137176989129344	0.7
18.0751027750344	0.137504271507465	0.7
18.0783671908007	0.137831553885586	0.7
18.0816327859059	0.138158836263707	0.7
18.0848995609891	0.138486118641829	0.7
18.08816751669	0.13881340101995	0.7
18.0914366536487	0.139140683398071	0.7
18.0947069725058	0.139467965776192	0.7
18.0979784739024	0.139795248154314	0.7
18.1012511584801	0.140122530532435	0.7
18.1045250268807	0.140449812910556	0.7
18.1078000797468	0.140777095288678	0.7
18.1110763177212	0.141104377666799	0.7
18.1143537414473	0.14143166004492	0.7
18.117632351569	0.141758942423042	0.7
18.1209121487307	0.142086224801163	0.7
18.1241931335769	0.142413507179284	0.7
18.1274753067531	0.142740789557405	0.7
18.130758668905	0.143068071935526	0.7
18.1340432206786	0.143395354313648	0.7
18.1373289627207	0.143722636691769	0.7
18.1406158956784	0.14404991906989	0.7
18.1439040201993	0.144377201448012	0.7
18.1471933369313	0.144704483826133	0.7
18.1504838465231	0.145031766204254	0.7
18.1537755496237	0.145359048582376	0.7
18.1570684468825	0.145686330960497	0.7
18.1603625389494	0.146013613338618	0.7
18.163657826475	0.14634089571674	0.7
18.1669543101099	0.146668178094861	0.7
18.1702519905057	0.146995460472982	0.7
18.1735508683141	0.147322742851103	0.7
18.1768509441874	0.147650025229224	0.7
18.1801522187785	0.147977307607346	0.7
18.1834546927405	0.148304589985467	0.7
18.1867583667273	0.148631872363588	0.7
18.1900632413929	0.14895915474171	0.7
18.1933693173921	0.149286437119831	0.7
18.19667659538	0.149613719497952	0.7
18.1999850760122	0.149941001876074	0.7
18.203294759945	0.150091909274916	0.699908090725084
18.2066056478347	0.150204030227211	0.699795969772789
18.2099177403386	0.150316151179506	0.699683848820494
18.2132310381141	0.1504282721318	0.6995717278682
18.2165455418193	0.150540393084095	0.699459606915905
18.2198612521126	0.15065251403639	0.69934748596361
18.2231781696531	0.150764634988685	0.699235365011315
18.2264962951001	0.150876755940979	0.69912324405902
18.2298156291137	0.150988876893274	0.699011123106726
18.2331361723542	0.151100997845569	0.698899002154431
18.2364579254826	0.151213118797864	0.698786881202136
18.2397808891601	0.151325239750158	0.698674760249842
18.2431050640488	0.151437360702453	0.698562639297547
18.2464304508109	0.151549481654748	0.698450518345252
18.2497570501093	0.151661602607043	0.698338397392957
18.2530848626072	0.151773723559337	0.698226276440662
18.2564138889685	0.151885844511632	0.698114155488368
18.2597441298575	0.151997965463927	0.698002034536073
18.2630755859388	0.152110086416222	0.697889913583778
18.2664082578778	0.152222207368516	0.697777792631484
18.2697421463403	0.152334328320811	0.697665671679189
18.2730772519923	0.152446449273106	0.697553550726894
18.2764135755007	0.152558570225401	0.697441429774599
18.2797511175326	0.152670691177695	0.697329308822305
18.2830898787557	0.15278281212999	0.69721718787001
18.2864298598382	0.152894933082285	0.697105066917715
18.2897710614487	0.15300705403458	0.69699294596542
18.2931134842564	0.153119174986874	0.696880825013126
18.2964571289309	0.153231295939169	0.696768704060831
18.2998019961424	0.153343416891464	0.696656583108536
18.3031480865614	0.153455537843758	0.696544462156242
18.3064954008592	0.153567658796053	0.696432341203947
18.3098439397072	0.153679779748348	0.696320220251652
18.3131937037775	0.153791900700643	0.696208099299357
18.3165446937428	0.153904021652937	0.696095978347062
18.3198969102761	0.154016142605232	0.695983857394768
18.323250354051	0.154128263557527	0.695871736442473
18.3266050257416	0.154240384509822	0.695759615490178
18.3299609260223	0.154352505462116	0.695647494537884
18.3333180555683	0.154464626414411	0.695535373585589
18.3366764150551	0.154576747366706	0.695423252633294
18.3400360051587	0.154688868319001	0.695311131680999
18.3433968265557	0.154800989271295	0.695199010728704
18.346758879923	0.15491311022359	0.69508688977641
18.3501221659383	0.155025231175885	0.694974768824115
18.3534866852796	0.15513735212818	0.69486264787182
18.3568524386252	0.155249473080474	0.694750526919526
18.3602194266544	0.155361594032769	0.694638405967231
18.3635876500466	0.155473714985064	0.694526285014936
18.3669571094818	0.155585835937359	0.694414164062641
18.3703278056405	0.155697956889653	0.694302043110347
18.3736997392037	0.155810077841948	0.694189922158052
18.377072910853	0.155922198794243	0.694077801205757
18.3804473212704	0.156034319746538	0.693965680253462
18.3838229711383	0.156146440698832	0.693853559301168
18.3871998611399	0.156258561651127	0.693741438348873
18.3905779919585	0.156370682603422	0.693629317396578
18.3939573642783	0.156482803555716	0.693517196444284
18.3973379787838	0.156594924508011	0.693405075491989
18.40071983616	0.156707045460306	0.693292954539694
18.4041029370924	0.156819166412601	0.693180833587399
18.407487282267	0.156931287364895	0.693068712635105
18.4108728723705	0.15704340831719	0.69295659168281
18.4142597080898	0.157155529269485	0.692844470730515
18.4176477901125	0.15726765022178	0.69273234977822
18.4210371191266	0.157379771174074	0.692620228825926
18.4244276958208	0.157491892126369	0.692508107873631
18.4278195208841	0.157604013078664	0.692395986921336
18.431212595006	0.157716134030959	0.692283865969041
18.4346069188767	0.157828254983253	0.692171745016746
18.4380024931867	0.157940375935548	0.692059624064452
18.4413993186272	0.158052496887843	0.691947503112157
18.4447973958897	0.158164617840138	0.691835382159862
18.4481967256665	0.158276738792432	0.691723261207568
18.45159730865	0.158388859744727	0.691611140255273
18.4549991455335	0.158500980697022	0.691499019302978
18.4584022370107	0.158613101649317	0.691386898350683
18.4618065837756	0.158725222601611	0.691274777398389
18.465212186523	0.158837343553906	0.691162656446094
18.4686190459481	0.158949464506201	0.691050535493799
18.4720271627465	0.159061585458496	0.690938414541504
18.4754365376145	0.15917370641079	0.69082629358921
18.4788471712488	0.159285827363085	0.690714172636915
18.4822590643467	0.15939794831538	0.69060205168462
18.4856722176059	0.159510069267674	0.690489930732325
18.4890866317248	0.159622190219969	0.690377809780031
18.492502307402	0.159734311172264	0.690265688827736
18.4959192453369	0.159846432124559	0.690153567875441
18.4993374462294	0.159958553076853	0.690041446923147
18.5027569107797	0.160073006919768	0.689926993080232
18.5061776396888	0.160188828890967	0.689811171109033
18.509599633658	0.160304650862166	0.689695349137834
18.5130228933892	0.160420472833365	0.689579527166635
18.5164474195849	0.160536294804563	0.689463705195437
18.519873212948	0.160652116775762	0.689347883224238
18.5233002741819	0.160767938746961	0.689232061253039
18.5267286039906	0.16088376071816	0.68911623928184
18.5301582030787	0.160999582689359	0.689000417310641
18.5335890721511	0.161115404660557	0.688884595339443
18.5370212119134	0.161231226631756	0.688768773368244
18.5404546230716	0.161347048602955	0.688652951397045
18.5438893063324	0.161462870574154	0.688537129425846
18.5473252624029	0.161578692545353	0.688421307454647
18.5507624919907	0.161694514516551	0.688305485483449
18.554200995804	0.16181033648775	0.68818966351225
18.5576407745514	0.161926158458949	0.688073841541051
18.5610818289422	0.162041980430148	0.687958019569852
18.5645241596861	0.162157802401347	0.687842197598653
18.5679677674934	0.162273624372545	0.687726375627455
18.5714126530749	0.162389446343744	0.687610553656256
18.5748588171419	0.162505268314943	0.687494731685057
18.5783062604062	0.162621090286142	0.687378909713858
18.5817549835802	0.162736912257341	0.687263087742659
18.5852049873769	0.162852734228539	0.687147265771461
18.5886562725097	0.162968556199738	0.687031443800262
18.5921088396925	0.163084378170937	0.686915621829063
18.5955626896399	0.163200200142136	0.686799799857864
18.5990178230668	0.163316022113335	0.686683977886665
18.6024742406889	0.163431844084533	0.686568155915467
18.6059319432221	0.163547666055732	0.686452333944268
18.6093909313833	0.163663488026931	0.686336511973069
18.6128512058894	0.16377930999813	0.68622069000187
18.6163127674582	0.163895131969329	0.686104868030671
18.619775616808	0.164010953940528	0.685989046059473
18.6232397546574	0.164126775911726	0.685873224088274
18.6267051817259	0.164242597882925	0.685757402117075
18.6301718987331	0.164358419854124	0.685641580145876
18.6336399063995	0.164474241825323	0.685525758174677
18.637109205446	0.164590063796521	0.685409936203479
18.640579796594	0.16470588576772	0.68529411423228
18.6440516805655	0.164821707738919	0.685178292261081
18.647524858083	0.164937529710118	0.685062470289882
18.6509993298696	0.165053351681317	0.684946648318683
18.6544750966488	0.165169173652516	0.684830826347484
18.6579521591449	0.165284995623714	0.684715004376286
18.6614305180824	0.165400817594913	0.684599182405087
18.6649101741865	0.165516639566112	0.684483360433888
18.6683911281832	0.165632461537311	0.684367538462689
18.6718733807985	0.165748283508509	0.684251716491491
18.6753569327594	0.165864105479708	0.684135894520292
18.6788417847932	0.165979927450907	0.684020072549093
18.6823279376279	0.166095749422106	0.683904250577894
18.685815391992	0.166211571393305	0.683788428606695
18.6893041486144	0.166327393364504	0.683672606635497
18.6927942082246	0.166443215335702	0.683556784664298
18.6962855715529	0.166559037306901	0.683440962693099
18.6997782393299	0.1666748592781	0.6833251407219
18.7032722122866	0.166790681249299	0.683209318750701
18.706767491155	0.166906503220498	0.683093496779502
18.7102640766672	0.167022325191696	0.682977674808304
18.7137619695561	0.167138147162895	0.682861852837105
18.7172611705551	0.167253969134094	0.682746030865906
18.720761680398	0.167369791105293	0.682630208894707
18.7242634998195	0.167485613076492	0.682514386923509
18.7277666295545	0.16760143504769	0.68239856495231
18.7312710703386	0.167717257018889	0.682282742981111
18.7347768229078	0.167833078990088	0.682166921009912
18.738283887999	0.167948900961287	0.682051099038713
18.7417922663494	0.168064722932486	0.681935277067514
18.7453019586966	0.168180544903684	0.681819455096316
18.7488129657791	0.168296366874883	0.681703633125117
18.7523252883358	0.168412188846082	0.681587811153918
18.755838927106	0.168528010817281	0.681471989182719
18.7593538828298	0.16864383278848	0.68135616721152
18.7628701562478	0.168759654759678	0.681240345240322
18.766387748101	0.168875476730877	0.681124523269123
18.7699066591312	0.168991298702076	0.681008701297924
18.7734268900805	0.169107120673275	0.680892879326725
18.7769484416917	0.169222942644474	0.680777057355527
18.7804713147081	0.169338764615672	0.680661235384328
18.7839955098737	0.169454586586871	0.680545413413129
18.7875210279329	0.16957040855807	0.68042959144193
18.7910478696307	0.169686230529269	0.680313769470731
18.7945760357127	0.169802052500468	0.680197947499532
18.798105526925	0.169917874471666	0.680082125528334
18.8016363440143	0.170034789511489	0.68
18.8051684877278	0.170154368596254	0.68
18.8087019588135	0.17027394768102	0.68
18.8122367580195	0.170393526765785	0.68
18.815772886095	0.17051310585055	0.68
18.8193103437893	0.170632684935316	0.68
18.8228491318526	0.170752264020081	0.68
18.8263892510354	0.170871843104847	0.68
18.829930702089	0.170991422189612	0.68
18.8334734857652	0.171111001274377	0.68
18.8370176028162	0.171230580359143	0.68
18.840563053995	0.171350159443908	0.68
18.844109840055	0.171469738528674	0.68
18.8476579617502	0.171589317613439	0.68
18.8512074198352	0.171708896698204	0.68
18.8547582150653	0.17182847578297	0.68
18.8583103481961	0.171948054867735	0.68
18.8618638199839	0.1720676339525	0.68
18.8654186311856	0.172187213037266	0.68
18.8689747825587	0.172306792122031	0.68
18.8725322748611	0.172426371206797	0.68
18.8760911088514	0.172545950291562	0.68
18.8796512852889	0.172665529376328	0.68
18.8832128049332	0.172785108461093	0.68
18.8867756685446	0.172904687545858	0.68
18.8903398768841	0.173024266630624	0.68
18.893905430713	0.173143845715389	0.68
18.8974723307935	0.173263424800155	0.68
18.901040577888	0.17338300388492	0.68
18.9046101727598	0.173502582969685	0.68
18.9081811161726	0.173622162054451	0.68
18.9117534088908	0.173741741139216	0.68
18.9153270516793	0.173861320223981	0.68
18.9189020453036	0.173980899308747	0.68
18.9224783905297	0.174100478393512	0.68
18.9260560881243	0.174220057478278	0.68
18.9296351388546	0.174339636563043	0.68
18.9332155434884	0.174459215647809	0.68
18.9367973027941	0.174578794732574	0.68
18.9403804175407	0.174698373817339	0.68
18.9439648884977	0.174817952902105	0.68
18.9475507164353	0.17493753198687	0.68
18.9511379021242	0.175057111071636	0.68
18.9547264463357	0.175176690156401	0.68
18.9583163498416	0.175296269241166	0.68
18.9619076134145	0.175415848325932	0.68
18.9655002378274	0.175535427410697	0.68
18.9690942238539	0.175655006495462	0.68
18.9726895722683	0.175774585580228	0.68
18.9762862838454	0.175894164664993	0.68
18.9798843593606	0.176013743749759	0.68
18.9834837995898	0.176133322834524	0.68
18.9870846053098	0.17625290191929	0.68
18.9906867772976	0.176372481004055	0.68
18.9942903163309	0.17649206008882	0.68
18.9978952231882	0.176611639173586	0.68
19.0015014986484	0.176731218258351	0.68
19.005109143491	0.176850797343117	0.68
19.0087181584962	0.176970376427882	0.68
19.0123285444446	0.177089955512647	0.68
19.0159403021177	0.177209534597413	0.68
19.0195534322971	0.177329113682178	0.68
19.0231679357656	0.177448692766943	0.68
19.0267838133062	0.177568271851709	0.68
19.0304010657025	0.177687850936474	0.68
19.0340196937388	0.17780743002124	0.68
19.0376396982001	0.177927009106005	0.68
19.0412610798718	0.178046588190771	0.68
19.04488383954	0.178166167275536	0.68
19.0485079779914	0.178285746360301	0.68
19.0521334960132	0.178405325445067	0.68
19.0557603943933	0.178524904529832	0.68
19.0593886739202	0.178644483614597	0.68
19.0630183353829	0.178764062699363	0.68
19.0666493795712	0.178883641784128	0.68
19.0702818072754	0.179003220868894	0.68
19.0739156192862	0.179122799953659	0.68
19.0775508163952	0.179242379038424	0.68
19.0811873993944	0.17936195812319	0.68
19.0848253690767	0.179481537207955	0.68
19.0884647262352	0.179601116292721	0.68
19.0921054716638	0.179720695377486	0.68
19.0957476061571	0.179840274462252	0.68
19.0993911305102	0.179959853547017	0.68
19.1030360455187	0.180163929707113	0.679918035146443
19.1066823519791	0.180410711966527	0.679794644016737
19.1103300506882	0.180657494225941	0.679671252887029
19.1139791424437	0.180904276485356	0.679547861757322
19.1176296280436	0.18115105874477	0.679424470627615
19.1212815082867	0.181397841004184	0.679301079497908
19.1249347839724	0.181644623263598	0.679177688368201
19.1285894559007	0.181891405523013	0.679054297238494
19.1322455248721	0.182138187782427	0.678930906108787
19.1359029916879	0.182384970041841	0.67880751497908
19.13956185715	0.182631752301255	0.678684123849372
19.1432221220606	0.18287853456067	0.678560732719665
19.146883787223	0.183125316820084	0.678437341589958
19.1505468534407	0.183372099079498	0.678313950460251
19.154211321518	0.183618881338912	0.678190559330544
19.1578771922598	0.183865663598326	0.678067168200837
19.1615444664717	0.184112445857741	0.67794377707113
19.1652131449597	0.184359228117155	0.677820385941423
19.1688832285307	0.184606010376569	0.677696994811716
19.1725547179919	0.184852792635983	0.677573603682008
19.1762276141513	0.185099574895398	0.677450212552301
19.1799019178176	0.185346357154812	0.677326821422594
19.1835776297999	0.185593139414226	0.677203430292887
19.1872547509082	0.18583992167364	0.67708003916318
19.1909332819528	0.186086703933055	0.676956648033473
19.1946132237449	0.186333486192469	0.676833256903766
19.1982945770961	0.186580268451883	0.676709865774059
19.2019773428189	0.186827050711297	0.676586474644351
19.205661521726	0.187073832970711	0.676463083514644
19.2093471146312	0.187320615230125	0.676339692384937
19.2130341223486	0.18756739748954	0.67621630125523
19.216722545693	0.187814179748954	0.676092910125523
19.22041238548	0.188060962008368	0.675969518995816
19.2241036425255	0.188307744267782	0.675846127866109
19.2277963176463	0.188554526527197	0.675722736736402
19.2314904116597	0.188801308786611	0.675599345606695
19.2351859253836	0.189048091046025	0.675475954476987
19.2388828596368	0.189294873305439	0.67535256334728
19.2425812152383	0.189541655564854	0.675229172217573
19.246280993008	0.189788437824268	0.675105781087866
19.2499821937665	0.190035220083682	0.674982389958159
19.2536848183347	0.190282002343096	0.674858998828452
19.2573888675346	0.19052878460251	0.674735607698745
19.2610943421884	0.190775566861925	0.674612216569038
19.2648012431191	0.191022349121339	0.674488825439331
19.2685095711504	0.191269131380753	0.674365434309623
19.2722193271066	0.191515913640167	0.674242043179916
19.2759305118126	0.191762695899582	0.674118652050209
19.2796431260939	0.192009478158996	0.673995260920502
19.2833571707767	0.19225626041841	0.673871869790795
19.2870726466878	0.192503042677824	0.673748478661088
19.2907895546548	0.192749824937239	0.673625087531381
19.2945078955056	0.192996607196653	0.673501696401674
19.298227670069	0.193243389456067	0.673378305271967
19.3019488791744	0.193490171715481	0.673254914142259
19.3056715236519	0.193736953974895	0.673131523012552
19.309395604332	0.19398373623431	0.673008131882845
19.313121122046	0.194230518493724	0.672884740753138
19.3168480776259	0.194477300753138	0.672761349623431
19.3205764719043	0.194724083012552	0.672637958493724
19.3243063057144	0.194970865271967	0.672514567364017
19.32803757989	0.195217647531381	0.67239117623431
19.3317702952657	0.195464429790795	0.672267785104602
19.3355044526766	0.195711212050209	0.672144393974895
19.3392400529586	0.195957994309623	0.672021002845188
19.342977096948	0.196204776569038	0.671897611715481
19.3467155854819	0.196451558828452	0.671774220585774
19.3504555193982	0.196698341087866	0.671650829456067
19.3541968995351	0.19694512334728	0.67152743832636
19.3579397267317	0.197191905606694	0.671404047196653
19.3616840018277	0.197438687866109	0.671280656066946
19.3654297256635	0.197685470125523	0.671157264937239
19.36917689908	0.197932252384937	0.671033873807531
19.3729255229189	0.198179034644351	0.670910482677824
19.3766755980223	0.198425816903766	0.670787091548117
19.3804271252334	0.19867259916318	0.67066370041841
19.3841801053957	0.198919381422594	0.670540309288703
19.3879345393533	0.199166163682008	0.670416918158996
19.3916904279513	0.199412945941423	0.670293527029289
19.3954477720352	0.199659728200837	0.670170135899582
19.3992065724512	0.199906510460251	0.670046744769874
19.4029668300461	0.200158112651048	0.669841887348952
19.4067285456675	0.200412654401973	0.669587345598027
19.4104917201636	0.200667196152898	0.669332803847102
19.4142563543832	0.200921737903822	0.669078262096178
19.4180224491758	0.201176279654747	0.668823720345253
19.4217900053915	0.201430821405672	0.668569178594328
19.4255590238812	0.201685363156597	0.668314636843403
19.4293295054964	0.201939904907522	0.668060095092478
19.4331014510891	0.202194446658446	0.667805553341554
19.4368748615123	0.202448988409371	0.667551011590629
19.4406497376193	0.202703530160296	0.667296469839704
19.4444260802643	0.202958071911221	0.667041928088779
19.448203890302	0.203212613662146	0.666787386337854
19.451983168588	0.20346715541307	0.66653284458693
19.4557639159783	0.203721697163995	0.666278302836005
19.4595461333298	0.20397623891492	0.66602376108508
19.4633298214999	0.204230780665845	0.665769219334155
19.4671149813466	0.204485322416769	0.665514677583231
19.4709016137289	0.204739864167694	0.665260135832306
19.474689719506	0.204994405918619	0.665005594081381
19.4784792995383	0.205248947669544	0.664751052330456
19.4822703546864	0.205503489420469	0.664496510579531
19.4860628858119	0.205758031171393	0.664241968828607
19.4898568937768	0.206012572922318	0.663987427077682
19.4936523794439	0.206267114673243	0.663732885326757
19.4974493436769	0.206521656424168	0.663478343575832
19.5012477873397	0.206776198175093	0.663223801824907
19.5050477112972	0.207030739926017	0.662969260073983
19.508849116415	0.207285281676942	0.662714718323058
19.5126520035591	0.207539823427867	0.662460176572133
19.5164563735965	0.207794365178792	0.662205634821208
19.5202622273947	0.208048906929716	0.661951093070284
19.5240695658218	0.208303448680641	0.661696551319359
19.5278783897468	0.208557990431566	0.661442009568434
19.5316887000392	0.208812532182491	0.661187467817509
19.5355004975692	0.209067073933416	0.660932926066584
19.5393137832078	0.20932161568434	0.66067838431566
19.5431285578266	0.209576157435265	0.660423842564735
19.5469448222978	0.20983069918619	0.66016930081381
19.5507625774943	0.210085240937115	0.659914759062885
19.55458182429	0.21033978268804	0.65966021731196
19.5584025635589	0.210594324438964	0.659405675561036
19.5622247961763	0.210848866189889	0.659151133810111
19.5660485230177	0.211103407940814	0.658896592059186
19.5698737449595	0.211357949691739	0.658642050308261
19.5737004628789	0.211612491442663	0.658387508557337
19.5775286776534	0.211867033193588	0.658132966806412
19.5813583901617	0.212121574944513	0.657878425055487
19.5851896012828	0.212376116695438	0.657623883304562
19.5890223118964	0.212630658446363	0.657369341553637
19.5928565228832	0.212885200197287	0.657114799802713
19.5966922351243	0.213139741948212	0.656860258051788
19.6005294495015	0.213394283699137	0.656605716300863
19.6043681668975	0.213648825450062	0.656351174549938
19.6082083881955	0.213903367200987	0.656096632799013
19.6120501142794	0.214157908951911	0.655842091048089
19.615893346034	0.214412450702836	0.655587549297164
19.6197380843445	0.214666992453761	0.655333007546239
19.6235843300969	0.214921534204686	0.655078465795314
19.6274320841781	0.21517607595561	0.65482392404439
19.6312813474755	0.215430617706535	0.654569382293465
19.635132120877	0.21568515945746	0.65431484054254
19.6389844052717	0.215939701208385	0.654060298791615
19.6428382015489	0.21619424295931	0.65380575704069
19.6466935105989	0.216448784710234	0.653551215289766
19.6505503333126	0.216703326461159	0.653296673538841
19.6544086705817	0.216957868212084	0.653042131787916
19.6582685232984	0.217212409963009	0.652787590036991
19.6621298923557	0.217466951713933	0.652533048286067
19.6659927786475	0.217721493464858	0.652278506535142
19.669857183068	0.217976035215783	0.652023964784217
19.6737231065124	0.218230576966708	0.651769423033292
19.6775905498765	0.218485118717633	0.651514881282367
19.6814595140569	0.218739660468557	0.651260339531443
19.6853299999508	0.218994202219482	0.651005797780518
19.6892020084561	0.219248743970407	0.650751256029593
19.6930755404715	0.219503285721332	0.650496714278668
19.6969505968964	0.219757827472257	0.650242172527743
19.7008271786308	0.220006375915254	0.649993624084746
19.7047052865754	0.220137583559322	0.649862416440678
19.7085849216318	0.22026879120339	0.64973120879661
19.7124660847021	0.220399998847458	0.649600001152542
19.7163487766893	0.220531206491525	0.649468793508475
19.7202329984969	0.220662414135593	0.649337585864407
19.7241187510294	0.220793621779661	0.649206378220339
19.7280060351916	0.220924829423729	0.649075170576271
19.7318948518894	0.221056037067797	0.648943962932203
19.7357852020293	0.221187244711864	0.648812755288136
19.7396770865184	0.221318452355932	0.648681547644068
19.7435705062646	0.22144966	0.64855034
19.7474654621766	0.221580867644068	0.648419132355932
19.7513619551636	0.221712075288136	0.648287924711864
19.7552599861358	0.221843282932203	0.648156717067797
19.7591595560038	0.221974490576271	0.648025509423729
19.7630606656792	0.222105698220339	0.647894301779661
19.7669633160741	0.222236905864407	0.647763094135593
19.7708675081016	0.222368113508475	0.647631886491525
19.7747732426752	0.222499321152542	0.647500678847458
19.7786805207094	0.22263052879661	0.64736947120339
19.7825893431191	0.222761736440678	0.647238263559322
19.7864997108203	0.222892944084746	0.647107055915254
19.7904116247295	0.223024151728814	0.646975848271186
19.7943250857639	0.223155359372881	0.646844640627119
19.7982400948415	0.223286567016949	0.646713432983051
19.8021566528811	0.223417774661017	0.646582225338983
19.806074760802	0.223548982305085	0.646451017694915
19.8099944195246	0.223680189949152	0.646319810050847
19.8139156299696	0.22381139759322	0.64618860240678
19.8178383930587	0.223942605237288	0.646057394762712
19.8217627097142	0.224073812881356	0.645926187118644
19.8256885808594	0.224205020525424	0.645794979474576
19.8296160074179	0.224336228169492	0.645663771830508
19.8335449903143	0.224467435813559	0.645532564186441
19.8374755304739	0.224598643457627	0.645401356542373
19.8414076288228	0.224729851101695	0.645270148898305
19.8453412862877	0.224861058745763	0.645138941254237
19.8492765037961	0.22499226638983	0.645007733610169
19.8532132822762	0.225123474033898	0.644876525966102
19.8571516226569	0.225254681677966	0.644745318322034
19.8610915258681	0.225385889322034	0.644614110677966
19.86503299284	0.225517096966102	0.644482903033898
19.868976024504	0.225648304610169	0.644351695389831
19.8729206217919	0.225779512254237	0.644220487745763
19.8768667856363	0.225910719898305	0.644089280101695
19.8808145169708	0.226041927542373	0.643958072457627
19.8847638167293	0.226173135186441	0.643826864813559
19.8887146858468	0.226304342830508	0.643695657169492
19.892667125259	0.226435550474576	0.643564449525424
19.8966211359021	0.226566758118644	0.643433241881356
19.9005767187133	0.226697965762712	0.643302034237288
19.9045338746305	0.22682917340678	0.64317082659322
19.9084926045923	0.226960381050847	0.643039618949153
19.9124529095379	0.227091588694915	0.642908411305085
19.9164147904076	0.227222796338983	0.642777203661017
19.9203782481422	0.227354003983051	0.642645996016949
19.9243432836832	0.227485211627119	0.642514788372881
19.928309897973	0.227616419271186	0.642383580728814
19.9322780919548	0.227747626915254	0.642252373084746
19.9362478665723	0.227878834559322	0.642121165440678
19.9402192227701	0.22801004220339	0.64198995779661
19.9441921614937	0.228141249847458	0.641858750152542
19.9481666836891	0.228272457491525	0.641727542508475
19.9521427903032	0.228403665135593	0.641596334864407
19.9561204822836	0.228534872779661	0.641465127220339
19.9600997605786	0.228666080423729	0.641333919576271
19.9640806261375	0.228797288067797	0.641202711932203
19.96806307991	0.228928495711864	0.641071504288136
19.9720471228469	0.229059703355932	0.640940296644068
19.9760327558995	0.229190911	0.640809089
19.98001998002	0.229322118644068	0.640677881355932
19.9840087961613	0.229453326288136	0.640546673711864
19.9879992052772	0.229584533932203	0.640415466067797
19.9919912083219	0.229715741576271	0.640284258423729
19.9959848062509	0.229846949220339	0.640153050779661
19.99998000002	0.229978156864407	0.640021843135593
20.003976790586	0.230225390450824	0.639774609549176
20.0079751789063	0.230495797646545	0.639504202353455
20.0119751659393	0.230766204842266	0.639233795157734
20.015976752644	0.231036612037987	0.638963387962013
20.0199799399801	0.231307019233708	0.638692980766292
20.0239847289083	0.231577426429429	0.638422573570571
20.0279911203899	0.23184783362515	0.63815216637485
20.0319991153869	0.232118240820871	0.637881759179129
20.0360087148624	0.232388648016592	0.637611351983408
20.0400199197798	0.232659055212313	0.637340944787687
20.0440327311037	0.232929462408034	0.637070537591966
20.0480471497992	0.233199869603755	0.636800130396245
20.0520631768323	0.233470276799476	0.636529723200524
20.0560808131698	0.233740683995197	0.636259316004803
20.0601000597791	0.234011091190918	0.635988908809082
20.0641209176286	0.234281498386639	0.635718501613361
20.0681433876872	0.23455190558236	0.63544809441764
20.072167470925	0.234822312778081	0.635177687221919
20.0761931683124	0.235092719973802	0.634907280026198
20.0802204808209	0.235363127169523	0.634636872830477
20.0842494094226	0.235633534365244	0.634366465634756
20.0882799550906	0.235903941560965	0.634096058439035
20.0923121187986	0.236174348756686	0.633825651243314
20.0963459015211	0.236444755952407	0.633555244047593
20.1003813042333	0.236715163148128	0.633284836851872
20.1044183279115	0.236985570343849	0.633014429656151
20.1084569735324	0.23725597753957	0.63274402246043
20.1124972420738	0.237526384735291	0.632473615264709
20.1165391345141	0.237796791931012	0.632203208068988
20.1205826518324	0.238067199126733	0.631932800873267
20.1246277950089	0.238337606322454	0.631662393677546
20.1286745650244	0.238608013518175	0.631391986481825
20.1327229628604	0.238878420713896	0.631121579286104
20.1367729894993	0.239148827909617	0.630851172090383
20.1408246459243	0.239419235105338	0.630580764894662
20.1448779331194	0.239689642301059	0.630310357698941
20.1489328520694	0.23996004949678	0.63003995050322
20.1529894037597	0.240230456692501	0.629769543307499
20.1570475891768	0.240500863888222	0.629499136111778
20.1611074093078	0.240771271083943	0.629228728916057
20.1651688651406	0.241041678279664	0.628958321720336
20.169231957664	0.241312085475385	0.628687914524615
20.1732966878675	0.241582492671106	0.628417507328894
20.1773630567414	0.241852899866827	0.628147100133173
20.1814310652768	0.242123307062548	0.627876692937452
20.1855007144658	0.242393714258269	0.627606285741731
20.189572005301	0.24266412145399	0.62733587854601
20.1936449387759	0.242934528649711	0.627065471350289
20.1977195158849	0.243204935845432	0.626795064154568
20.2017957376231	0.243475343041153	0.626524656958847
20.2058736049865	0.243745750236874	0.626254249763126
20.2099531189718	0.244016157432595	0.625983842567405
20.2140342805765	0.244286564628316	0.625713435371684
20.218117090799	0.244556971824037	0.625443028175963
20.2222015506384	0.244827379019758	0.625172620980242
20.2262876610948	0.245097786215479	0.624902213784521
20.2303754231689	0.2453681934112	0.6246318065888
20.2344648378622	0.245638600606921	0.624361399393079
20.2385559061773	0.245909007802641	0.624090992197359
20.2426486291172	0.246179414998363	0.623820585001638
20.2467430076861	0.246449822194084	0.623550177805916
20.2508390428886	0.246720229389805	0.623279770610195
20.2549367357306	0.246990636585526	0.623009363414474
20.2590360872184	0.247261043781247	0.622738956218753
20.2631370983593	0.247531450976968	0.622468549023032
20.2672397701614	0.247801858172688	0.622198141827312
20.2713441036336	0.248072265368409	0.621927734631591
20.2754500997856	0.24834267256413	0.62165732743587
20.279557759628	0.248613079759852	0.621386920240149
20.2836670841722	0.248883486955572	0.621116513044427
20.2877780744302	0.249153894151294	0.620846105848706
20.2918907314151	0.249424301347015	0.620575698652985
20.2960050561408	0.249694708542735	0.620305291457265
20.3001210496218	0.249965115738456	0.620034884261544
20.3042387128737	0.250091409320454	0.619817181359092
20.3083580469127	0.250196357647856	0.619607284704287
20.312479052756	0.250301305975258	0.619397388049483
20.3166017314214	0.250406254302661	0.619187491394679
20.3207260839279	0.250511202630063	0.618977594739875
20.3248521112948	0.250616150957465	0.61876769808507
20.3289798145428	0.250721099284867	0.618557801430266
20.333109194693	0.250826047612269	0.618347904775462
20.3372402527675	0.250930995939671	0.618138008120658
20.3413729897892	0.251035944267073	0.617928111465853
20.345507406782	0.251140892594476	0.617718214811049
20.3496435047703	0.251245840921878	0.617508318156245
20.3537812847795	0.25135078924928	0.617298421501441
20.357920747836	0.251455737576682	0.617088524846636
20.3620618949668	0.251560685904084	0.616878628191832
20.3662047271998	0.251665634231486	0.616668731537028
20.3703492455637	0.251770582558888	0.616458834882223
20.3744954510883	0.25187553088629	0.616248938227419
20.3786433448038	0.251980479213693	0.616039041572615
20.3827929277416	0.252085427541095	0.615829144917811
20.3869442009337	0.252190375868497	0.615619248263006
20.3910971654132	0.252295324195899	0.615409351608202
20.3952518222138	0.252400272523301	0.615199454953398
20.3994081723701	0.252505220850703	0.614989558298593
20.4035662169177	0.252610169178105	0.614779661643789
20.4077259568928	0.252715117505508	0.614569764988985
20.4118873933326	0.25282006583291	0.614359868334181
20.4160505272751	0.252925014160312	0.614149971679376
20.4202153597593	0.253029962487714	0.613940075024572
20.4243818918247	0.253134910815116	0.613730178369768
20.428550124512	0.253239859142518	0.613520281714964
20.4327200588626	0.25334480746992	0.613310385060159
20.4368916959187	0.253449755797322	0.613100488405355
20.4410650367234	0.253554704124725	0.612890591750551
20.4452400823207	0.253659652452127	0.612680695095747
20.4494168337554	0.253764600779529	0.612470798440942
20.4535952920733	0.253869549106931	0.612260901786138
20.4577754583207	0.253974497434333	0.612051005131334
20.461957333545	0.254079445761735	0.61184110847653
20.4661409187947	0.254184394089137	0.611631211821725
20.4703262151186	0.25428934241654	0.611421315166921
20.4745132235667	0.254394290743942	0.611211418512117
20.47870194519	0.254499239071344	0.611001521857312
20.48289238104	0.254604187398746	0.610791625202508
20.4870845321692	0.254709135726148	0.610581728547704
20.4912783996312	0.25481408405355	0.6103718318929
20.49547398448	0.254919032380952	0.610161935238095
20.4996712877709	0.255023980708355	0.609952038583291
20.5038703105598	0.255128929035757	0.609742141928487
20.5080710539036	0.255233877363159	0.609532245273682
20.51227351886	0.255338825690561	0.609322348618878
20.5164777064876	0.255443774017963	0.609112451964074
20.5206836178458	0.255548722345365	0.60890255530927
20.5248912539949	0.255653670672767	0.608692658654465
20.5291006159962	0.255758619000169	0.608482761999661
20.5333117049117	0.255863567327572	0.608272865344857
20.5375245218043	0.255968515654974	0.608062968690052
20.5417390677378	0.256073463982376	0.607853072035248
20.545955343777	0.256178412309778	0.607643175380444
20.5501733509873	0.25628336063718	0.60743327872564
20.5543930904352	0.256388308964582	0.607223382070835
20.558614563188	0.256493257291984	0.607013485416031
20.5628377703139	0.256598205619387	0.606803588761227
20.567062712882	0.256703153946789	0.606593692106423
20.5712893919621	0.256808102274191	0.606383795451618
20.5755178086251	0.256913050601593	0.606173898796814
20.5797479639426	0.257017998928995	0.60596400214201
20.5839798589874	0.257122947256397	0.605754105487206
20.5882134948328	0.257227895583799	0.605544208832401
20.5924488725531	0.257332843911201	0.605334312177597
20.5966859932237	0.257437792238604	0.605124415522793
20.6009248579206	0.257542740566006	0.604914518867988
20.6051654677208	0.257647688893408	0.604704622213184
20.6094078237022	0.25775263722081	0.60449472555838
20.6136519269436	0.257857585548212	0.604284828903576
20.6178977785246	0.257962533875614	0.604074932248771
20.6221453795258	0.258067482203016	0.603865035593967
20.6263947310287	0.258172430530419	0.603655138939163
20.6306458341156	0.258277378857821	0.603445242284359
20.6348986898697	0.258382327185223	0.603235345629554
20.639153299375	0.258487275512625	0.60302544897475
20.6434096637168	0.258592223840027	0.602815552319946
20.6476677839808	0.258697172167429	0.602605655665141
20.6519276612539	0.258802120494831	0.602395759010337
20.6561892966237	0.258907068822234	0.602185862355533
20.6604526911789	0.259012017149636	0.601975965700729
20.664717846009	0.259116965477038	0.601766069045924
20.6689847622044	0.25922191380444	0.60155617239112
20.6732534408563	0.259326862131842	0.601346275736316
20.677523883057	0.259431810459244	0.601136379081512
20.6817960898996	0.259536758786646	0.600926482426707
20.6860700624781	0.259641707114048	0.600716585771903
20.6903458018875	0.259746655441451	0.600506689117099
20.6946233092234	0.259851603768853	0.600296792462295
20.6989025855827	0.259956552096255	0.60008689580749
20.703183632063	0.26	0.599830334735858
20.7074664497629	0.26	0.59954080688172
20.7117510397817	0.26	0.599251279027583
20.7160374032199	0.26	0.598961751173446
20.7203255411786	0.26	0.598672223319308
20.7246154547602	0.26	0.598382695465171
20.7289071450677	0.26	0.598093167611033
20.7332006132051	0.26	0.597803639756896
20.7374958602774	0.26	0.597514111902758
20.7417928873903	0.26	0.597224584048621
20.7460916956507	0.26	0.596935056194483
20.7503922861662	0.26	0.596645528340346
20.7546946600454	0.26	0.596356000486209
20.7589988183978	0.26	0.596066472632071
20.7633047623339	0.26	0.595776944777934
20.767612492965	0.26	0.595487416923796
20.7719220114034	0.26	0.595197889069659
20.7762333187623	0.26	0.594908361215521
20.7805464161558	0.26	0.594618833361384
20.784861304699	0.26	0.594329305507246
20.7891779855079	0.26	0.594039777653109
20.7934964596993	0.26	0.593750249798972
20.7978167283911	0.26	0.593460721944834
20.8021387927021	0.26	0.593171194090697
20.806462653752	0.26	0.592881666236559
20.8107883126613	0.26	0.592592138382422
20.8151157705516	0.26	0.592302610528284
20.8194450285455	0.26	0.592013082674147
20.8237760877664	0.26	0.591723554820009
20.8281089493385	0.26	0.591434026965872
20.8324436143873	0.26	0.591144499111734
20.8367800840389	0.26	0.590854971257597
20.8411183594205	0.26	0.59056544340346
20.8454584416602	0.26	0.590275915549322
20.8498003318871	0.26	0.589986387695185
20.8541440312312	0.26	0.589696859841047
20.8584895408233	0.26	0.58940733198691
20.8628368617954	0.26	0.589117804132772
20.8671859952803	0.26	0.588828276278635
20.8715369424117	0.26	0.588538748424497
20.8758897043243	0.26	0.58824922057036
20.8802442821539	0.26	0.587959692716223
20.884600677037	0.26	0.587670164862085
20.8889588901111	0.26	0.587380637007948
20.8933189225148	0.26	0.58709110915381
20.8976807753875	0.26	0.586801581299673
20.9020444498697	0.26	0.586512053445535
20.9064099471026	0.26	0.586222525591398
20.9107772682286	0.26	0.58593299773726
20.915146414391	0.26	0.585643469883123
20.9195173867339	0.26	0.585353942028985
20.9238901864026	0.26	0.585064414174848
20.9282648145431	0.26	0.584774886320711
20.9326412723027	0.26	0.584485358466573
20.9370195608293	0.26	0.584195830612436
20.9413996812719	0.26	0.583906302758298
20.9457816347806	0.26	0.583616774904161
20.9501654225062	0.26	0.583327247050023
20.9545510456007	0.26	0.583037719195886
20.9589385052169	0.26	0.582748191341748
20.9633278025087	0.26	0.582458663487611
20.9677189386308	0.26	0.582169135633474
20.9721119147391	0.26	0.581879607779336
20.9765067319903	0.26	0.581590079925199
20.9809033915421	0.26	0.581300552071061
20.9853018945531	0.26	0.581011024216924
20.989702242183	0.26	0.580721496362786
20.9941044355924	0.26	0.580431968508649
20.998508475943	0.26	0.580142440654511
21.0029143643972	0.260057022115088	0.579885955769823
21.0073221021187	0.260169264993203	0.579661470013593
21.011731690272	0.260281507871319	0.579436984257363
21.0161431300225	0.260393750749434	0.579212498501133
21.0205564225367	0.260505993627549	0.578988012744903
21.0249715689822	0.260618236505664	0.578763526988672
21.0293885705273	0.260730479383779	0.578539041232442
21.0338074283415	0.260842722261894	0.578314555476212
21.0382281435952	0.260954965140009	0.578090069719982
21.0426507174597	0.261067208018124	0.577865583963752
21.0470751511075	0.261179450896239	0.577641098207522
21.0515014457119	0.261291693774354	0.577416612451291
21.0559296024472	0.261403936652469	0.577192126695061
21.0603596224888	0.261516179530585	0.576967640938831
21.0647915070131	0.2616284224087	0.576743155182601
21.0692252571973	0.261740665286815	0.576518669426371
21.0736608742198	0.26185290816493	0.576294183670141
21.0780983592597	0.261965151043045	0.57606969791391
21.0825377134976	0.26207739392116	0.57584521215768
21.0869789381146	0.262189636799275	0.57562072640145
21.091422034293	0.26230187967739	0.57539624064522
21.0958670032161	0.262414122555505	0.57517175488899
21.1003138460681	0.26252636543362	0.574947269132759
21.1047625640345	0.262638608311735	0.574722783376529
21.1092131583014	0.26275085118985	0.574498297620299
21.1136656300561	0.262863094067966	0.574273811864069
21.1181199804869	0.262975336946081	0.574049326107839
21.122576210783	0.263087579824196	0.573824840351609
21.1270343221349	0.263199822702311	0.573600354595378
21.1314943157337	0.263312065580426	0.573375868839148
21.1359561927718	0.263424308458541	0.573151383082918
21.1404199544424	0.263536551336656	0.572926897326688
21.1448856019399	0.263648794214771	0.572702411570458
21.1493531364596	0.263761037092886	0.572477925814227
21.1538225591979	0.263873279971001	0.572253440057997
21.1582938713521	0.263985522849116	0.572028954301767
21.1627670741205	0.264097765727232	0.571804468545537
21.1672421687025	0.264210008605347	0.571579982789307
21.1717191562985	0.264322251483462	0.571355497033077
21.17619803811	0.264434494361577	0.571131011276846
21.1806788153392	0.264546737239692	0.570906525520616
21.1851614891897	0.264658980117807	0.570682039764386
21.189646060866	0.264771222995922	0.570457554008156
21.1941325315734	0.264883465874037	0.570233068251926
21.1986209025186	0.264995708752152	0.570008582495696
21.2031111749089	0.265107951630267	0.569784096739465
21.207603349953	0.265220194508382	0.569559610983235
21.2120974288605	0.265332437386498	0.569335125227005
21.2165934128418	0.265444680264613	0.569110639470775
21.2210913031087	0.265556923142728	0.568886153714545
21.2255911008738	0.265669166020843	0.568661667958315
21.2300928073507	0.265781408898958	0.568437182202084
21.2345964237542	0.265893651777073	0.568212696445854
21.2391019513	0.266005894655188	0.567988210689624
21.2436093912049	0.266118137533303	0.567763724933394
21.2481187446866	0.266230380411418	0.567539239177164
21.2526300129641	0.266342623289533	0.567314753420933
21.2571431972571	0.266454866167648	0.567090267664703
21.2616582987867	0.266567109045763	0.566865781908473
21.2661753187747	0.266679351923879	0.566641296152243
21.270694258444	0.266791594801994	0.566416810396013
21.2752151190189	0.266903837680109	0.566192324639783
21.2797379017242	0.267016080558224	0.565967838883552
21.2842626077862	0.267128323436339	0.565743353127322
21.2887892384319	0.267240566314454	0.565518867371092
21.2933177948896	0.267352809192569	0.565294381614862
21.2978482783884	0.267465052070684	0.565069895858632
21.3023806901588	0.267577294948799	0.564845410102401
21.306915031432	0.267689537826914	0.564620924346171
21.3114513034403	0.26780178070503	0.564396438589941
21.3159895074173	0.267914023583145	0.564171952833711
21.3205296445974	0.26802626646126	0.563947467077481
21.3250717162162	0.268138509339375	0.563722981321251
21.3296157235102	0.26825075221749	0.56349849556502
21.334161667717	0.268362995095605	0.56327400980879
21.3387095500754	0.26847523797372	0.56304952405256
21.3432593718252	0.268587480851835	0.56282503829633
21.3478111342071	0.26869972372995	0.5626005525401
21.352364838463	0.268811966608065	0.56237606678387
21.3569204858358	0.26892420948618	0.562151581027639
21.3614780775695	0.269036452364295	0.561927095271409
21.3660376149092	0.269148695242411	0.561702609515179
21.370599099101	0.269260938120526	0.561478123758949
21.3751625313921	0.269373180998641	0.561253638002719
21.3797279130307	0.269485423876756	0.561029152246489
21.3842952452661	0.269597666754871	0.560804666490258
21.3888645293487	0.269709909632986	0.560580180734028
21.39343576653	0.269822152511101	0.560355694977798
21.3980089580625	0.269934395389216	0.560131209221568
21.4025841051997	0.270048415172154	0.559903169655691
21.4071612091963	0.270164934472248	0.559670131055503
21.4117402713082	0.270281453772342	0.559437092455315
21.416321292792	0.270397973072437	0.559204053855127
21.4209042749056	0.270514492372531	0.558971015254939
21.4254892189081	0.270631011672625	0.558737976654751
21.4300761260594	0.270747530972719	0.558504938054563
21.4346649976208	0.270864050272813	0.558271899454374
21.4392558348543	0.270980569572907	0.558038860854186
21.4438486390233	0.271097088873001	0.557805822253998
21.4484434113921	0.271213608173095	0.55757278365381
21.4530401532262	0.271330127473189	0.557339745053622
21.4576388657921	0.271446646773283	0.557106706453434
21.4622395503575	0.271563166073377	0.556873667853246
21.466842208191	0.271679685373471	0.556640629253057
21.4714468405625	0.271796204673565	0.556407590652869
21.4760534487428	0.271912723973659	0.556174552052681
21.4806620340039	0.272029243273754	0.555941513452493
21.4852725976189	0.272145762573848	0.555708474852305
21.4898851408619	0.272262281873942	0.555475436252117
21.4944996650082	0.272378801174036	0.555242397651929
21.4991161713342	0.27249532047413	0.55500935905174
21.5037346611173	0.272611839774224	0.554776320451552
21.508355135636	0.272728359074318	0.554543281851364
21.51297759617	0.272844878374412	0.554310243251176
21.5176020440001	0.272961397674506	0.554077204650988
21.522228480408	0.2730779169746	0.5538441660508
21.5268569066768	0.273194436274694	0.553611127450611
21.5314873240904	0.273310955574788	0.553378088850423
21.5361197339342	0.273427474874882	0.553145050250235
21.5407541374942	0.273543994174976	0.552912011650047
21.5453905360579	0.273660513475071	0.552678973049859
21.5500289309138	0.273777032775165	0.552445934449671
21.5546693233515	0.273893552075259	0.552212895849483
21.5593117146616	0.274010071375353	0.551979857249294
21.5639561061361	0.274126590675447	0.551746818649106
21.5686024990677	0.274243109975541	0.551513780048918
21.5732508947506	0.274359629275635	0.55128074144873
21.5779012944799	0.274476148575729	0.551047702848542
21.5825536995519	0.274592667875823	0.550814664248354
21.5872081112639	0.274709187175917	0.550581625648166
21.5918645309146	0.274825706476011	0.550348587047977
21.5965229598035	0.274942225776105	0.550115548447789
21.6011833992313	0.275058745076199	0.549882509847601
21.6058458505001	0.275175264376294	0.549649471247413
21.6105103149127	0.275291783676388	0.549416432647225
21.6151767937733	0.275408302976482	0.549183394047037
21.6198452883871	0.275524822276576	0.548950355446849
21.6245158000606	0.27564134157667	0.54871731684666
21.6291883301012	0.275757860876764	0.548484278246472
21.6338628798176	0.275874380176858	0.548251239646284
21.6385394505196	0.275990899476952	0.548018201046096
21.643218043518	0.276107418777046	0.547785162445908
21.647898660125	0.27622393807714	0.54755212384572
21.6525813016536	0.276340457377234	0.547319085245532
21.6572659694182	0.276456976677328	0.547086046645343
21.6619526647343	0.276573495977422	0.546853008045155
21.6666413889184	0.276690015277516	0.546619969444967
21.6713321432882	0.276806534577611	0.546386930844779
21.6760249291628	0.276923053877705	0.546153892244591
21.6807197478619	0.277039573177799	0.545920853644403
21.6854166007069	0.277156092477893	0.545687815044214
21.6901154890199	0.277272611777987	0.545454776444026
21.6948164141245	0.277389131078081	0.545221737843838
21.6995193773453	0.277505650378175	0.54498869924365
21.704224380008	0.277622169678269	0.544755660643462
21.7089314234394	0.277738688978363	0.544522622043274
21.7136405089677	0.277855208278457	0.544289583443086
21.7183516379221	0.277971727578551	0.544056544842897
21.7230648116328	0.278088246878645	0.543823506242709
21.7277800314314	0.278204766178739	0.543590467642521
21.7324972986506	0.278321285478834	0.543357429042333
21.7372166146241	0.278437804778928	0.543124390442145
21.7419379806871	0.278554324079022	0.542891351841957
21.7466613981755	0.278670843379116	0.542658313241769
21.7513868684267	0.27878736267921	0.54242527464158
21.7561143927792	0.278903881979304	0.542192236041392
21.7608439725726	0.279020401279398	0.541959197441204
21.7655756091477	0.279136920579492	0.541726158841016
21.7703093038465	0.279253439879586	0.541493120240828
21.775045058012	0.27936995917968	0.54126008164064
21.7797828729886	0.279486478479774	0.541027043040452
21.7845227501217	0.279602997779868	0.540794004440263
21.789264690758	0.279719517079962	0.540560965840075
21.7940086962453	0.279836036380056	0.540327927239887
21.7987547679326	0.279952555680151	0.540094888639699
21.8035029071701	0.280095099992229	0.539809800015542
21.808253115309	0.280255519647714	0.539488960704572
21.8130053937018	0.280415939303199	0.539168121393602
21.8177597437024	0.280576358958684	0.538847282082632
21.8225161666655	0.280736778614169	0.538526442771662
21.8272746639473	0.280897198269654	0.538205603460692
21.8320352369049	0.281057617925139	0.537884764149722
21.8367978868967	0.281218037580624	0.537563924838751
21.8415626152825	0.281378457236109	0.537243085527781
21.8463294234229	0.281538876891594	0.536922246216811
21.85109831268	0.281699296547079	0.536601406905841
21.855869284417	0.281859716202564	0.536280567594871
21.8606423399981	0.282020135858049	0.535959728283901
21.865417480789	0.282180555513535	0.535638888972931
21.8701947081565	0.28234097516902	0.535318049661961
21.8749740234683	0.282501394824505	0.534997210350991
21.8797554280938	0.28266181447999	0.534676371040021
21.8845389234032	0.282822234135475	0.534355531729051
21.8893245107681	0.28298265379096	0.534034692418081
21.8941121915612	0.283143073446445	0.533713853107111
21.8989019671565	0.28330349310193	0.53339301379614
21.903693838929	0.283463912757415	0.53307217448517
21.9084878082552	0.2836243324129	0.5327513351742
21.9132838765125	0.283784752068385	0.53243049586323
21.9180820450798	0.28394517172387	0.53210965655226
21.922882315337	0.284105591379355	0.53178881724129
21.9276846886653	0.28426601103484	0.53146797793032
21.932489166447	0.284426430690325	0.53114713861935
21.9372957500658	0.28458685034581	0.53082629930838
21.9421044409064	0.284747270001295	0.53050545999741
21.9469152403549	0.28490768965678	0.53018462068644
21.9517281497986	0.285068109312265	0.52986378137547
21.9565431706258	0.28522852896775	0.5295429420645
21.9613603042263	0.285388948623235	0.529222102753529
21.966179551991	0.28554936827872	0.528901263442559
21.9710009153119	0.285709787934205	0.528580424131589
21.9758243955824	0.285870207589691	0.528259584820619
21.9806499941971	0.286030627245175	0.527938745509649
21.9854777125517	0.28619104690066	0.527617906198679
21.9903075520434	0.286351466556146	0.527297066887709
21.9951395140702	0.286511886211631	0.526976227576739
21.9999736000317	0.286672305867116	0.526655388265769
22.0048098113286	0.286832725522601	0.526334548954799
22.0096481493628	0.286993145178086	0.526013709643829
22.0144886155374	0.287153564833571	0.525692870332859
22.019331211257	0.287313984489056	0.525372031021889
22.0241759379271	0.287474404144541	0.525051191710918
22.0290227969545	0.287634823800026	0.524730352399948
22.0338717897475	0.287795243455511	0.524409513088978
22.0387229177153	0.287955663110996	0.524088673778008
22.0435761822686	0.288116082766481	0.523767834467038
22.0484315848192	0.288276502421966	0.523446995156068
22.0532891267802	0.288436922077451	0.523126155845098
22.0581488095658	0.288597341732936	0.522805316534128
22.0630106345918	0.288757761388421	0.522484477223158
22.0678746032748	0.288918181043906	0.522163637912188
22.072740717033	0.289078600699391	0.521842798601218
22.0776089772857	0.289239020354876	0.521521959290248
22.0824793854534	0.289399440010361	0.521201119979278
22.0873519429581	0.289559859665846	0.520880280668307
22.0922266512227	0.289720279321331	0.520559441357337
22.0971035116717	0.289880698976816	0.520238602046367
22.1019825257306	0.290031833646846	0.519936332706307
22.1068636948262	0.290156028990274	0.519687942019453
22.1117470203868	0.290280224333701	0.519439551332598
22.1166325038417	0.290404419677128	0.519191160645744
22.1215201466214	0.290528615020555	0.518942769958889
22.126409950158	0.290652810363983	0.518694379272035
22.1313019158847	0.29077700570741	0.51844598858518
22.1361960452358	0.290901201050837	0.518197597898326
22.141092339647	0.291025396394265	0.517949207211471
22.1459908005554	0.291149591737692	0.517700816524617
22.1508914293992	0.291273787081119	0.517452425837762
22.155794227618	0.291397982424546	0.517204035150908
22.1606991966525	0.291522177767974	0.516955644464053
22.1656063379448	0.291646373111401	0.516707253777199
22.1705156529383	0.291770568454828	0.516458863090344
22.1754271430776	0.291894763798255	0.51621047240349
22.1803408098087	0.292018959141683	0.515962081716635
22.1852566545787	0.29214315448511	0.51571369102978
22.1901746788361	0.292267349828537	0.515465300342926
22.1950948840306	0.292391545171964	0.515216909656071
22.2000172716134	0.292515740515392	0.514968518969217
22.2049418430368	0.292639935858819	0.514720128282362
22.2098685997544	0.292764131202246	0.514471737595508
22.2147975432211	0.292888326545673	0.514223346908653
22.2197286748932	0.293012521889101	0.513974956221799
22.224661996228	0.293136717232528	0.513726565534944
22.2295975086845	0.293260912575955	0.51347817484809
22.2345352137228	0.293385107919382	0.513229784161235
22.2394751128042	0.29350930326281	0.512981393474381
22.2444172073914	0.293633498606237	0.512733002787526
22.2493614989484	0.293757693949664	0.512484612100672
22.2543079889405	0.293881889293091	0.512236221413817
22.2592566788343	0.294006084636519	0.511987830726963
22.2642075700977	0.294130279979946	0.511739440040108
22.2691606642	0.294254475323373	0.511491049353254
22.2741159626116	0.2943786706668	0.511242658666399
22.2790734668043	0.294502866010228	0.510994267979545
22.2840331782513	0.294627061353655	0.51074587729269
22.2889950984271	0.294751256697082	0.510497486605836
22.2939592288074	0.294875452040509	0.510249095918981
22.2989255708692	0.294999647383937	0.510000705232127
22.3038941260911	0.295123842727364	0.509752314545272
22.3088648959526	0.295248038070791	0.509503923858418
22.3138378819348	0.295372233414218	0.509255533171563
22.3188130855201	0.295496428757646	0.509007142484709
22.3237905081922	0.295620624101073	0.508758751797854
22.328770151436	0.2957448194445	0.508510361111
22.3337520167378	0.295869014787927	0.508261970424145
22.3387361055854	0.295993210131355	0.508013579737291
22.3437224194676	0.296117405474782	0.507765189050436
22.3487109598749	0.296241600818209	0.507516798363582
22.3537017282988	0.296365796161636	0.507268407676727
22.3586947262323	0.296489991505064	0.507020016989873
22.3636899551698	0.296614186848491	0.506771626303018
22.3686874166067	0.296738382191918	0.506523235616164
22.3736871120403	0.296862577535346	0.506274844929309
22.3786890429686	0.296986772878773	0.506026454242455
22.3836932108915	0.2971109682222	0.5057780635556
22.38869961731	0.297235163565627	0.505529672868746
22.3937082637262	0.297359358909055	0.505281282181891
22.398719151644	0.297483554252482	0.505032891495037
22.4037322825684	0.297607749595909	0.504784500808182
22.4087476580058	0.297731944939336	0.504536110121328
22.4137652794638	0.297856140282763	0.504287719434473
22.4187851484516	0.297980335626191	0.504039328747619
22.4238072664796	0.298104530969618	0.503790938060764
22.4288316350596	0.298228726313045	0.50354254737391
22.4338582557047	0.298352921656473	0.503294156687055
22.4388871299295	0.2984771169999	0.5030457660002
22.4439182592497	0.298601312343327	0.502797375313346
22.4489516451826	0.298725507686754	0.502548984626492
22.4539872892469	0.298849703030182	0.502300593939637
22.4590251929623	0.298973898373609	0.502052203252783
22.4640653578503	0.299098093717036	0.501803812565928
22.4691077854335	0.299222289060463	0.501555421879073
22.4741524772359	0.299346484403891	0.501307031192219
22.479199434783	0.299470679747318	0.501058640505365
22.4842486596015	0.299594875090745	0.50081024981851
22.4893001532196	0.299719070434172	0.500561859131655
22.4943539171668	0.2998432657776	0.500313468444801
22.499409952974	0.299967461121027	0.500065077757946
22.5044682621735	0.300076307698472	0.499847384603055
22.5095288462989	0.300179705324318	0.499640589351365
22.5145917068852	0.300283102950163	0.499433794099674
22.519656845469	0.300386500576008	0.499226998847984
22.5247242635879	0.300489898201853	0.499020203596294
22.5297939627812	0.300593295827699	0.498813408344603
22.5348659445895	0.300696693453544	0.498606613092913
22.5399402105546	0.300800091079389	0.498399817841222
22.54501676222	0.300903488705234	0.498193022589532
22.5500956011303	0.301006886331079	0.497986227337841
22.5551767288317	0.301110283956925	0.497779432086151
22.5602601468718	0.30121368158277	0.49757263683446
22.5653458567994	0.301317079208615	0.49736584158277
22.5704338601649	0.30142047683446	0.497159046331079
22.5755241585199	0.301523874460306	0.496952251079389
22.5806167534176	0.301627272086151	0.496745455827699
22.5857116464126	0.301730669711996	0.496538660576008
22.5908088390606	0.301834067337841	0.496331865324318
22.5959083329191	0.301937464963687	0.496125070072627
22.6010101295467	0.302040862589532	0.495918274820937
22.6061142305037	0.302144260215377	0.495711479569246
22.6112206373515	0.302247657841222	0.495504684317556
22.6163293516532	0.302351055467067	0.495297889065865
22.621440374973	0.302454453092913	0.495091093814175
22.6265537088768	0.302557850718758	0.494884298562484
22.6316693549318	0.302661248344603	0.494677503310794
22.6367873147066	0.302764645970448	0.494470708059103
22.6419075897712	0.302868043596294	0.494263912807413
22.6470301816971	0.302971441222139	0.494057117555722
22.6521550920572	0.303074838847984	0.493850322304032
22.6572823224258	0.303178236473829	0.493643527052342
22.6624118743786	0.303281634099674	0.493436731800651
22.6675437494928	0.30338503172552	0.493229936548961
22.672677949347	0.303488429351365	0.49302314129727
22.6778144755211	0.30359182697721	0.49281634604558
22.6829533295967	0.303695224603055	0.492609550793889
22.6880945131566	0.303798622228901	0.492402755542199
22.6932380277851	0.303902019854746	0.492195960290508
22.6983838750681	0.304005417480591	0.491989165038818
22.7035320565926	0.304108815106436	0.491782369787127
22.7086825739474	0.304212212732282	0.491575574535437
22.7138354287225	0.304315610358127	0.491368779283747
22.7189906225094	0.304419007983972	0.491161984032056
22.7241481569012	0.304522405609817	0.490955188780366
22.7293080334921	0.304625803235662	0.490748393528675
22.7344702538781	0.304729200861508	0.490541598276985
22.7396348196565	0.304832598487353	0.490334803025294
22.7448017324261	0.304935996113198	0.490128007773604
22.749970993787	0.305039393739043	0.489921212521913
22.755142605341	0.305142791364889	0.489714417270223
22.7603165686911	0.305246188990734	0.489507622018532
22.765492885442	0.305349586616579	0.489300826766842
22.7706715571997	0.305452984242424	0.489094031515152
22.7758525855717	0.30555638186827	0.488887236263461
22.781035972167	0.305659779494115	0.488680441011771
22.7862217185961	0.30576317711996	0.48847364576008
22.7914098264708	0.305866574745805	0.48826685050839
22.7966002974044	0.30596997237165	0.488060055256699
22.801793133012	0.306073369997496	0.487853260005009
22.8069883349097	0.306176767623341	0.487646464753318
22.8121859047153	0.306280165249186	0.487439669501628
22.8173858440482	0.306383562875031	0.487232874249937
22.822588154529	0.306486960500877	0.487026078998247
22.82779283778	0.306590358126722	0.486819283746556
22.8329998954249	0.306693755752567	0.486612488494866
22.8382093290888	0.306797153378412	0.486405693243176
22.8434211403984	0.306900551004258	0.486198897991485
22.8486353309819	0.307003948630103	0.485992102739795
22.8538519024689	0.307107346255948	0.485785307488104
22.8590708564905	0.307210743881793	0.485578512236414
22.8642921946794	0.307314141507638	0.485371716984723
22.8695159186696	0.307417539133484	0.485164921733033
22.8747420300968	0.307520936759329	0.484958126481342
22.879970530598	0.307624334385174	0.484751331229652
22.8852014218118	0.307727732011019	0.484544535977961
22.8904347053784	0.307831129636865	0.484337740726271
22.8956703829392	0.30793452726271	0.484130945474581
22.9009084561375	0.308037924888555	0.48392415022289
22.9061489266179	0.3081413225144	0.4837173549712
22.9113917960263	0.308244720140246	0.483510559719509
22.9166370660105	0.308348117766091	0.483303764467819
22.9218847382195	0.308451515391936	0.483096969216128
22.927134814304	0.308554913017781	0.482890173964438
22.9323872959161	0.308658310643626	0.482683378712747
22.9376421847095	0.308761708269472	0.482476583461057
22.9428994823394	0.308865105895317	0.482269788209366
22.9481591904624	0.308968503521162	0.482062992957676
22.9534213107368	0.309071901147007	0.481856197705985
22.9586858448222	0.309175298772853	0.481649402454295
22.9639527943801	0.309278696398698	0.481442607202605
22.969222161073	0.309382094024543	0.481235811950914
22.9744939465655	0.309485491650388	0.481029016699224
22.9797681525232	0.309588889276233	0.480822221447533
22.9850447806135	0.309692286902079	0.480615426195843
22.9903238325054	0.309795684527924	0.480408630944152
22.9956053098692	0.309899082153769	0.480201835692462
23.000889214377	0.310003223928804	0.479990328213588
23.0061755477023	0.310137649819839	0.479587050540482
23.01146431152	0.310272075710875	0.479183772867376
23.0167555075068	0.31040650160191	0.47878049519427
23.0220491373408	0.310540927492946	0.478377217521163
23.0273452027017	0.310675353383981	0.477973939848057
23.0326437052706	0.310809779275016	0.477570662174951
23.0379446467304	0.310944205166052	0.477167384501845
23.0432480287653	0.311078631057087	0.476764106828739
23.0485538530613	0.311213056948122	0.476360829155633
23.0538621213057	0.311347482839158	0.475957551482527
23.0591728351876	0.311481908730193	0.47555427380942
23.0644859963973	0.311616334621229	0.475150996136314
23.0698016066271	0.311750760512264	0.474747718463208
23.0751196675706	0.311885186403299	0.474344440790102
23.080440180923	0.312019612294335	0.473941163116996
23.085763148381	0.31215403818537	0.47353788544389
23.091088571643	0.312288464076405	0.473134607770784
23.0964164524089	0.312422889967441	0.472731330097677
23.1017467923802	0.312557315858476	0.472328052424571
23.1070795932599	0.312691741749512	0.471924774751465
23.1124148567527	0.312826167640547	0.471521497078359
23.1177525845647	0.312960593531582	0.471118219405253
23.1230927784038	0.313095019422618	0.470714941732147
23.1284354399792	0.313229445313653	0.470311664059041
23.1337805710019	0.313363871204689	0.469908386385934
23.1391281731843	0.313498297095724	0.469505108712828
23.1444782482407	0.313632722986759	0.469101831039722
23.1498307978867	0.313767148877795	0.468698553366616
23.1551858238395	0.31390157476883	0.46829527569351
23.160543327818	0.314036000659865	0.467891998020404
23.1659033115427	0.314170426550901	0.467488720347298
23.1712657767356	0.314304852441936	0.467085442674191
23.1766307251203	0.314439278332972	0.466682165001085
23.1819981584221	0.314573704224007	0.466278887327979
23.1873680783677	0.314708130115042	0.465875609654873
23.1927404866857	0.314842556006078	0.465472331981767
23.1981153851061	0.314976981897113	0.465069054308661
23.2034927753605	0.315111407788148	0.464665776635555
23.2088726591821	0.315245833679184	0.464262498962449
23.2142550383058	0.315380259570219	0.463859221289342
23.2196399144681	0.315514685461254	0.463455943616236
23.2250272894071	0.31564911135229	0.46305266594313
23.2304171648623	0.315783537243325	0.462649388270024
23.2358095425752	0.315917963134361	0.462246110596918
23.2412044242886	0.316052389025396	0.461842832923812
23.2466018117472	0.316186814916431	0.461439555250706
23.2520017066969	0.316321240807467	0.4610362775776
23.2574041108857	0.316455666698502	0.460632999904493
23.262809026063	0.316590092589538	0.460229722231387
23.2682164539797	0.316724518480573	0.459826444558281
23.2736263963885	0.316858944371608	0.459423166885175
23.2790388550438	0.316993370262644	0.459019889212069
23.2844538317014	0.317127796153679	0.458616611538963
23.2898713281189	0.317262222044714	0.458213333865857
23.2952913460555	0.31739664793575	0.45781005619275
23.3007138872721	0.317531073826785	0.457406778519644
23.3061389535311	0.317665499717821	0.457003500846538
23.3115665465966	0.317799925608856	0.456600223173432
23.3169966682343	0.317934351499891	0.456196945500326
23.3224293202118	0.318068777390927	0.45579366782722
23.327864504298	0.318203203281962	0.455390390154114
23.3333022222637	0.318337629172997	0.454987112481007
23.3387424758812	0.318472055064033	0.454583834807901
23.3441852669244	0.318606480955068	0.454180557134795
23.3496305971691	0.318740906846104	0.453777279461689
23.3550784683926	0.318875332737139	0.453374001788583
23.3605288823739	0.319009758628174	0.452970724115477
23.3659818408936	0.31914418451921	0.452567446442371
23.3714373457339	0.319278610410245	0.452164168769265
23.3768953986789	0.31941303630128	0.451760891096158
23.3823560015142	0.319547462192316	0.451357613423052
23.3878191560272	0.319681888083351	0.450954335749946
23.3932848640067	0.319816313974387	0.45055105807684
23.3987531272434	0.319950739865422	0.450147780403734
23.4042239475296	0.32	0.449858405398773
23.4096973266594	0.32	0.449634912046193
23.4151732664284	0.32	0.449411418693613
23.4206517686339	0.32	0.449187925341032
23.4261328350751	0.32	0.448964431988452
23.4316164675526	0.32	0.448740938635872
23.4371026678688	0.32	0.448517445283291
23.4425914378279	0.32	0.448293951930711
23.4480827792356	0.32	0.448070458578131
23.4535766938994	0.32	0.447846965225551
23.4590731836285	0.32	0.44762347187297
23.4645722502337	0.32	0.44739997852039
23.4700738955277	0.32	0.44717648516781
23.4755781213246	0.32	0.446952991815229
23.4810849294405	0.32	0.446729498462649
23.4865943216931	0.32	0.446506005110069
23.4921062999016	0.32	0.446282511757488
23.4976208658873	0.32	0.446059018404908
23.5031380214729	0.32	0.445835525052328
23.508657768483	0.32	0.445612031699748
23.5141801087437	0.32	0.445388538347167
23.519705044083	0.32	0.445165044994587
23.5252325763306	0.32	0.444941551642007
23.5307627073178	0.32	0.444718058289426
23.5362954388778	0.32	0.444494564936846
23.5418307728453	0.32	0.444271071584266
23.5473687110571	0.32	0.444047578231686
23.5529092553512	0.32	0.443824084879105
23.5584524075678	0.32	0.443600591526525
23.5639981695486	0.32	0.443377098173945
23.5695465431371	0.32	0.443153604821364
23.5750975301785	0.32	0.442930111468784
23.5806511325197	0.32	0.442706618116204
23.5862073520095	0.32	0.442483124763623
23.5917661904983	0.32	0.442259631411043
23.5973276498383	0.32	0.442036138058463
23.6028917318834	0.32	0.441812644705882
23.6084584384893	0.32	0.441589151353302
23.6140277715135	0.32	0.441365658000722
23.6195997328151	0.32	0.441142164648142
23.625174324255	0.32	0.440918671295561
23.6307515476961	0.32	0.440695177942981
23.6363314050026	0.32	0.440471684590401
23.6419138980409	0.32	0.44024819123782
23.647499028679	0.32	0.44002469788524
23.6530867987865	0.32	0.43980120453266
23.658677210235	0.32	0.439577711180079
23.6642702648978	0.32	0.439354217827499
23.66986596465	0.32	0.439130724474919
23.6754643113683	0.32	0.438907231122339
23.6810653069315	0.32	0.438683737769758
23.6866689532198	0.32	0.438460244417178
23.6922752521154	0.32	0.438236751064598
23.6978842055024	0.32	0.438013257712017
23.7034958152663	0.32	0.437789764359437
23.7091100832948	0.32	0.437566271006857
23.7147270114772	0.32	0.437342777654277
23.7203466017045	0.32	0.437119284301696
23.7259688558697	0.32	0.436895790949116
23.7315937758674	0.32	0.436672297596536
23.7372213635942	0.32	0.436448804243955
23.7428516209482	0.32	0.436225310891375
23.7484845498297	0.32	0.436001817538795
23.7541201521404	0.32	0.435778324186214
23.7597584297841	0.32	0.435554830833634
23.7653993846663	0.32	0.435331337481054
23.7710430186943	0.32	0.435107844128474
23.7766893337772	0.32	0.434884350775893
23.7823383318259	0.32	0.434660857423313
23.7879900147533	0.32	0.434437364070733
23.7936443844739	0.32	0.434213870718152
23.799301442904	0.32	0.433990377365572
23.804961191962	0.32	0.433766884012992
23.8106236335678	0.32	0.433543390660411
23.8162887696434	0.32	0.433319897307831
23.8219566021123	0.32	0.433096403955251
23.8276271329003	0.32	0.432872910602671
23.8333003639345	0.32	0.43264941725009
23.8389762971443	0.32	0.43242592389751
23.8446549344606	0.32	0.43220243054493
23.8503362778163	0.32	0.431978937192349
23.8560203291463	0.32	0.431755443839769
23.861707090387	0.32	0.431531950487189
23.8673965634768	0.32	0.431308457134609
23.873088750356	0.32	0.431084963782028
23.8787836529668	0.32	0.430861470429448
23.884481273253	0.32	0.430637977076868
23.8901816131606	0.32	0.430414483724287
23.8958846746372	0.32	0.430190990371707
23.9015904596324	0.320021095153999	0.429915619384003
23.9072989700975	0.320166147286567	0.42933541085373
23.9130102079858	0.320311199419136	0.428755202323457
23.9187241752525	0.320456251551704	0.428174993793184
23.9244408738546	0.320601303684272	0.427594785262911
23.9301603057509	0.32074635581684	0.427014576732639
23.9358824729022	0.320891407949408	0.426434368202366
23.9416073772711	0.321036460081977	0.425854159672093
23.9473350208222	0.321181512214545	0.42527395114182
23.9530654055218	0.321326564347113	0.424693742611547
23.9587985333382	0.321471616479681	0.424113534081274
23.9645344062415	0.32161666861225	0.423533325551001
23.9702730262038	0.321761720744818	0.422953117020729
23.976014395199	0.321906772877386	0.422372908490456
23.981758515203	0.322051825009954	0.421792699960183
23.9875053881934	0.322196877142522	0.42121249142991
23.9932550161499	0.322341929275091	0.420632282899637
23.9990074010539	0.322486981407659	0.420052074369364
24.0047625448889	0.322632033540227	0.419471865839092
24.0105204496402	0.322777085672795	0.418891657308819
24.016281117295	0.322922137805363	0.418311448778546
24.0220445498425	0.323067189937932	0.417731240248273
24.0278107492736	0.3232122420705	0.417151031718
24.0335797175814	0.323357294203068	0.416570823187727
24.0393514567607	0.323502346335636	0.415990614657454
24.0451259688082	0.323647398468205	0.415410406127181
24.0509032557227	0.323792450600773	0.414830197596909
24.0566833195048	0.323937502733341	0.414249989066636
24.062466162157	0.324082554865909	0.413669780536363
24.0682517856838	0.324227606998477	0.41308957200609
24.0740401920916	0.324372659131046	0.412509363475817
24.0798313833887	0.324517711263614	0.411929154945544
24.0856253615855	0.324662763396182	0.411348946415271
24.091422128694	0.32480781552875	0.410768737884999
24.0972216867284	0.324952867661319	0.410188529354726
24.1030240377048	0.325097919793887	0.409608320824453
24.1088291836413	0.325242971926455	0.40902811229418
24.1146371265577	0.325388024059023	0.408447903763907
24.120447868476	0.325533076191591	0.407867695233634
24.1262614114201	0.32567812832416	0.407287486703361
24.1320777574157	0.325823180456728	0.406707278173088
24.1378969084906	0.325968232589296	0.406127069642816
24.1437188666745	0.326113284721864	0.405546861112543
24.1495436339992	0.326258336854433	0.40496665258227
24.1553712124982	0.326403388987001	0.404386444051997
24.1612016042071	0.326548441119569	0.403806235521724
24.1670348111636	0.326693493252137	0.403226026991451
24.1728708354072	0.326838545384705	0.402645818461178
24.1787096789793	0.326983597517274	0.402065609930905
24.1845513439234	0.327128649649842	0.401485401400633
24.1903958322851	0.32727370178241	0.40090519287036
24.1962431461117	0.327418753914978	0.400324984340087
24.2020932874526	0.327563806047546	0.399744775809814
24.2079462583593	0.327708858180115	0.399164567279541
24.2138020608851	0.327853910312683	0.398584358749268
24.2196606970854	0.327998962445251	0.398004150218995
24.2255221690176	0.328144014577819	0.397423941688722
24.231386478741	0.328289066710388	0.39684373315845
24.2372536283169	0.328434118842956	0.396263524628177
24.2431236198087	0.328579170975524	0.395683316097904
24.2489964552817	0.328724223108092	0.395103107567631
24.2548721368033	0.32886927524066	0.394522899037358
24.2607506664428	0.329014327373229	0.393942690507085
24.2666320462716	0.329159379505797	0.393362481976812
24.272516278363	0.329304431638365	0.392782273446539
24.2784033647925	0.329449483770933	0.392202064916267
24.2842933076373	0.329594535903501	0.391621856385994
24.290186108977	0.32973958803607	0.391041647855721
24.2960817708928	0.329884640168638	0.390461439325448
24.3019802954683	0.32997535310975	0.389926059329251
24.307881684789	0.329854948700301	0.389564846100904
24.3137859409423	0.329734544290852	0.389203632872558
24.3196930660178	0.329614139881404	0.388842419644211
24.3256030621069	0.329493735471955	0.388481206415865
24.3315159313034	0.329373331062506	0.388119993187518
24.3374316757028	0.329252926653057	0.387758779959172
24.3433502974027	0.329132522243608	0.387397566730825
24.349271798503	0.32901211783416	0.387036353502479
24.3551961811052	0.328891713424711	0.386675140274132
24.3611234473133	0.328771309015262	0.386313927045786
24.3670535992331	0.328650904605813	0.38595271381744
24.3729866389725	0.328530500196364	0.385591500589093
24.3789225686413	0.328410095786915	0.385230287360747
24.3848613903516	0.328289691377467	0.3848690741324
24.3908031062176	0.328169286968018	0.384507860904054
24.3967477183552	0.328048882558569	0.384146647675707
24.4026952288826	0.32792847814912	0.383785434447361
24.4086456399202	0.327808073739671	0.383424221219014
24.4145989535903	0.327687669330223	0.383063007990668
24.4205551720172	0.327567264920774	0.382701794762321
24.4265142973274	0.327446860511325	0.382340581533975
24.4324763316494	0.327326456101876	0.381979368305629
24.4384412771138	0.327206051692427	0.381618155077282
24.4444091358535	0.327085647282979	0.381256941848936
24.450379910003	0.32696524287353	0.380895728620589
24.4563536016994	0.326844838464081	0.380534515392243
24.4623302130816	0.326724434054632	0.380173302163896
24.4683097462906	0.326604029645183	0.37981208893555
24.4742922034695	0.326483625235734	0.379450875707203
24.4802775867636	0.326363220826286	0.379089662478857
24.4862658983203	0.326242816416837	0.378728449250511
24.492257140289	0.326122412007388	0.378367236022164
24.4982513148212	0.326002007597939	0.378006022793818
24.5042484240705	0.32588160318849	0.377644809565471
24.5102484701928	0.325761198779041	0.377283596337125
24.516251455346	0.325640794369593	0.376922383108778
24.5222573816899	0.325520389960144	0.376561169880432
24.5282662513868	0.325399985550695	0.376199956652085
24.5342780666008	0.325279581141246	0.375838743423739
24.5402928294982	0.325159176731797	0.375477530195392
24.5463105422476	0.325038772322349	0.375116316967046
24.5523312070196	0.3249183679129	0.374755103738699
24.5583548259869	0.324797963503451	0.374393890510353
24.5643814013243	0.324677559094002	0.374032677282007
24.5704109352088	0.324557154684553	0.37367146405366
24.5764434298196	0.324436750275104	0.373310250825314
24.582478887338	0.324316345865656	0.372949037596967
24.5885173099474	0.324195941456207	0.372587824368621
24.5945586998333	0.324075537046758	0.372226611140274
24.6006030591834	0.323955132637309	0.371865397911928
24.6066503901877	0.32383472822786	0.371504184683581
24.6127006950381	0.323714323818412	0.371142971455235
24.6187539759288	0.323593919408963	0.370781758226888
24.6248102350561	0.323473514999514	0.370420544998542
24.6308694746186	0.323353110590065	0.370059331770195
24.6369316968169	0.323232706180616	0.369698118541849
24.6429969038539	0.323112301771168	0.369336905313503
24.6490650979344	0.322991897361719	0.368975692085156
24.6551362812658	0.32287149295227	0.36861447885681
24.6612104560573	0.322751088542821	0.368253265628463
24.6672876245205	0.322630684133372	0.367892052400117
24.673367788869	0.322510279723923	0.36753083917177
24.6794509513188	0.322389875314475	0.367169625943424
24.6855371140879	0.322269470905026	0.366808412715077
24.6916262793966	0.322149066495577	0.366447199486731
24.6977184494674	0.322028662086128	0.366085986258385
24.7038136265248	0.321908257676679	0.365724773030038
24.7099118127957	0.32178785326723	0.365363559801691
24.7160130105093	0.321667448857782	0.365002346573345
24.7221172218966	0.321547044448333	0.364641133344999
24.7282244491912	0.321426640038884	0.364279920116652
24.7343346946287	0.321306235629435	0.363918706888306
24.740447960447	0.321185831219986	0.363557493659959
24.7465642488861	0.321065426810538	0.363196280431613
24.7526835621884	0.320945022401089	0.362835067203266
24.7588059025984	0.32082461799164	0.36247385397492
24.7649312723627	0.320704213582191	0.362112640746573
24.7710596737305	0.320583809172742	0.361751427518227
24.7771911089527	0.320463404763293	0.361390214289881
24.783325580283	0.320343000353845	0.361029001061534
24.7894630899768	0.320222595944396	0.360667787833188
24.7956036402922	0.320102191534947	0.360306574604841
24.8017472334891	0.32	0.359943104816277
24.80789387183	0.32	0.359566973580322
24.8140435575795	0.32	0.359190842344367
24.8201962930044	0.32	0.358814711108412
24.8263520803738	0.32	0.358438579872457
24.8325109219591	0.32	0.358062448636502
24.8386728200339	0.32	0.357686317400547
24.844837776874	0.32	0.357310186164592
24.8510057947575	0.32	0.356934054928637
24.8571768759649	0.32	0.356557923692682
24.8633510227788	0.32	0.356181792456726
24.8695282374841	0.32	0.355805661220771
24.875708522368	0.32	0.355429529984816
24.8818918797199	0.32	0.355053398748861
24.8880783118317	0.32	0.354677267512906
24.8942678209973	0.32	0.354301136276951
24.900460409513	0.32	0.353925005040996
24.9066560796774	0.32	0.353548873805041
24.9128548337914	0.32	0.353172742569086
24.9190566741582	0.32	0.352796611333131
24.9252616030832	0.32	0.352420480097176
24.9314696228741	0.32	0.352044348861221
24.9376807358411	0.32	0.351668217625266
24.9438949442965	0.32	0.351292086389311
24.950112250555	0.32	0.350915955153356
24.9563326569335	0.32	0.350539823917401
24.9625561657514	0.32	0.350163692681445
24.9687827793301	0.32	0.34978756144549
24.9750124999938	0.32	0.349411430209536
24.9812453300685	0.32	0.34903529897358
24.9874812718828	0.32	0.348659167737625
24.9937203277677	0.32	0.34828303650167
24.9999625000563	0.32	0.347906905265715
25.0062077910841	0.32	0.34753077402976
25.0124562031892	0.32	0.347154642793805
25.0187077387116	0.32	0.34677851155785
25.024962399994	0.32	0.346402380321895
25.0312201893812	0.32	0.34602624908594
25.0374811092205	0.32	0.345650117849985
25.0437451618615	0.32	0.34527398661403
25.0500123496561	0.32	0.344897855378075
25.0562826749586	0.32	0.34452172414212
25.0625561401258	0.32	0.344145592906165
25.0688327475165	0.32	0.34376946167021
25.0751124994922	0.32	0.343393330434254
25.0813953984167	0.32	0.343017199198299
25.0876814466561	0.32	0.342641067962344
25.0939706465788	0.32	0.342264936726389
25.1002630005557	0.32	0.341888805490434
25.1065585109601	0.32	0.341512674254479
25.1128571801677	0.32	0.341136543018524
25.1191590105563	0.32	0.340760411782569
25.1254640045065	0.32	0.340384280546614
25.131772164401	0.32	0.340008149310659
25.138083492625	0.32	0.339632018074704
25.1443979915661	0.32	0.339255886838749
25.1507156636142	0.32	0.338879755602794
25.1570365111618	0.32	0.338503624366839
25.1633605366036	0.32	0.338127493130884
25.1696877423369	0.32	0.337751361894929
25.1760181307612	0.32	0.337375230658973
25.1823517042786	0.32	0.336999099423018
25.1886884652935	0.32	0.336622968187063
25.1950284162128	0.32	0.336246836951108
25.2013715594458	0.32	0.335870705715153
25.2077178974041	0.32	0.335494574479198
25.2140674325019	0.32	0.335118443243243
25.2204201671559	0.32	0.334742312007288
25.226776103785	0.32	0.334366180771333
25.2331352448106	0.32	0.333990049535378
25.2394975926567	0.32	0.333613918299423
25.2458631497496	0.32	0.333237787063468
25.2522319185181	0.32	0.332861655827513
25.2586039013934	0.32	0.332485524591558
25.2649791008093	0.32	0.332109393355603
25.2713575192018	0.32	0.331733262119648
25.2777391590096	0.32	0.331357130883693
25.2841240226738	0.32	0.330980999647738
25.2905121126379	0.32	0.330604868411782
25.2969034313479	0.32	0.330228737175827
25.3032979812523	0.319897784849952	0.329897784849953
25.3096957648021	0.319636944550911	0.329636944550911
25.3160967844507	0.319376104251869	0.329376104251869
25.322501042654	0.319115263952827	0.329115263952827
25.3289085418705	0.318854423653785	0.328854423653785
25.335319284561	0.318593583354743	0.328593583354744
25.341733273189	0.318332743055702	0.328332743055702
25.3481505102203	0.31807190275666	0.32807190275666
25.3545709981233	0.317811062457618	0.327811062457618
25.3609947393689	0.317550222158576	0.327550222158576
25.3674217364305	0.317289381859535	0.327289381859535
25.373851991784	0.317028541560493	0.327028541560493
25.3802855079077	0.316767701261451	0.326767701261451
25.3867222872828	0.316506860962409	0.326506860962409
25.3931623323924	0.316246020663367	0.326246020663367
25.3996056457228	0.315985180364325	0.325985180364325
25.4060522297622	0.315724340065284	0.325724340065284
25.4125020870017	0.315463499766242	0.325463499766242
25.418955219935	0.3152026594672	0.3252026594672
25.425411631058	0.314941819168158	0.324941819168158
25.4318713228693	0.314680978869116	0.324680978869117
25.4383342978702	0.314420138570075	0.324420138570075
25.4448005585643	0.314159298271033	0.324159298271033
25.4512701074578	0.313898457971991	0.323898457971991
25.4577429470596	0.313637617672949	0.323637617672949
25.464219079881	0.313376777373908	0.323376777373908
25.4706985084359	0.313115937074866	0.323115937074866
25.4771812352408	0.312855096775824	0.322855096775824
25.4836672628146	0.312594256476782	0.322594256476782
25.490156593679	0.31233341617774	0.32233341617774
25.4966492303582	0.312072575878699	0.322072575878699
25.5031451753788	0.311811735579657	0.321811735579657
25.5096444312701	0.311550895280615	0.321550895280615
25.5161470005642	0.311290054981573	0.321290054981573
25.5226528857953	0.311029214682531	0.321029214682531
25.5291620895007	0.310768374383489	0.320768374383489
25.5356746142198	0.310507534084448	0.320507534084448
25.542190462495	0.310246693785406	0.320246693785406
25.5487096368711	0.309985853486364	0.319985853486364
25.5552321398955	0.309725013187322	0.319725013187322
25.5617579741182	0.30946417288828	0.31946417288828
25.5682871420919	0.309203332589239	0.319203332589239
25.5748196463719	0.308942492290197	0.318942492290197
25.5813554895159	0.308681651991155	0.318681651991155
25.5878946740844	0.308420811692113	0.318420811692113
25.5944372026406	0.308159971393071	0.318159971393072
25.6009830777502	0.30789913109403	0.31789913109403
25.6075323019814	0.307638290794988	0.317638290794988
25.6140848779053	0.307377450495946	0.317377450495946
25.6206408080955	0.307116610196904	0.317116610196904
25.6272000951282	0.306855769897863	0.316855769897863
25.6337627415822	0.306594929598821	0.316594929598821
25.6403287500391	0.306334089299779	0.316334089299779
25.6468981230831	0.306073249000737	0.316073249000737
25.6534708633009	0.305812408701695	0.315812408701695
25.660046973282	0.305551568402653	0.315551568402653
25.6666264556186	0.305290728103612	0.315290728103612
25.6732093129053	0.30502988780457	0.31502988780457
25.6797955477398	0.304769047505528	0.314769047505528
25.686385162722	0.304508207206486	0.314508207206486
25.6929781604547	0.304247366907444	0.314247366907444
25.6995745435434	0.303986526608403	0.313986526608403
25.7061743145963	0.303725686309361	0.313725686309361
25.712777476224	0.303464846010319	0.313464846010319
25.7193840310402	0.303204005711277	0.313204005711277
25.725993981661	0.302943165412235	0.312943165412235
25.7326073307052	0.302682325113194	0.312682325113194
25.7392240807944	0.302421484814152	0.312421484814152
25.7458442345529	0.30216064451511	0.31216064451511
25.7524677946076	0.301899804216068	0.311899804216068
25.7590947635882	0.301638963917027	0.311638963917027
25.765725144127	0.301378123617985	0.311378123617985
25.7723589388592	0.301117283318943	0.311117283318943
25.7789961504225	0.300856443019901	0.310856443019901
25.7856367814575	0.300595602720859	0.310595602720859
25.7922808346073	0.300334762421817	0.310334762421817
25.7989283125179	0.300073922122776	0.310073922122776
25.8055792178381	0.299918734576085	0.309756203728255
25.8122335532192	0.299805330423	0.309415991268998
25.8188913213153	0.299691926269914	0.309075778809742
25.8255525247835	0.299578522116828	0.308735566350485
25.8322171662833	0.299465117963743	0.308395353891229
25.8388852484771	0.299351713810657	0.308055141431972
25.84555677403	0.299238309657572	0.307714928972716
25.8522317456099	0.299124905504486	0.307374716513459
25.8589101658875	0.299011501351401	0.307034504054203
25.8655920375362	0.298898097198315	0.306694291594946
25.872277363232	0.29878469304523	0.306354079135689
25.8789661456541	0.298671288892144	0.306013866676433
25.885658387484	0.298557884739059	0.305673654217176
25.8923540914062	0.298444480585973	0.30533344175792
25.8990532601081	0.298331076432888	0.304993229298663
25.9057558962796	0.298217672279802	0.304653016839407
25.9124620026135	0.298104268126717	0.30431280438015
25.9191715818056	0.297990863973631	0.303972591920894
25.9258846365541	0.297877459820546	0.303632379461637
25.9326011695603	0.29776405566746	0.30329216700238
25.9393211835282	0.297650651514375	0.302951954543124
25.9460446811646	0.297537247361289	0.302611742083867
25.9527716651791	0.297423843208204	0.302271529624611
25.9595021382842	0.297310439055118	0.301931317165354
25.966236103195	0.297197034902033	0.301591104706098
25.9729735626297	0.297083630748947	0.301250892246841
25.979714519309	0.296970226595862	0.300910679787585
25.9864589759568	0.296856822442776	0.300570467328328
25.9932069352995	0.296743418289691	0.300230254869072
25.9999584000666	0.296630014136605	0.299890042409815
26.0067133729901	0.29651660998352	0.299549829950559
26.0134718568052	0.296403205830434	0.299209617491302
26.0202338542497	0.296289801677348	0.298869405032045
26.0269993680645	0.296176397524263	0.298529192572789
26.0337684009929	0.296062993371178	0.298188980113532
26.0405409557816	0.295949589218092	0.297848767654276
26.0473170351798	0.295836185065006	0.297508555195019
26.0540966419396	0.295722780911921	0.297168342735763
26.0608797788161	0.295609376758835	0.296828130276506
26.0676664485672	0.29549597260575	0.29648791781725
26.0744566539536	0.295382568452664	0.296147705357993
26.0812503977391	0.295269164299579	0.295807492898737
26.08804768269	0.295155760146493	0.29546728043948
26.0948485115759	0.295042355993408	0.295127067980223
26.1016528871691	0.294928951840322	0.294786855520967
26.1084608122447	0.294815547687237	0.29444664306171
26.1152722895808	0.294702143534151	0.294106430602454
26.1220873219584	0.294588739381066	0.293766218143197
26.1289059121614	0.29447533522798	0.293426005683941
26.1357280629767	0.294361931074895	0.293085793224684
26.1425537771938	0.294248526921809	0.292745580765428
26.1493830576055	0.294135122768724	0.292405368306171
26.1562159070073	0.294021718615638	0.292065155846915
26.1630523281977	0.293908314462553	0.291724943387658
26.169892323978	0.293794910309467	0.291384730928402
26.1767358971527	0.293681506156382	0.291044518469145
26.1835830505288	0.293568102003296	0.290704306009888
26.1904337869167	0.293454697850211	0.290364093550632
26.1972881091295	0.293341293697125	0.290023881091375
26.2041460199833	0.29322788954404	0.289683668632119
26.2110075222971	0.293114485390954	0.289343456172862
26.2178726188928	0.293001081237869	0.289003243713606
26.2247413125955	0.292887677084783	0.288663031254349
26.2316136062331	0.292774272931698	0.288322818795093
26.2384895026363	0.292660868778612	0.287982606335836
26.2453690046391	0.292547464625526	0.287642393876579
26.2522521150783	0.292434060472441	0.287302181417323
26.2591388367937	0.292320656319355	0.286961968958066
26.266029172628	0.29220725216627	0.28662175649881
26.2729231254269	0.292093848013184	0.286281544039553
26.2798206980393	0.291980443860099	0.285941331580297
26.2867218933169	0.291867039707013	0.28560111912104
26.2936267141144	0.291753635553928	0.285260906661784
26.3005351632895	0.291640231400842	0.284920694202527
26.307447243703	0.291526827247757	0.284580481743271
26.3143629582186	0.291413423094671	0.284240269284014
26.3212823097031	0.291300018941586	0.283900056824757
26.3282053010262	0.2911866147885	0.283559844365501
26.3351319350607	0.291073210635415	0.283219631906244
26.3420622146825	0.290959806482329	0.282879419446988
26.3489961427705	0.290846402329244	0.282539206987731
26.3559337222064	0.290732998176158	0.282198994528475
26.3628749558751	0.290619594023073	0.281858782069218
26.3698198466648	0.290506189869987	0.281518569609962
26.3767683974663	0.290392785716902	0.281178357150705
26.3837206111736	0.290279381563816	0.280838144691449
26.390676490684	0.290165977410731	0.280497932232192
26.3976360388974	0.290052573257645	0.280157719772936
26.4045992587173	0.289936336236106	0.279872672472212
26.4115661530497	0.289817650900728	0.279635301801457
26.4185367248042	0.289698965565351	0.279397931130701
26.425510976893	0.289580280229973	0.279160560459946
26.4324889122317	0.289461594894596	0.278923189789191
26.4394705337389	0.289342909559218	0.278685819118436
26.4464558443362	0.289224224223841	0.278448448447681
26.4534448469483	0.289105538888463	0.278211077776926
26.4604375445032	0.288986853553086	0.277973707106171
26.4674339399316	0.288868168217708	0.277736336435416
26.4744340361678	0.28874948288233	0.277498965764661
26.4814378361488	0.288630797546953	0.277261595093906
26.4884453428148	0.288512112211575	0.277024224423151
26.4954565591092	0.288393426876198	0.276786853752396
26.5024714879786	0.28827474154082	0.276549483081641
26.5094901323725	0.288156056205443	0.276312112410885
26.5165124952436	0.288037370870065	0.27607474174013
26.5235385795478	0.287918685534688	0.275837371069375
26.5305683882441	0.28780000019931	0.27560000039862
26.5376019242946	0.287681314863933	0.275362629727865
26.5446391906646	0.287562629528555	0.27512525905711
26.5516801903224	0.287443944193178	0.274887888386355
26.5587249262398	0.2873252588578	0.2746505177156
26.5657734013913	0.287206573522422	0.274413147044845
26.5728256187549	0.287087888187045	0.27417577637409
26.5798815813116	0.286969202851667	0.273938405703335
26.5869412920456	0.28685051751629	0.27370103503258
26.5940047539443	0.286731832180912	0.273463664361825
26.6010719699983	0.286613146845535	0.273226293691069
26.6081429432012	0.286494461510157	0.272988923020314
26.6152176765501	0.28637577617478	0.272751552349559
26.6222961730449	0.286257090839402	0.272514181678804
26.6293784356891	0.286138405504025	0.272276811008049
26.6364644674891	0.286019720168647	0.272039440337294
26.6435542714547	0.28590103483327	0.271802069666539
26.6506478505986	0.285782349497892	0.271564698995784
26.6577452079371	0.285663664162514	0.271327328325029
26.6648463464894	0.285544978827137	0.271089957654274
26.6719512692782	0.285426293491759	0.270852586983519
26.6790599793291	0.285307608156382	0.270615216312764
26.6861724796711	0.285188922821004	0.270377845642009
26.6932887733366	0.285070237485627	0.270140474971253
26.7004088633609	0.284951552150249	0.269903104300498
26.7075327527828	0.284832866814872	0.269665733629743
26.7146604446442	0.284714181479494	0.269428362958988
26.7217919419902	0.284595496144117	0.269190992288233
26.7289272478694	0.284476810808739	0.268953621617478
26.7360663653334	0.284358125473362	0.268716250946723
26.7432092974372	0.284239440137984	0.268478880275968
26.750356047239	0.284120754802606	0.268241509605213
26.7575066178003	0.284002069467229	0.268004138934458
26.764661012186	0.283883384131851	0.267766768263703
26.7718192334639	0.283764698796474	0.267529397592947
26.7789812847056	0.283646013461096	0.267292026922193
26.7861471689855	0.283527328125719	0.267054656251437
26.7933168893817	0.283408642790341	0.266817285580682
26.8004904489752	0.283289957454964	0.266579914909927
26.8076678508507	0.283171272119586	0.266342544239172
26.814849098096	0.283052586784209	0.266105173568417
26.8220341938021	0.282933901448831	0.265867802897662
26.8292231410635	0.282815216113454	0.265630432226907
26.836415942978	0.282696530778076	0.265393061556152
26.8436126026466	0.282577845442698	0.265155690885397
26.8508131231738	0.282459160107321	0.264918320214642
26.8580175076673	0.282340474771943	0.264680949543887
26.8652257592382	0.282221789436566	0.264443578873131
26.8724378810008	0.282103104101188	0.264206208202376
26.879653876073	0.281984418765811	0.263968837531621
26.8868737475758	0.281865733430433	0.263731466860866
26.8940974986338	0.281747048095056	0.263494096190111
26.9013251323747	0.281628362759678	0.263256725519356
26.9085566519298	0.2815096774243	0.263019354848601
26.9157920604335	0.281390992088923	0.262781984177846
26.9230313610239	0.281272306753545	0.262544613507091
26.9302745568421	0.281153621418168	0.262307242836336
26.937521651033	0.28103493608279	0.262069872165581
26.9447726467446	0.280916250747413	0.261832501494826
26.9520275471283	0.280797565412035	0.261595130824071
26.959286355339	0.280678880076658	0.261357760153315
26.966549074535	0.28056019474128	0.26112038948256
26.9738157078779	0.280441509405903	0.260883018811805
26.9810862585328	0.280322824070525	0.26064564814105
26.9883607296681	0.280204138735148	0.260408277470295
26.9956391244558	0.28008545339977	0.26017090679954
27.0029214460713	0.279965256613905	0.259965256613905
27.0102076976931	0.279841173247846	0.259841173247846
27.0174978825036	0.279717089881787	0.259717089881787
27.0247920036883	0.279593006515728	0.259593006515728
27.0320900644364	0.279468923149669	0.259468923149669
27.0393920679403	0.279344839783611	0.259344839783611
27.0466980173959	0.279220756417552	0.259220756417552
27.0540079160027	0.279096673051493	0.259096673051493
27.0613217669636	0.278972589685434	0.258972589685434
27.0686395734849	0.278848506319375	0.258848506319375
27.0759613387763	0.278724422953316	0.258724422953316
27.0832870660513	0.278600339587257	0.258600339587257
27.0906167585264	0.278476256221198	0.258476256221198
27.0979504194221	0.278352172855139	0.258352172855139
27.1052880519619	0.27822808948908	0.25822808948908
27.1126296593732	0.278104006123021	0.258104006123021
27.1199752448866	0.277979922756963	0.257979922756963
27.1273248117364	0.277855839390904	0.257855839390904
27.1346783631602	0.277731756024845	0.257731756024845
27.1420359023994	0.277607672658786	0.257607672658786
27.1493974326987	0.277483589292727	0.257483589292727
27.1567629573063	0.277359505926668	0.257359505926668
27.1641324794741	0.277235422560609	0.257235422560609
27.1715060024574	0.27711133919455	0.25711133919455
27.178883529515	0.276987255828491	0.256987255828491
27.1862650639095	0.276863172462432	0.256863172462432
27.1936506089066	0.276739089096374	0.256739089096373
27.201040167776	0.276615005730315	0.256615005730315
27.2084337437907	0.276490922364256	0.256490922364256
27.2158313402273	0.276366838998197	0.256366838998197
27.223232960366	0.276242755632138	0.256242755632138
27.2306386074905	0.276118672266079	0.256118672266079
27.2380482848882	0.27599458890002	0.25599458890002
27.24546199585	0.275870505533961	0.255870505533961
27.2528797436703	0.275746422167902	0.255746422167902
27.2603015316473	0.275622338801843	0.255622338801843
27.2677273630826	0.275498255435784	0.255498255435784
27.2751572412815	0.275374172069726	0.255374172069726
27.2825911695528	0.275250088703667	0.255250088703667
27.2900291512091	0.275126005337608	0.255126005337608
27.2974711895665	0.275001921971549	0.255001921971549
27.3049172879446	0.27487783860549	0.25487783860549
27.3123674496667	0.274753755239431	0.254753755239431
27.3198216780599	0.274629671873372	0.254629671873372
27.3272799764548	0.274505588507313	0.254505588507313
27.3347423481856	0.274381505141254	0.254381505141254
27.3422087965901	0.274257421775195	0.254257421775195
27.3496793250099	0.274133338409137	0.254133338409136
27.3571539367902	0.274009255043078	0.254009255043078
27.3646326352798	0.273885171677019	0.253885171677019
27.3721154238312	0.27376108831096	0.25376108831096
27.3796023058006	0.273637004944901	0.253637004944901
27.3870932845478	0.273512921578842	0.253512921578842
27.3945883634363	0.273388838212783	0.253388838212783
27.4020875458334	0.273264754846724	0.253264754846724
27.4095908351099	0.273140671480665	0.253140671480665
27.4170982346405	0.273016588114606	0.253016588114606
27.4246097478033	0.272892504748547	0.252892504748547
27.4321253779804	0.272768421382489	0.252768421382489
27.4396451285575	0.27264433801643	0.25264433801643
27.4471690029239	0.272520254650371	0.252520254650371
27.4546970044729	0.272396171284312	0.252396171284312
27.4622291366013	0.272272087918253	0.252272087918253
27.4697654027095	0.272148004552194	0.252148004552194
27.477305806202	0.272023921186135	0.252023921186135
27.4848503504868	0.271899837820076	0.251899837820076
27.4923990389757	0.271775754454017	0.251775754454017
27.4999518750842	0.271651671087958	0.251651671087958
27.5075088622317	0.271527587721899	0.251527587721899
27.5150700038411	0.271403504355841	0.251403504355841
27.5226353033393	0.271279420989782	0.251279420989782
27.530204764157	0.271155337623723	0.251155337623723
27.5377783897284	0.271031254257664	0.251031254257664
27.5453561834917	0.270907170891605	0.250907170891605
27.5529381488889	0.270783087525546	0.250783087525546
27.5605242893657	0.270659004159487	0.250659004159487
27.5681146083715	0.270534920793428	0.250534920793428
27.5757091093597	0.270410837427369	0.250410837427369
27.5833077957875	0.27028675406131	0.25028675406131
27.5909106711158	0.270162670695252	0.250162670695251
27.5985177388093	0.270038587329193	0.250038587329193
27.6061290023366	0.2698214225905	0.2498214225905
27.6137444651701	0.26956224699728	0.24956224699728
27.6213641307861	0.26930307140406	0.249303071404059
27.6289880026645	0.269043895810839	0.249043895810839
27.6366160842895	0.268784720217619	0.248784720217619
27.6442483791486	0.268525544624399	0.248525544624399
27.6518848907336	0.268266369031178	0.248266369031178
27.6595256225399	0.268007193437958	0.248007193437958
27.6671705780668	0.267748017844737	0.247748017844737
27.6748197608176	0.267488842251517	0.247488842251517
27.6824731742994	0.267229666658297	0.247229666658297
27.6901308220231	0.266970491065077	0.246970491065077
27.6977927075036	0.266711315471856	0.246711315471856
27.7054588342596	0.266452139878636	0.246452139878636
27.7131292058138	0.266192964285415	0.246192964285415
27.7208038256927	0.265933788692195	0.245933788692195
27.7284826974268	0.265674613098975	0.245674613098975
27.7361658245504	0.265415437505754	0.245415437505754
27.7438532106019	0.265156261912534	0.245156261912534
27.7515448591234	0.264897086319314	0.244897086319314
27.7592407736611	0.264637910726093	0.244637910726093
27.7669409577651	0.264378735132873	0.244378735132873
27.7746454149893	0.264119559539653	0.244119559539653
27.7823541488918	0.263860383946432	0.243860383946432
27.7900671630343	0.263601208353212	0.243601208353212
27.7977844609829	0.263342032759992	0.243342032759992
27.8055060463073	0.263082857166771	0.243082857166771
27.8132319225813	0.262823681573551	0.242823681573551
27.8209620933827	0.262564505980331	0.242564505980331
27.8286965622933	0.26230533038711	0.24230533038711
27.8364353328987	0.26204615479389	0.24204615479389
27.8441784087887	0.26178697920067	0.24178697920067
27.8519257935571	0.261527803607449	0.241527803607449
27.8596774908014	0.261268628014229	0.241268628014229
27.8674335041236	0.261009452421009	0.241009452421009
27.8751938371291	0.260750276827788	0.240750276827788
27.882958493428	0.260491101234568	0.240491101234568
27.8907274766338	0.260231925641348	0.240231925641348
27.8985007903645	0.259972750048127	0.239972750048127
27.9062784382419	0.259713574454907	0.239713574454907
27.9140604238918	0.259454398861687	0.239454398861687
27.9218467509441	0.259195223268466	0.239195223268466
27.9296374230329	0.258936047675246	0.238936047675246
27.9374324437962	0.258676872082026	0.238676872082026
27.945231816876	0.258417696488805	0.238417696488805
27.9530355459186	0.258158520895585	0.238158520895585
27.9608436345741	0.257899345302365	0.237899345302365
27.968656086497	0.257640169709144	0.237640169709144
27.9764729053455	0.257380994115924	0.237380994115924
27.9842940947822	0.257121818522703	0.237121818522703
27.9921196584737	0.256862642929483	0.236862642929483
27.9999496000907	0.256603467336263	0.236603467336263
28.007783923308	0.256344291743043	0.236344291743043
28.0156226318044	0.256085116149822	0.236085116149822
28.0234657292631	0.255825940556602	0.235825940556602
28.0313132193711	0.255566764963381	0.235566764963381
28.0391651058198	0.255307589370161	0.235307589370161
28.0470213923046	0.255048413776941	0.235048413776941
28.0548820825251	0.254789238183721	0.23478923818372
28.062747180185	0.2545300625905	0.2345300625905
28.0706166889922	0.25427088699728	0.23427088699728
28.0784906126586	0.254011711404059	0.234011711404059
28.0863689549006	0.253752535810839	0.233752535810839
28.0942517194384	0.253493360217619	0.233493360217619
28.1021389099967	0.253234184624398	0.233234184624398
28.1100305303042	0.252975009031178	0.232975009031178
28.1179265840937	0.252715833437958	0.232715833437958
28.1258270751024	0.252456657844737	0.232456657844737
28.1337320070717	0.252197482251517	0.232197482251517
28.141641383747	0.251938306658297	0.231938306658297
28.1495552088781	0.251679131065076	0.231679131065076
28.157473486219	0.251419955471856	0.231419955471856
28.1653962195279	0.251160779878636	0.231160779878636
28.1733234125671	0.250901604285415	0.230901604285415
28.1812550691033	0.250642428692195	0.230642428692195
28.1891911929074	0.250383253098975	0.230383253098975
28.1971317877546	0.250124077505754	0.230124077505754
28.2050768574242	0.249859016538924	0.229929508269462
28.2130264056999	0.249588550295884	0.229794275147942
28.2209804363697	0.249318084052844	0.229659042026422
28.2289389532258	0.249047617809805	0.229523808904902
28.2369019600646	0.248777151566765	0.229388575783382
28.2448694606868	0.248506685323725	0.229253342661863
28.2528414588976	0.248236219080686	0.229118109540343
28.2608179585063	0.247965752837646	0.228982876418823
28.2687989633266	0.247695286594606	0.228847643297303
28.2767844771764	0.247424820351567	0.228712410175783
28.284774503878	0.247154354108527	0.228577177054264
28.292769047258	0.246883887865487	0.228441943932744
28.3007681111473	0.246613421622448	0.228306710811224
28.3087716993812	0.246342955379408	0.228171477689704
28.3167798157994	0.246072489136369	0.228036244568184
28.3247924642456	0.245802022893329	0.227901011446664
28.3328096485683	0.245531556650289	0.227765778325145
28.3408313726202	0.24526109040725	0.227630545203625
28.3488576402581	0.24499062416421	0.227495312082105
28.3568884553436	0.24472015792117	0.227360078960585
28.3649238217423	0.244449691678131	0.227224845839065
28.3729637433246	0.244179225435091	0.227089612717546
28.3810082239648	0.243908759192052	0.226954379596026
28.3890572675419	0.243638292949012	0.226819146474506
28.3971108779393	0.243367826705972	0.226683913352986
28.4051690590447	0.243097360462933	0.226548680231466
28.4132318147503	0.242826894219893	0.226413447109946
28.4212991489526	0.242556427976853	0.226278213988427
28.4293710655527	0.242285961733814	0.226142980866907
28.4374475684561	0.242015495490774	0.226007747745387
28.4455286615725	0.241745029247734	0.225872514623867
28.4536143488163	0.241474563004695	0.225737281502347
28.4617046341063	0.241204096761655	0.225602048380828
28.4697995213657	0.240933630518615	0.225466815259308
28.4778990145223	0.240663164275576	0.225331582137788
28.4860031175082	0.240392698032536	0.225196349016268
28.49411183426	0.240122231789497	0.225061115894748
28.5022251687189	0.239851765546457	0.224925882773229
28.5103431248305	0.239581299303417	0.224790649651709
28.518465706545	0.239310833060378	0.224655416530189
28.5265929178169	0.239040366817338	0.224520183408669
28.5347247626054	0.238769900574299	0.224384950287149
28.5428612448741	0.238499434331259	0.224249717165629
28.5510023685912	0.238228968088219	0.22411448404411
28.5591481377294	0.23795850184518	0.22397925092259
28.5672985562659	0.23768803560214	0.22384401780107
28.5754536281825	0.2374175693591	0.22370878467955
28.5836133574655	0.237147103116061	0.22357355155803
28.5917777481059	0.236876636873021	0.223438318436511
28.5999468040989	0.236606170629981	0.223303085314991
28.6081205294448	0.236335704386942	0.223167852193471
28.6162989281479	0.236065238143902	0.223032619071951
28.6244820042175	0.235794771900863	0.222897385950431
28.6326697616674	0.235524305657823	0.222762152828911
28.6408622045158	0.235253839414783	0.222626919707392
28.6490593367857	0.234983373171744	0.222491686585872
28.6572611625047	0.234712906928704	0.222356453464352
28.6654676857049	0.234442440685664	0.222221220342832
28.6736789104231	0.234171974442625	0.222085987221312
28.6818948407008	0.233901508199585	0.221950754099793
28.6901154805838	0.233631041956545	0.221815520978273
28.698340834123	0.233360575713506	0.221680287856753
28.7065709053737	0.233090109470466	0.221545054735233
28.7148056983958	0.232819643227427	0.221409821613713
28.7230452172539	0.232549176984387	0.221274588492194
28.7312894660175	0.232278710741347	0.221139355370674
28.7395384487604	0.232008244498308	0.221004122249154
28.7477921695614	0.231737778255268	0.220868889127634
28.7560506325037	0.231467312012229	0.220733656006114
28.7643138416755	0.231196845769189	0.220598422884594
28.7725818011694	0.230926379526149	0.220463189763075
28.7808545150829	0.23065591328311	0.220327956641555
28.7891319875182	0.23038544704007	0.220192723520035
28.7974142225821	0.23011498079703	0.220057490398515
28.8057012243863	0.231630463664229	0.219807755962676
28.8139929970471	0.234466647969545	0.219473348313239
28.8222895446856	0.237302832274862	0.219138940663801
28.8305908714277	0.240139016580178	0.218804533014364
28.8388969814038	0.242975200885495	0.218470125364926
28.8472078787494	0.245811385190811	0.218135717715489
28.8555235676046	0.248647569496128	0.217801310066051
28.8638440521142	0.251483753801443	0.217466902416614
28.872169336428	0.254319938106759	0.217132494767177
28.8804994247005	0.257156122412076	0.216798087117739
28.8888343210907	0.259992306717392	0.216463679468302
28.8971740297629	0.262828491022709	0.216129271818864
28.9055185548859	0.265664675328025	0.215794864169427
28.9138679006334	0.268500859633342	0.215460456519989
28.922222071184	0.271337043938657	0.215126048870552
28.9305810707208	0.274173228243973	0.214791641221114
28.9389449034322	0.27700941254929	0.214457233571677
28.9473135735111	0.279845596854606	0.214122825922239
28.9556870851555	0.282681781159923	0.213788418272802
28.964065442568	0.285517965465239	0.213454010623364
28.9724486499563	0.288354149770556	0.213119602973927
28.9808367115329	0.291190334075871	0.21278519532449
28.989229631515	0.294026518381187	0.212450787675052
28.997627414125	0.296862702686504	0.212116380025615
29.0060300635899	0.29969888699182	0.211781972376177
29.0144375841419	0.302535071297137	0.21144756472674
29.0228499800178	0.305371255602453	0.211113157077302
29.0312672554595	0.308207439907768	0.210778749427865
29.0396894147138	0.311043624213085	0.210444341778427
29.0481164620324	0.313879808518401	0.21010993412899
29.0565484016719	0.316715992823718	0.209775526479552
29.064985237894	0.319552177129034	0.209441118830115
29.0734269749652	0.322388361434351	0.209106711180677
29.0818736171569	0.325224545739668	0.20877230353124
29.0903251687457	0.328060730044982	0.208437895881802
29.098781634013	0.330896914350299	0.208103488232365
29.1072430172452	0.333733098655616	0.207769080582927
29.1157093227337	0.336569282960932	0.20743467293349
29.1241805547749	0.339405467266249	0.207100265284052
29.1326567176702	0.342241651571565	0.206765857634615
29.141137815726	0.345077835876882	0.206431449985177
29.1496238532538	0.347914020182197	0.20609704233574
29.15811483457	0.350750204487513	0.205762634686303
29.166610763996	0.35358638879283	0.205428227036865
29.1751116458585	0.356422573098146	0.205093819387428
29.1836174844889	0.359258757403463	0.20475941173799
29.1921282842239	0.362094941708779	0.204425004088553
29.2006440494052	0.364931126014096	0.204090596439115
29.2091647843794	0.367767310319411	0.203756188789678
29.2176904934985	0.370603494624727	0.20342178114024
29.2262211811193	0.373439678930044	0.203087373490803
29.2347568516038	0.37627586323536	0.202752965841365
29.2432975093191	0.379112047540677	0.202418558191928
29.2518431586374	0.381948231845993	0.20208415054249
29.2603938039361	0.384784416151308	0.201749742893053
29.2689494495974	0.387620600456625	0.201415335243616
29.277510100009	0.390456784761941	0.201080927594178
29.2860757595637	0.393292969067258	0.200746519944741
29.2946464326591	0.396129153372574	0.200412112295303
29.3032221236983	0.397785871330396	0.200122335327279
29.3118028370894	0.397539072268643	0.199904586918482
29.3203885772457	0.397292273206891	0.199686838509684
29.3289793485858	0.397045474145138	0.199469090100886
29.3375751555332	0.396798675083386	0.199251341692089
29.3461760025167	0.396551876021633	0.199033593283291
29.3547818939705	0.396305076959881	0.198815844874493
29.3633928343338	0.396058277898128	0.198598096465696
29.372008828051	0.395811478836376	0.198380348056898
29.3806298795717	0.395564679774623	0.198162599648101
29.389255993351	0.395317880712871	0.197944851239303
29.3978871738488	0.395071081651118	0.197727102830505
29.4065234255306	0.394824282589366	0.197509354421708
29.415164752867	0.394577483527613	0.19729160601291
29.4238111603339	0.394330684465861	0.197073857604113
29.4324626524123	0.394083885404108	0.196856109195315
29.4411192335888	0.393837086342356	0.196638360786517
29.4497809083549	0.393590287280603	0.19642061237772
29.4584476812078	0.393343488218851	0.196202863968922
29.4671195566495	0.393096689157098	0.195985115560125
29.4757965391878	0.392849890095346	0.195767367151327
29.4844786333355	0.392603091033593	0.195549618742529
29.4931658436107	0.392356291971841	0.195331870333732
29.5018581745371	0.392109492910088	0.195114121924934
29.5105556306435	0.391862693848336	0.194896373516137
29.5192582164641	0.391615894786583	0.194678625107339
29.5279659365385	0.391369095724831	0.194460876698541
29.5366787954115	0.391122296663078	0.194243128289744
29.5453967976335	0.390875497601326	0.194025379880946
29.5541199477601	0.390628698539573	0.193807631472148
29.5628482503524	0.390381899477821	0.193589883063351
29.5715817099767	0.390135100416068	0.193372134654553
29.5803203312049	0.389888301354316	0.193154386245756
29.5890641186143	0.389641502292563	0.192936637836958
29.5978130767874	0.389394703230811	0.19271888942816
29.6065672103123	0.389147904169058	0.192501141019363
29.6153265237826	0.388901105107306	0.192283392610565
29.6240910217971	0.388654306045553	0.192065644201768
29.6328607089603	0.388407506983801	0.19184789579297
29.6416355898819	0.388160707922048	0.191630147384172
29.6504156691773	0.387913908860296	0.191412398975375
29.6592009514672	0.387667109798543	0.191194650566577
29.6679914413778	0.387420310736791	0.190976902157779
29.676787143541	0.387173511675038	0.190759153748982
29.6855880625938	0.386926712613286	0.190541405340184
29.6943942031791	0.386679913551533	0.190323656931387
29.7032055699451	0.386433114489781	0.190105908522589
29.7120221675455	0.386186315428028	0.189888160113791
29.7208440006396	0.385939516366276	0.189670411704994
29.7296710738922	0.385692717304524	0.189452663296196
29.7385033919737	0.385445918242771	0.189234914887399
29.74734095956	0.385199119181018	0.189017166478601
29.7561837813325	0.384952320119266	0.188799418069803
29.7650318619784	0.384705521057513	0.188581669661006
29.7738852061901	0.384458713188577	0.188363970415935
29.782743818666	0.384210199933151	0.188155791030096
29.7916077041098	0.383961686677726	0.187947611644256
29.8004768672308	0.3837131734223	0.187739432258417
29.8093513127442	0.383464660166875	0.187531252872578
29.8182310453705	0.383216146911449	0.187323073486738
29.827116069836	0.382967633656024	0.187114894100899
29.8360063908726	0.382719120400598	0.18690671471506
29.8449020132177	0.382470607145173	0.18669853532922
29.8538029416146	0.382222093889747	0.186490355943381
29.8627091808121	0.381973580634322	0.186282176557542
29.8716207355648	0.381725067378896	0.186073997171703
29.8805376106327	0.381476554123471	0.185865817785863
29.8894598107818	0.381228040868045	0.185657638400024
29.8983873407836	0.38097952761262	0.185449459014185
29.9073202054154	0.380731014357194	0.185241279628345
29.9162584094602	0.380482501101769	0.185033100242506
29.9252019577067	0.380233987846343	0.184824920856667
29.9341508549493	0.379985474590918	0.184616741470828
29.9431051059881	0.379736961335492	0.184408562084988
29.9520647156291	0.379488448080067	0.184200382699149
29.9610296886839	0.379239934824641	0.18399220331331
29.97000002997	0.378991421569216	0.18378402392747
29.9789757443105	0.37874290831379	0.183575844541631
29.9879568365344	0.378494395058365	0.183367665155792
29.9969433114766	0.378245881802939	0.183159485769952
30.0059351739774	0.377997368547514	0.182951306384113
30.0149324288834	0.377748855292088	0.182743126998274
30.0239350810466	0.377500342036663	0.182534947612434
30.0329431353251	0.377251828781237	0.182326768226595
30.0419565965828	0.377003315525812	0.182118588840756
30.0509754696892	0.376754802270386	0.181910409454917
30.05999975952	0.376506289014961	0.181702230069077
30.0690294709565	0.376257775759535	0.181494050683238
30.0780646088859	0.37600926250411	0.181285871297399
30.0871051782014	0.375760749248684	0.181077691911559
30.096151183802	0.375512235993259	0.18086951252572
30.1052026305926	0.375263722737833	0.180661333139881
30.114259523484	0.375015209482408	0.180453153754042
30.1233218673929	0.374766696226982	0.180244974368202
30.132389667242	0.374518182971557	0.180036794982363
30.1414629279598	0.374269669716131	0.179828615596524
30.1505416544808	0.374021156460706	0.179620436210684
30.1596258517455	0.37377264320528	0.179412256824845
30.1687155247003	0.373524129949855	0.179204077439006
30.1778106782976	0.373275616694429	0.178995898053166
30.1869113174957	0.373027103439004	0.178787718667327
30.1960174472589	0.372778590183578	0.178579539281488
30.2051290725576	0.372530076928153	0.178371359895648
30.214246198368	0.372281563672727	0.178163180509809
30.2233688296726	0.372033050417302	0.17795500112397
30.2324969714596	0.371784537161876	0.177746821738131
30.2416306287235	0.371536023906451	0.177538642352291
30.2507698064647	0.371287510651025	0.177330462966452
30.2599145096895	0.371037662204477	0.177126763000727
30.2690647434107	0.370786420284693	0.176927737985227
30.2782205126466	0.370535178364908	0.176728712969727
30.2873818224221	0.370283936445124	0.176529687954227
30.2965486777677	0.37003269452534	0.176330662938728
30.3057210837205	0.369781452605556	0.176131637923228
30.3148990453232	0.369530210685771	0.175932612907728
30.324082567625	0.369278968765987	0.175733587892228
30.333271655681	0.369027726846203	0.175534562876728
30.3424663145525	0.368776484926419	0.175335537861229
30.3516665493069	0.368525243006634	0.175136512845729
30.3608723650178	0.36827400108685	0.174937487830229
30.370083766765	0.368022759167066	0.174738462814729
30.3793007596344	0.367771517247282	0.17453943779923
30.388523348718	0.367520275327497	0.17434041278373
30.3977515391142	0.367269033407713	0.17414138776823
30.4069853359273	0.367017791487929	0.17394236275273
30.416224744268	0.366766549568145	0.173743337737231
30.4254697692532	0.36651530764836	0.173544312721731
30.4347204160061	0.366264065728576	0.173345287706231
30.4439766896559	0.366012823808792	0.173146262690731
30.4532385953383	0.365761581889008	0.172947237675231
30.462506138195	0.365510339969224	0.172748212659732
30.4717793233741	0.365259098049439	0.172549187644232
30.4810581560301	0.365007856129655	0.172350162628732
30.4903426413235	0.364756614209871	0.172151137613232
30.4996327844213	0.364505372290086	0.171952112597733
30.5089285904967	0.364254130370302	0.171753087582233
30.5182300647292	0.364002888450518	0.171554062566733
30.5275372123047	0.363751646530734	0.171355037551233
30.5368500384154	0.36350040461095	0.171156012535734
30.5461685482597	0.363249162691165	0.170956987520234
30.5554927470427	0.362997920771381	0.170757962504734
30.5648226399754	0.362746678851597	0.170558937489234
30.5741582322756	0.362495436931812	0.170359912473734
30.583499529167	0.362244195012028	0.170160887458235
30.5928465358802	0.361992953092244	0.169961862442735
30.6021992576519	0.36174171117246	0.169762837427235
30.6115576997251	0.361490469252676	0.169563812411735
30.6209218673496	0.361239227332891	0.169364787396236
30.6302917657812	0.360987985413107	0.169165762380736
30.6396674002824	0.360736743493323	0.168966737365236
30.6490487761222	0.360485501573538	0.168767712349736
30.6584358985758	0.360234259653754	0.168568687334237
30.667828772925	0.35998301773397	0.168369662318737
30.6772274044581	0.359731775814186	0.168170637303237
30.6866317984698	0.359480533894401	0.167971612287737
30.6960419602615	0.359229291974617	0.167772587272237
30.7054578951409	0.358978050054833	0.167573562256738
30.7148796084221	0.358726808135049	0.167374537241238
30.7243071054262	0.358475566215265	0.167175512225738
30.7337403914802	0.35822432429548	0.166976487210238
30.7431794719183	0.357973082375696	0.166777462194739
30.7526243520806	0.357719556323525	0.166585630623907
30.7620750373144	0.357465543685948	0.166395331462146
30.7715315329731	0.357211531048372	0.166205032300385
30.7809938444169	0.356957518410795	0.166014733138624
30.7904619770125	0.356703505773219	0.165824433976864
30.7999359361333	0.356449493135642	0.165634134815103
30.8094157271592	0.356195480498066	0.165443835653342
30.8189013554769	0.355941467860489	0.165253536491581
30.8283928264796	0.355687455222913	0.165063237329821
30.8378901455672	0.355433442585336	0.16487293816806
30.8473933181461	0.35517942994776	0.164682639006299
30.8569023496297	0.354925417310183	0.164492339844538
30.8664172454377	0.354671404672607	0.164302040682778
30.8759380109968	0.35441739203503	0.164111741521017
30.8854646517401	0.354163379397454	0.163921442359256
30.8949971731078	0.353909366759877	0.163731143197495
30.9045355805463	0.353655354122301	0.163540844035734
30.9140798795093	0.353401341484724	0.163350544873974
30.9236300754568	0.353147328847148	0.163160245712213
30.9331861738556	0.352893316209571	0.162969946550452
30.9427481801796	0.352639303571995	0.162779647388691
30.9523160999091	0.352385290934418	0.162589348226931
30.9618899385314	0.352131278296842	0.16239904906517
30.9714697015403	0.351877265659265	0.162208749903409
30.9810553944369	0.351623253021689	0.162018450741648
30.9906470227285	0.351369240384112	0.161828151579888
31.0002445919298	0.351115227746536	0.161637852418127
31.009848107562	0.350861215108959	0.161447553256366
31.0194575751532	0.350607202471383	0.161257254094605
31.0290730002383	0.350353189833806	0.161066954932845
31.0386943883593	0.35009917719623	0.160876655771084
31.0483217450647	0.349845164558653	0.160686356609323
31.0579550759103	0.349591151921077	0.160496057447562
31.0675943864585	0.3493371392835	0.160305758285802
31.0772396822787	0.349083126645924	0.160115459124041
31.0868909689473	0.348829114008347	0.15992515996228
31.0965482520475	0.348575101370771	0.159734860800519
31.1062115371694	0.348321088733194	0.159544561638759
31.1158808299103	0.348067076095618	0.159354262476998
31.1255561358743	0.347813063458041	0.159163963315237
31.1352374606723	0.347559050820465	0.158973664153476
31.1449248099225	0.347305038182888	0.158783364991715
31.15461818925	0.347051025545311	0.158593065829955
31.1643176042867	0.346797012907735	0.158402766668194
31.1740230606718	0.346543000270159	0.158212467506433
31.1837345640514	0.346288987632582	0.158022168344672
31.1934521200786	0.346034974995006	0.157831869182912
31.2031757344136	0.345780962357429	0.157641570021151
31.2129054127236	0.345526949719852	0.15745127085939
31.222641160683	0.345272937082276	0.157260971697629
31.2323829839731	0.3450189244447	0.157070672535869
31.2421308882825	0.344764879130108	0.156880453745075
31.2518848793068	0.344507462178252	0.156698527686804
31.2616449627486	0.344250045226396	0.156516601628534
31.2714111443179	0.343992628274539	0.156334675570263
31.2811834297315	0.343735211322683	0.156152749511993
31.2909618247137	0.343477794370827	0.155970823453723
31.3007463349956	0.343220377418971	0.155788897395452
31.3105369663158	0.342962960467115	0.155606971337182
31.3203337244199	0.342705543515259	0.155425045278911
31.3301366150607	0.342448126563403	0.155243119220641
31.3399456439983	0.342190709611547	0.15506119316237
31.3497608169999	0.341933292659691	0.1548792671041
31.3595821398399	0.341675875707835	0.154697341045829
31.3694096183002	0.341418458755979	0.154515414987559
31.3792432581696	0.341161041804123	0.154333488929289
31.3890830652444	0.340903624852266	0.154151562871018
31.3989290453281	0.34064620790041	0.153969636812748
31.4087812042315	0.340388790948554	0.153787710754477
31.4186395477727	0.340131373996698	0.153605784696207
31.428504081777	0.339873957044842	0.153423858637936
31.4383748120771	0.339616540092986	0.153241932579666
31.4482517445131	0.33935912314113	0.153060006521395
31.4581348849324	0.339101706189274	0.152878080463125
31.4680242391897	0.338844289237418	0.152696154404855
31.4779198131471	0.338586872285562	0.152514228346584
31.487821612674	0.338329455333706	0.152332302288314
31.4977296436473	0.33807203838185	0.152150376230043
31.5076439119513	0.337814621429994	0.151968450171773
31.5175644234776	0.337557204478137	0.151786524113502
31.5274911841253	0.337299787526281	0.151604598055232
31.5374241998009	0.337042370574425	0.151422671996961
31.5473634764185	0.336784953622569	0.151240745938691
31.5573090198994	0.336527536670713	0.15105881988042
31.5672608361725	0.336270119718857	0.15087689382215
31.5772189311743	0.336012702767001	0.15069496776388
31.5871833108485	0.335755285815145	0.150513041705609
31.5971539811466	0.335497868863289	0.150331115647339
31.6071309480275	0.335240451911433	0.150149189589068
31.6171142174575	0.334983034959577	0.149967263530798
31.6271037954106	0.33472561800772	0.149785337472527
31.6370996878684	0.334468201055864	0.149603411414257
31.6471019008199	0.334210784104008	0.149421485355987
31.6571104402618	0.333953367152152	0.149239559297716
31.6671253121983	0.333695950200296	0.149057633239446
31.6771465226412	0.33343853324844	0.148875707181175
31.6871740776101	0.333181116296584	0.148693781122905
31.697207983132	0.332923699344728	0.148511855064634
31.7072482452416	0.332666282392872	0.148329929006364
31.7172948699813	0.332408865441016	0.148148002948093
31.7273478634011	0.33215144848916	0.147966076889823
31.7374072315587	0.331894031537304	0.147784150831552
31.7474729805194	0.331636598612139	0.147602265777717
31.7575451163565	0.331374877978389	0.147431387527567
31.7676236451506	0.331113157344639	0.147260509277417
31.7777085729902	0.330851436710889	0.147089631027267
31.7877999059717	0.330589716077139	0.146918752777117
31.797897650199	0.330327995443389	0.146747874526967
31.8080018117838	0.330066274809639	0.146576996276817
31.8181123968457	0.329804554175889	0.146406118026667
31.828229411512	0.329542833542139	0.146235239776517
31.8383528619177	0.329281112908389	0.146064361526368
31.8484827542058	0.329019392274639	0.145893483276218
31.8586190945271	0.328757671640889	0.145722605026068
31.86876188904	0.328495951007139	0.145551726775918
31.878911143911	0.328234230373389	0.145380848525768
31.8890668653143	0.327972509739639	0.145209970275618
31.8992290594321	0.327710789105889	0.145039092025468
31.9093977324544	0.327449068472139	0.144868213775318
31.9195728905791	0.327187347838389	0.144697335525168
31.929754540012	0.326925627204639	0.144526457275018
31.9399426869668	0.326663906570889	0.144355579024868
31.9501373376653	0.326402185937139	0.144184700774718
31.9603384983371	0.326140465303389	0.144013822524568
31.9705461752197	0.325878744669639	0.143842944274418
31.9807603745587	0.325617024035889	0.143672066024268
31.9909811026076	0.325355303402139	0.143501187774118
32.0012083656279	0.325093582768389	0.143330309523968
32.0114421698892	0.324831862134639	0.143159431273818
32.0216825216691	0.324570141500889	0.142988553023668
32.0319294272531	0.324308420867139	0.142817674773519
32.0421828929349	0.324046700233389	0.142646796523369
32.0524429250162	0.323784979599639	0.142475918273219
32.0627095298068	0.323523258965889	0.142305040023069
32.0729827136245	0.323261538332139	0.142134161772919
32.0832624827954	0.322999817698389	0.141963283522769
32.0935488436534	0.322738097064639	0.141792405272619
32.1038418025408	0.322476376430889	0.141621527022469
32.114141365808	0.322214655797139	0.141450648772319
32.1244475398134	0.321952935163389	0.141279770522169
32.1347603309238	0.321691214529639	0.141108892272019
32.1450797455138	0.321429493895889	0.140938014021869
32.1554057899667	0.321167773262139	0.140767135771719
32.1657384706735	0.320906052628389	0.140596257521569
32.1760777940339	0.320644331994639	0.140425379271419
32.1864237664553	0.320382611360889	0.140254501021269
32.1967763943538	0.320120890727139	0.140083622771119
32.2071356841536	0.319859170093389	0.13991274452097
32.2175016422871	0.319597449459639	0.13974186627082
32.2278742751951	0.319335728825889	0.13957098802067
32.2382535893266	0.319074008192139	0.13940010977052
32.2486395911389	0.318812287558389	0.13922923152037
32.2590322870976	0.318550566924639	0.13905835327022
32.269431683677	0.318290149510003	0.138895419703996
32.2798377873591	0.318030005511414	0.138734152936591
32.2902506046349	0.317769861512826	0.138572886169186
32.3006701420034	0.317509717514237	0.138411619401781
32.3110964059721	0.317249573515649	0.138250352634375
32.3215294030569	0.31698942951706	0.13808908586697
32.3319691397821	0.316729285518471	0.137927819099565
32.3424156226804	0.316469141519883	0.137766552332159
32.3528688582931	0.316208997521294	0.137605285564754
32.3633288531698	0.315948853522706	0.137444018797349
32.3737956138687	0.315688709524117	0.137282752029944
32.3842691469563	0.315428565525528	0.137121485262538
32.3947494590077	0.31516842152694	0.136960218495133
32.4052365566066	0.314908277528351	0.136798951727728
32.4157304463452	0.314648133529763	0.136637684960322
32.4262311348241	0.314387989531174	0.136476418192917
32.4367386286525	0.314127845532585	0.136315151425512
32.4472529344484	0.313867701533997	0.136153884658106
32.4577740588382	0.313607557535408	0.135992617890701
32.4683020084567	0.31334741353682	0.135831351123296
32.4788367899477	0.313087269538231	0.135670084355891
32.4893784099633	0.312827125539642	0.135508817588485
32.4999268751645	0.312566981541054	0.13534755082108
32.5104821922208	0.312306837542465	0.135186284053675
32.5210443678104	0.312046693543877	0.135025017286269
32.5316134086202	0.311786549545288	0.134863750518864
32.5421893213457	0.311526405546699	0.134702483751459
32.5527721126912	0.311266261548111	0.134541216984054
32.5633617893698	0.311006117549522	0.134379950216648
32.5739583581031	0.310745973550934	0.134218683449243
32.5845618256218	0.310485829552345	0.134057416681838
32.595172198665	0.310225685553756	0.133896149914432
32.6057894839808	0.309965541555168	0.133734883147027
32.616413688326	0.309705397556579	0.133573616379622
32.6270448184664	0.309445253557991	0.133412349612217
32.6376828811763	0.309185109559402	0.133251082844811
32.6483278832391	0.308924965560813	0.133089816077406
32.658979831447	0.308664821562225	0.132928549310001
32.669638732601	0.308404677563636	0.132767282542595
32.6803045935109	0.308144533565048	0.13260601577519
32.6909774209957	0.307884389566459	0.132444749007785
32.701657221883	0.30762424556787	0.13228348224038
32.7123440030095	0.307364101569282	0.132122215472974
32.7230377712208	0.307103957570693	0.131960948705569
32.7337385333714	0.306843813572105	0.131799681938164
32.7444462963248	0.306583669573516	0.131638415170758
32.7551610669535	0.306323525574927	0.131477148403353
32.765882852139	0.306063381576339	0.131315881635948
32.7766116587719	0.30580323757775	0.131154614868542
32.7873474937516	0.305542921910463	0.130996330698026
32.7980903639867	0.305282386843737	0.130841858405222
32.8088402763948	0.305021851777011	0.130687386112418
32.8195972379027	0.304761316710285	0.130532913819614
32.8303612554461	0.304500781643559	0.13037844152681
32.84113233597	0.304240246576833	0.130223969234006
32.8519104864284	0.303979711510107	0.130069496941202
32.8626957137843	0.303719176443381	0.129915024648398
32.8734880250102	0.303458641376655	0.129760552355594
32.8842874270873	0.303198106309929	0.12960608006279
32.8950939270064	0.302937571243204	0.129451607769986
32.9059075317674	0.302677036176478	0.129297135477182
32.9167282483791	0.302416501109752	0.129142663184378
32.9275560838599	0.302155966043026	0.128988190891574
32.9383910452373	0.3018954309763	0.12883371859877
32.9492331395479	0.301634895909574	0.128679246305966
32.9600823738379	0.301374360842848	0.128524774013162
32.9709387551624	0.301113825776122	0.128370301720358
32.9818022905862	0.300853290709396	0.128215829427554
32.992672987183	0.30059275564267	0.12806135713475
33.0035508520362	0.300332220575944	0.127906884841946
33.0144358922382	0.300071685509218	0.127752412549142
33.0253281148912	0.299811150442492	0.127597940256338
33.0362275271062	0.299550615375766	0.127443467963534
33.0471341360042	0.29929008030904	0.12728899567073
33.0580479487151	0.299029545242314	0.127134523377926
33.0689689723785	0.298769010175588	0.126980051085122
33.0798972141434	0.298508475108862	0.126825578792318
33.0908326811682	0.298247940042136	0.126671106499514
33.1017753806208	0.29798740497541	0.12651663420671
33.1127253196785	0.297726869908684	0.126362161913906
33.1236825055283	0.297466334841958	0.126207689621102
33.1346469453666	0.297205799775232	0.126053217328298
33.1456186463992	0.296945264708506	0.125898745035494
33.1565976158417	0.29668472964178	0.12574427274269
33.167583860919	0.296424194575054	0.125589800449886
33.1785773888659	0.296163659508328	0.125435328157082
33.1895782069264	0.295903124441602	0.125280855864278
33.2005863223545	0.295642589374876	0.125126383571474
33.2116017424135	0.29538205430815	0.12497191127867
33.2226244743766	0.295121519241424	0.124817438985866
33.2336545255264	0.294860984174698	0.124662966693062
33.2446919031556	0.294600449107972	0.124508494400258
33.255736614566	0.294339914041246	0.124354022107454
33.2667886670696	0.29407937897452	0.12419954981465
33.277848067988	0.293818843907794	0.124045077521846
33.2889148246523	0.293558308841068	0.123890605229042
33.2999889444037	0.293297773774342	0.123736132936238
33.3110704345929	0.293037238707616	0.123581660643434
33.3221593025805	0.292775482367565	0.123432577655684
33.333255555737	0.292513479432262	0.123284582857624
33.3443592014426	0.292251476496959	0.123136588059565
33.3554702470873	0.291989473561656	0.122988593261505
33.3665887000711	0.291727470626353	0.122840598463446
33.3777145678037	0.291465467691049	0.122692603665386
33.3888478577047	0.291203464755746	0.122544608867327
33.3999885772039	0.290941461820443	0.122396614069267
33.4111367337406	0.29067945888514	0.122248619271208
33.4222923347644	0.290417455949836	0.122100624473148
33.4334553877345	0.290155453014533	0.121952629675089
33.4446259001203	0.28989345007923	0.121804634877029
33.4558038794012	0.289631447143927	0.12165664007897
33.4669893330665	0.289369444208623	0.12150864528091
33.4781822686155	0.28910744127332	0.121360650482851
33.4893826935577	0.288845438338017	0.121212655684791
33.5005906154125	0.288583435402714	0.121064660886732
33.5118060417095	0.288321432467411	0.120916666088672
33.5230289799881	0.288059429532107	0.120768671290613
33.5342594377981	0.287797426596804	0.120620676492553
33.5454974226994	0.287535423661501	0.120472681694494
33.5567429422619	0.287273420726198	0.120324686896434
33.5679960040658	0.287011417790894	0.120176692098375
33.5792566157012	0.286749414855591	0.120028697300315
33.5905247847687	0.286487411920288	0.119880702502256
33.601800518879	0.286225408984985	0.119732707704196
33.613083825653	0.285963406049681	0.119584712906137
33.6243747127218	0.285701403114378	0.119436718108077
33.6356731877268	0.285439400179075	0.119288723310017
33.6469792583196	0.285177397243772	0.119140728511958
33.6582929321624	0.284915394308469	0.118992733713898
33.6696142169273	0.284653391373165	0.118844738915839
33.6809431202969	0.284391388437862	0.118696744117779
33.6922796499642	0.284129385502559	0.11854874931972
33.7036238136324	0.283867382567256	0.11840075452166
33.7149756190154	0.283605379631952	0.118252759723601
33.7263350738371	0.283343376696649	0.118104764925541
33.737702185832	0.283081373761346	0.117956770127482
33.7490769627451	0.282819370826043	0.117808775329422
33.7604594123317	0.282557367890739	0.117660780531363
33.7718495423577	0.282295364955436	0.117512785733303
33.7832473605994	0.282033362020133	0.117364790935244
33.7946528748435	0.28177135908483	0.117216796137184
33.8060660928876	0.281509356149527	0.117068801339125
33.8174870225394	0.281247353214223	0.116920806541065
33.8289156716173	0.28098535027892	0.116772811743006
33.8403520479504	0.280723347343617	0.116624816944946
33.8517961593783	0.280461333663598	0.116476856933033
33.8632480137512	0.280197409902044	0.11633508083311
33.8747076189299	0.27993348614049	0.116193304733188
33.8861749827858	0.279669562378936	0.116051528633265
33.8976501132012	0.279405638617382	0.115909752533343
33.9091330180688	0.279141714855828	0.115767976433421
33.9206237052922	0.278877791094273	0.115626200333498
33.9321221827856	0.278613867332719	0.115484424233576
33.9436284584739	0.278349943571165	0.115342648133654
33.9551425402929	0.278086019809611	0.115200872033731
33.966664436189	0.277822096048057	0.115059095933809
33.9781941541197	0.277558172286503	0.114917319833886
33.9897317020528	0.277294248524949	0.114775543733964
34.0012770879674	0.277030324763395	0.114633767634042
34.0128303198533	0.27676640100184	0.114491991534119
34.0243914057109	0.276502477240286	0.114350215434197
34.0359603535519	0.276238553478732	0.114208439334275
34.0475371713987	0.275974629717178	0.114066663234352
34.0591218672846	0.275710705955624	0.11392488713443
34.0707144492537	0.27544678219407	0.113783111034507
34.0823149253614	0.275182858432516	0.113641334934585
34.0939233036739	0.274918934670962	0.113499558834663
34.1055395922683	0.274655010909408	0.11335778273474
34.1171637992328	0.274391087147853	0.113216006634818
34.1287959326666	0.274127163386299	0.113074230534896
34.1404360006801	0.273863239624745	0.112932454434973
34.1520840113945	0.273599315863191	0.112790678335051
34.1637399729423	0.273335392101637	0.112648902235128
34.1754038934671	0.273071468340083	0.112507126135206
34.1870757811234	0.272807544578529	0.112365350035284
34.1987556440771	0.272543620816974	0.112223573935361
34.2104434905052	0.27227969705542	0.112081797835439
34.2221393285959	0.272015773293866	0.111940021735517
34.2338431665483	0.271751849532312	0.111798245635594
34.2455550125733	0.271487925770758	0.111656469535672
34.2572748748924	0.271224002009204	0.11151469343575
34.2690027617389	0.27096007824765	0.111372917335827
34.2807386813571	0.270696154486096	0.111231141235905
34.2924826420026	0.270432230724541	0.111089365135982
34.3042346519424	0.270168306962987	0.11094758903606
34.3159947194547	0.269904383201433	0.110805812936138
34.3277628528293	0.269640459439879	0.110664036836215
34.3395390603672	0.269376535678325	0.110522260736293
34.3513233503808	0.269112611916771	0.110380484636371
34.3631157311938	0.268848688155217	0.110238708536448
34.3749162111417	0.268584764393663	0.110096932436526
34.3867247985712	0.268320840632108	0.109955156336603
34.3985415018403	0.268056916870554	0.109813380236681
34.4103663293189	0.267790559272006	0.109676699425207
34.4221992893881	0.267524051099068	0.109540333844355
34.4340403904407	0.26725754292613	0.109403968263503
34.4458896408809	0.266991034753192	0.109267602682651
34.4577470491247	0.266724526580254	0.109131237101799
34.4696126235994	0.266458018407316	0.108994871520947
34.4814863727442	0.266191510234378	0.108858505940095
34.4933683050097	0.26592500206144	0.108722140359243
34.5052584288583	0.265658493888502	0.108585774778391
34.517156752764	0.265391985715564	0.108449409197539
34.5290632852125	0.265125477542626	0.108313043616686
34.5409780347012	0.264858969369689	0.108176678035834
34.5529010097394	0.264592461196751	0.108040312454982
34.5648322188479	0.264325953023813	0.10790394687413
34.5767716705594	0.264059444850875	0.107767581293278
34.5887193734184	0.263792936677937	0.107631215712426
34.6006753359812	0.263526428504999	0.107494850131574
34.6126395668159	0.263259920332061	0.107358484550722
34.6246120745025	0.262993412159123	0.10722211896987
34.6365928676328	0.262726903986185	0.107085753389017
34.6485819548106	0.262460395813247	0.106949387808165
34.6605793446516	0.262193887640309	0.106813022227313
34.6725850457834	0.261927379467371	0.106676656646461
34.6845990668455	0.261660871294433	0.106540291065609
34.6966214164896	0.261394363121495	0.106403925484757
34.708652103379	0.261127854948557	0.106267559903905
34.7206911361895	0.260861346775619	0.106131194323053
34.7327385236085	0.260594838602681	0.105994828742201
34.7447942743359	0.260328330429744	0.105858463161349
34.7568583970832	0.260061822256806	0.105722097580496
34.7689309005744	0.259795314083868	0.105585731999644
34.7810117935455	0.25952880591093	0.105449366418792
34.7931010847445	0.259262297737992	0.10531300083794
34.8051987829318	0.258995789565054	0.105176635257088
34.8173048968799	0.258729281392116	0.105040269676236
34.8294194353733	0.258462773219178	0.104903904095384
34.8415424072091	0.25819626504624	0.104767538514532
34.8536738211965	0.257929756873302	0.10463117293368
34.8658136861568	0.257663248700364	0.104494807352827
34.8779620109238	0.257396740527426	0.104358441771975
34.8901188043435	0.257130232354488	0.104222076191123
34.9022840752745	0.25686372418155	0.104085710610271
34.9144578325873	0.256597216008612	0.103949345029419
34.9266400851651	0.256330707835674	0.103812979448567
34.9388308419035	0.256064199662736	0.103676613867715
34.9510301117105	0.255797691489798	0.103540248286863
34.9632379035064	0.255528444915053	0.103407262426203
34.975454226224	0.255257542347617	0.103276320382457
34.9876790888089	0.254986639780182	0.103145378338711
34.9999125002187	0.254715737212747	0.103014436294965
35.0121544694241	0.254444834645312	0.102883494251219
35.0244050054078	0.254173932077876	0.102752552207473
35.0366641171654	0.253903029510441	0.102621610163728
35.0489318137051	0.253632126943006	0.102490668119982
35.0612081040477	0.25336122437557	0.102359726076236
35.0734929972264	0.253090321808135	0.10222878403249
35.0857865022874	0.2528194192407	0.102097841988744
35.0980886282895	0.252548516673265	0.101966899944998
35.110399384304	0.252277614105829	0.101835957901252
35.1227187794153	0.252006711538394	0.101705015857506
35.1350468227202	0.251735808970959	0.10157407381376
35.1473835233284	0.251464906403523	0.101443131770015
35.1597288903625	0.251194003836088	0.101312189726269
35.1720829329578	0.250923101268653	0.101181247682523
35.1844456602625	0.250652198701217	0.101050305638777
35.1968170814377	0.250381296133782	0.100919363595031
35.2091972056573	0.250110393566347	0.100788421551285
35.2215860421081	0.249839490998911	0.100657479507539
35.23398359999	0.249568588431476	0.100526537463793
35.2463898885157	0.249297685864041	0.100395595420048
35.2588049169109	0.249026783296606	0.100264653376302
35.2712286944143	0.24875588072917	0.100133711332556
35.2836612302778	0.248484978161735	0.10000276928881
35.296102533766	0.2482140755943	0.099871827245064
35.308552614157	0.247943173026864	0.0997408852013181
35.3210114807416	0.247672270459429	0.0996099431575723
35.3334791428239	0.247401367891994	0.0994790011138264
35.3459556097213	0.247130465324559	0.0993480590700805
35.358440890764	0.246859562757123	0.0992171170263346
35.3709349952957	0.246588660189688	0.0990861749825887
35.3834379326731	0.246317757622253	0.0989552329388428
35.3959497122663	0.246046855054817	0.0988242908950969
35.4084703434586	0.245775952487382	0.0986933488513511
35.4209998356466	0.245505049919947	0.0985624068076052
35.43353819824	0.245234147352512	0.0984314647638593
35.4460854406622	0.244963244785076	0.0983005227201134
35.4586415723496	0.244692342217641	0.0981695806763676
35.4712066027523	0.244421439650206	0.0980386386326217
35.4837805413335	0.24415053708277	0.0979076965888758
35.4963633975699	0.243879634515335	0.0977767545451299
35.5089551809519	0.2436087319479	0.097645812501384
35.521555900983	0.243337590736048	0.0975151029794538
35.5341655671804	0.243060987476072	0.0973897153727168
35.5467841890748	0.242784384216097	0.0972643277659798
35.5594117762104	0.242507780956121	0.0971389401592428
35.5720483381451	0.242231177696145	0.0970135525525058
35.5846938844501	0.24195457443617	0.0968881649457688
35.5973484247105	0.241677971176194	0.0967627773390318
35.610011968525	0.241401367916219	0.0966373897322948
35.6226845255058	0.241124764656243	0.0965120021255578
35.635366105279	0.240848161396268	0.0963866145188208
35.6480567174842	0.240571558136292	0.0962612269120837
35.6607563717748	0.240294954876317	0.0961358393053468
35.6734650778181	0.240018351616341	0.0960104516986098
35.686182845295	0.239741748356365	0.0958850640918728
35.6989096839004	0.23946514509639	0.0957596764851358
35.7116456033429	0.239188541836414	0.0956342888783987
35.7243906133449	0.238911938576439	0.0955089012716617
35.7371447236429	0.238635335316463	0.0953835136649247
35.749907943987	0.238358732056488	0.0952581260581878
35.7626802841417	0.238082128796512	0.0951327384514507
35.7754617538849	0.237805525536537	0.0950073508447137
35.7882523630088	0.237528922276561	0.0948819632379767
35.8010521213197	0.237252319016585	0.0947565756312397
35.8138610386378	0.23697571575661	0.0946311880245027
35.8266791247972	0.236699112496634	0.0945058004177657
35.8395063896464	0.236422509236659	0.0943804128110287
35.8523428430478	0.236145905976683	0.0942550252042917
35.8651884948779	0.235869302716708	0.0941296375975547
35.8780433550276	0.235592699456732	0.0940042499908177
35.8909074334017	0.235316096196757	0.0938788623840807
35.9037807399195	0.235039492936781	0.0937534747773437
35.9166632845142	0.234762889676805	0.0936280871706066
35.9295550771336	0.23448628641683	0.0935026995638697
35.9424561277395	0.234209683156854	0.0933773119571327
35.9553664463082	0.233933079896879	0.0932519243503957
35.9682860428303	0.233656476636903	0.0931265367436586
35.9812149273108	0.233379873376928	0.0930011491369216
35.9941531097689	0.233103270116952	0.0928757615301846
36.0071006002384	0.232826666856977	0.0927503739234477
36.0200574087675	0.232550063597001	0.0926249863167107
36.0330235454189	0.232273460337025	0.0924995987099736
36.0459990202698	0.23199685707705	0.0923742111032366
36.0589838434117	0.231720253817074	0.0922488234964996
36.071978024951	0.231443650557099	0.0921234358897626
36.0849815750084	0.231167047297123	0.0919980482830256
36.0979945037194	0.230888829294145	0.0918736702761098
36.1110168212339	0.230603706530583	0.0917536093927484
36.1240485377166	0.23031858376702	0.0916335485093869
36.1370896633469	0.230033461003458	0.0915134876260255
36.1501402083188	0.229748338239896	0.0913934267426641
36.1632001828411	0.229463215476334	0.0912733658593026
36.1762695971374	0.229178092712771	0.0911533049759412
36.189348461446	0.228892969949209	0.0910332440925798
36.2024367860201	0.228607847185647	0.0909131832092184
36.2155345811275	0.228322724422085	0.090793122325857
36.2286418570512	0.228037601658522	0.0906730614424955
36.2417586240889	0.22775247889496	0.0905530005591341
36.2548848925532	0.227467356131398	0.0904329396757727
36.2680206727718	0.227182233367836	0.0903128787924112
36.2811659750872	0.226897110604273	0.0901928179090498
36.294320809857	0.226611987840711	0.0900727570256884
36.3074851874537	0.226326865077149	0.089952696142327
36.3206591182652	0.226041742313587	0.0898326352589655
36.333842612694	0.225756619550024	0.0897125743756041
36.347035681158	0.225471496786462	0.0895925134922427
36.3602383340902	0.2251863740229	0.0894724526088813
36.3734505819388	0.224901251259338	0.0893523917255199
36.3866724351671	0.224616128495775	0.0892323308421584
36.3999039042537	0.224331005732213	0.089112269958797
36.4131449996923	0.224045882968651	0.0889922090754356
36.4263957319921	0.223760760205089	0.0888721481920741
36.4396561116774	0.223475637441526	0.0887520873087127
36.4529261492879	0.223190514677964	0.0886320264253513
36.4662058553787	0.222905391914402	0.0885119655419899
36.4794952405203	0.22262026915084	0.0883919046586284
36.4927943152985	0.222335146387277	0.088271843775267
36.5061030903146	0.222050023623715	0.0881517828919056
36.5194215761855	0.221764900860153	0.0880317220085441
36.5327497835435	0.221479778096591	0.0879116611251827
36.5460877230362	0.221194655333028	0.0877916002418213
36.5594354053272	0.220909532569466	0.0876715393584599
36.5727928410952	0.220624409805904	0.0875514784750985
36.586160041035	0.220339287042342	0.087431417591737
36.5995370158568	0.220054164278779	0.0873113567083756
36.6129237762863	0.219769041515217	0.0871912958250141
36.6263203330651	0.219483918751655	0.0870712349416527
36.6397266969506	0.219198795988093	0.0869511740582914
36.6531428787158	0.21891367322453	0.0868311131749299
36.6665688891496	0.218628550460968	0.0867110522915685
36.6800047390566	0.218342544232024	0.0865912484321258
36.6934504392573	0.218039931481046	0.0864762758580506
36.7069060005881	0.217737318730067	0.0863613032839754
36.7203714339011	0.217434705979089	0.0862463307099002
36.7338467500647	0.217132093228111	0.086131358135825
36.747331959963	0.216829480477133	0.0860163855617498
36.7608270744962	0.216526867726154	0.0859014129876745
36.7743321045803	0.216224254975176	0.0857864404135993
36.7878470611477	0.215921642224197	0.0856714678395241
36.8013719551465	0.215619029473219	0.0855564952654489
36.8149067975412	0.215316416722241	0.0854415226913737
36.8284515993123	0.215013803971263	0.0853265501172985
36.8420063714566	0.214711191220284	0.0852115775432233
36.8555711249868	0.214408578469306	0.085096604969148
36.8691458709322	0.214105965718327	0.0849816323950728
36.882730620338	0.213803352967349	0.0848666598209976
36.896325384266	0.213500740216371	0.0847516872469224
36.9099301737941	0.213198127465393	0.0846367146728472
36.9235450000166	0.212895514714414	0.084521742098772
36.9371698740443	0.212592901963436	0.0844067695246968
36.9508048070041	0.212290289212457	0.0842917969506215
36.9644498100397	0.211987676461479	0.0841768243765463
36.978104894311	0.211685063710501	0.0840618518024711
36.9917700709946	0.211382450959522	0.0839468792283958
37.0054453512834	0.211079838208544	0.0838319066543207
37.0191307463871	0.210777225457566	0.0837169340802455
37.0328262675318	0.210474612706587	0.0836019615061702
37.0465319259603	0.210171999955609	0.083486988932095
37.060247732932	0.209869387204631	0.0833720163580198
37.0739736997231	0.209566774453652	0.0832570437839446
37.0877098376263	0.209264161702674	0.0831420712098694
37.1014561579513	0.208961548951696	0.0830270986357942
37.1152126720244	0.208658936200717	0.0829121260617189
37.1289793911887	0.208356323449739	0.0827971534876437
37.1427563268043	0.208053710698761	0.0826821809135685
37.1565434902479	0.207751097947782	0.0825672083394933
37.1703408929134	0.207448485196804	0.082452235765418
37.1841485462113	0.207145872445826	0.0823372631913429
37.1979664615695	0.206843259694847	0.0822222906172676
37.2117946504324	0.206540646943869	0.0821073180431924
37.2256331242618	0.206238034192891	0.0819923454691172
37.2394818945363	0.205935421441912	0.081877372895042
37.2533409727518	0.205632808690934	0.0817624003209668
37.2672103704212	0.205330195939956	0.0816474277468915
37.2810900990745	0.205021351063036	0.0815564151372378
37.294980170259	0.204708518004424	0.0814807354480651
37.3088805955393	0.204395684945811	0.0814050557588923
37.3227913864969	0.204082851887198	0.0813293760697195
37.336712554731	0.203770018828586	0.0812536963805467
37.3506441118577	0.203457185769973	0.081178016691374
37.3645860695108	0.20314435271136	0.0811023370022012
37.3785384393414	0.202831519652748	0.0810266573130285
37.3925012330177	0.202518686594135	0.0809509776238557
37.4064744622258	0.202205853535523	0.0808752979346829
37.420458138669	0.20189302047691	0.0807996182455102
37.4344522740681	0.201580187418297	0.0807239385563374
37.4484568801616	0.201267354359685	0.0806482588671646
37.4624719687054	0.200954521301072	0.0805725791779919
37.476497551473	0.20064168824246	0.0804968994888191
37.4905336402558	0.200328855183847	0.0804212197996463
37.5045802468627	0.200016022125234	0.0803455401104736
37.5186373831201	0.199703189066622	0.0802698604213008
37.5327050608724	0.199390356008009	0.080194180732128
37.5467832919818	0.199077522949396	0.0801185010429552
37.5608720883281	0.198764689890784	0.0800428213537825
37.5749714618092	0.198451856832171	0.0799671416646097
37.5890814243405	0.198139023773558	0.079891461975437
37.6032019878557	0.197826190714946	0.0798157822862642
37.6173331643061	0.197513357656333	0.0797401025970914
37.6314749656613	0.19720052459772	0.0796644229079186
37.6456274039086	0.196887691539108	0.0795887432187459
37.6597904910535	0.196574858480495	0.0795130635295731
37.6739642391197	0.196262025421883	0.0794373838404004
37.6881486601486	0.19594919236327	0.0793617041512276
37.7023437662002	0.195636359304657	0.0792860244620548
37.7165495693524	0.195323526246045	0.0792103447728821
37.7307660817015	0.195010693187432	0.0791346650837093
37.7449933153617	0.194697860128819	0.0790589853945365
37.7592312824659	0.194385027070207	0.0789833057053638
37.773479995165	0.194072194011594	0.078907626016191
37.7877394656285	0.193759360952981	0.0788319463270182
37.802009706044	0.193446527894369	0.0787562666378455
37.8162907286178	0.193133694835756	0.0786805869486727
37.8305825455745	0.192820861777143	0.0786049072594999
37.8448851691572	0.192508028718531	0.0785292275703272
37.8591986116275	0.192195195659918	0.0784535478811544
37.8735228852656	0.191882362601306	0.0783778681919816
37.8878580023703	0.191575600888268	0.078308144653476
37.902203975259	0.19126976784589	0.0782393321654616
37.9165608162677	0.190963934803513	0.0781705196774473
37.9309285377513	0.190658101761135	0.078101707189433
37.9453071520833	0.190352268718757	0.0780328947014187
37.9596966716558	0.19004643567638	0.0779640822134044
37.9740971088801	0.189740602634002	0.0778952697253901
37.988508476186	0.189434769591624	0.0778264572373757
38.0029307860222	0.189128936549246	0.0777576447493614
38.0173640508566	0.188823103506869	0.0776888322613471
38.0318082831757	0.188517270464491	0.0776200197733328
38.0462634954852	0.188211437422113	0.0775512072853185
38.0607297003098	0.187905604379735	0.0774823947973042
38.0752069101932	0.187599771337358	0.0774135823092899
38.0896951376981	0.18729393829498	0.0773447698212756
38.1041943954065	0.186988105252602	0.0772759573332612
38.1187046959195	0.186682272210224	0.0772071448452469
38.1332260518574	0.186376439167847	0.0771383323572326
38.1477584758597	0.186070606125469	0.0770695198692183
38.1623019805853	0.185764773083091	0.077000707381204
38.1768565787123	0.185458940040714	0.0769318948931897
38.1914222829381	0.185153106998336	0.0768630824051754
38.2059991059796	0.184847273955958	0.076794269917161
38.2205870605731	0.18454144091358	0.0767254574291467
38.2351861594744	0.184235607871203	0.0766566449411324
38.2497964154586	0.183929774828825	0.0765878324531181
38.2644178413205	0.183623941786447	0.0765190199651038
38.2790504498745	0.183318108744069	0.0764502074770895
38.2936942539546	0.183012275701692	0.0763813949890751
38.3083492664143	0.182706442659314	0.0763125825010608
38.3230155001269	0.182400609616936	0.0762437700130465
38.3376929679853	0.182094776574559	0.0761749575250322
38.3523816829025	0.181788943532181	0.0761061450370179
38.3670816578109	0.181483110489803	0.0760373325490036
38.3817929056629	0.181177277447425	0.0759685200609893
38.3965154394308	0.180871444405047	0.075899707572975
38.4112492721068	0.18056561136267	0.0758308950849606
38.425994416703	0.180259778320292	0.0757620825969463
38.4407508862515	0.179953945277914	0.075693270108932
38.4555186938045	0.179648112235537	0.0756244576209177
38.4702978524341	0.179342279193159	0.0755556451329034
38.4850883752327	0.179036446150781	0.0754868326448891
38.4998902753127	0.178726307131582	0.075431427618792
38.5147035658068	0.178415057757759	0.0753794798889054
38.5295282598678	0.178103808383936	0.0753275321590188
38.5443643706688	0.177792559010112	0.0752755844291323
38.5592119114033	0.177481309636289	0.0752236366992457
38.5740708952849	0.177170060262466	0.0751716889693591
38.5889413355478	0.176858810888642	0.0751197412394726
38.6038232454466	0.176547561514819	0.075067793509586
38.6187166382562	0.176236312140995	0.0750158457796994
38.633621527272	0.175925062767172	0.0749638980498129
38.6485379258103	0.175613813393349	0.0749119503199263
38.6634658472074	0.175302564019525	0.0748600025900397
38.6784053048207	0.174991314645702	0.0748080548601532
38.6933563120279	0.174680065271878	0.0747561071302666
38.7083188822276	0.174368815898055	0.07470415940038
38.7232930288392	0.174057566524232	0.0746522116704934
38.7382787653026	0.173746317150408	0.0746002639406069
38.7532761050787	0.173435067776585	0.0745483162107203
38.7682850616493	0.173123818402762	0.0744963684808337
38.783305648517	0.172812569028938	0.0744444207509472
38.7983378792053	0.172501319655115	0.0743924730210606
38.8133817672587	0.172190070281291	0.074340525291174
38.8284373262427	0.171878820907468	0.0742885775612874
38.8435045697441	0.171567571533645	0.0742366298314009
38.8585835113704	0.171256322159821	0.0741846821015143
38.8736741647505	0.170945072785998	0.0741327343716277
38.8887765435344	0.170633823412174	0.0740807866417412
38.9038906613934	0.170322574038351	0.0740288389118546
38.9190165320199	0.170011324664528	0.073976891181968
38.9341541691276	0.169700075290704	0.0739249434520814
38.9493035864519	0.169388825916881	0.0738729957221949
38.9644647977491	0.169077576543058	0.0738210479923083
38.9796378167973	0.168766327169234	0.0737691002624218
38.9948226573958	0.168455077795411	0.0737171525325352
39.0100193333656	0.168143828421587	0.0736652048026486
39.0252278585492	0.167832579047764	0.073613257072762
39.0404482468106	0.167521329673941	0.0735613093428755
39.0556805120356	0.167210080300117	0.0735093616129889
39.0709246681316	0.166898830926294	0.0734574138831023
39.0861807290276	0.16658758155247	0.0734054661532158
39.1014487086747	0.166276332178647	0.0733535184233292
39.1167286210454	0.165962025773778	0.0733036573148258
39.1320204801343	0.165643126906794	0.0732569308587046
39.1473242999578	0.16532422803981	0.0732102044025835
39.1626400945543	0.165005329172827	0.0731634779464623
39.1779678779841	0.164686430305843	0.0731167514903412
39.1933076643297	0.164367531438859	0.07307002503422
39.2086594676954	0.164048632571875	0.0730232985780988
39.2240233022078	0.163729733704891	0.0729765721219777
39.2393991820155	0.163410834837908	0.0729298456658565
39.2547871212894	0.163091935970924	0.0728831192097353
39.2701871342228	0.16277303710394	0.0728363927536142
39.2855992350308	0.162454138236956	0.072789666297493
39.3010234379514	0.162135239369973	0.0727429398413718
39.3164597572445	0.161816340502989	0.0726962133852506
39.3319082071926	0.161497441636005	0.0726494869291295
39.3473688021008	0.161178542769021	0.0726027604730083
39.3628415562965	0.160859643902037	0.0725560340168872
39.3783264841298	0.160540745035054	0.072509307560766
39.3938235999731	0.16022184616807	0.0724625811046448
39.4093329182217	0.159902947301086	0.0724158546485237
39.4248544532936	0.159584048434102	0.0723691281924025
39.4403882196293	0.159265149567118	0.0723224017362813
39.4559342316923	0.158946250700135	0.0722756752801602
39.4714925039689	0.158627351833151	0.072228948824039
39.4870630509679	0.158308452966167	0.0721822223679178
39.5026458872215	0.157989554099183	0.0721354959117966
39.5182410272846	0.1576706552322	0.0720887694556755
39.533848485735	0.157351756365216	0.0720420429995543
39.5494682771738	0.157032857498232	0.0719953165434331
39.5651004162249	0.156713958631248	0.071948590087312
39.5807449175355	0.156395059764264	0.0719018636311908
39.596401795776	0.156076160897281	0.0718551371750697
39.61207106564	0.155757262030297	0.0718084107189485
39.6277527418442	0.155438363163313	0.0717616842628273
39.6434468391289	0.155119464296329	0.0717149578067061
39.6591533722575	0.154800565429345	0.071668231350585
39.6748723560169	0.154481666562362	0.0716215048944638
39.6906038052176	0.154162767695378	0.0715747784383426
39.7063477346933	0.153843868828394	0.0715280519822215
39.7221041593015	0.15352496996141	0.0714813255261003
39.7378730939232	0.153206071094427	0.0714345990699791
39.7536545534631	0.152882638238997	0.0714161413095472
39.7694485528494	0.152556946330389	0.0714117683858031
39.7852551070343	0.152231254421782	0.0714073954620591
39.8010742309935	0.151905562513174	0.0714030225383151
39.8169059397268	0.151579870604567	0.071398649614571
39.8327502482576	0.15125417869596	0.071394276690827
39.8486071716335	0.150928486787352	0.0713899037670829
39.8644767249259	0.150602794878745	0.0713855308433389
39.8803589232303	0.150277102970138	0.0713811579195949
39.8962537816662	0.14995141106153	0.0713767849958508
39.9121613153771	0.149625719152923	0.0713724120721068
39.928081539531	0.149300027244315	0.0713680391483627
39.9440144693198	0.148974335335708	0.0713636662246187
39.9599601199598	0.148648643427101	0.0713592933008747
39.9759185066916	0.148322951518493	0.0713549203771306
39.99188964478	0.147997259609886	0.0713505474533866
40.0078735495145	0.147671567701279	0.0713461745296425
40.0238702362089	0.147345875792671	0.0713418016058985
40.0398797202013	0.147020183884064	0.0713374286821545
40.0559020168547	0.146694491975457	0.0713330557584104
40.0719371415565	0.146368800066849	0.0713286828346664
40.0879851097188	0.146043108158242	0.0713243099109223
40.1040459367784	0.145717416249634	0.0713199369871783
40.1201196381968	0.145391724341027	0.0713155640634343
40.1362062294603	0.14506603243242	0.0713111911396902
40.1523057260802	0.144740340523812	0.0713068182159462
40.1684181435925	0.144414648615205	0.0713024452922021
40.1845434975582	0.144088956706598	0.0712980723684581
40.2006818035634	0.14376326479799	0.071293699444714
40.2168330772191	0.143437572889383	0.07128932652097
40.2329973341616	0.143111880980776	0.071284953597226
40.2491745900521	0.142786189072168	0.0712805806734819
40.2653648605772	0.142460497163561	0.0712762077497379
40.2815681614485	0.142134805254953	0.0712718348259938
40.2977845084033	0.141809113346346	0.0712674619022498
40.3140139172039	0.141483421437739	0.0712630889785058
40.3302564036381	0.141157729529131	0.0712587160547617
40.3465119835193	0.140832037620524	0.0712543431310177
40.3627806726861	0.140506345711917	0.0712499702072736
40.379062487003	0.140180653803309	0.0712455972835296
40.3953574423599	0.13985894542008	0.0712445625959581
40.4116655546723	0.139540205687851	0.071246015669154
40.4279868398817	0.139221465955623	0.0712474687423499
40.4443213139551	0.138902726223394	0.0712489218155458
40.4606689928854	0.138583986491165	0.0712503748887417
40.4770298926913	0.138265246758936	0.0712518279619376
40.4934040294177	0.137946507026708	0.0712532810351335
40.509791419135	0.137627767294479	0.0712547341083295
40.52619207794	0.13730902756225	0.0712561871815254
40.5426060219555	0.136990287830021	0.0712576402547213
40.5590332673303	0.136671548097792	0.0712590933279172
40.5754738302395	0.136352808365564	0.0712605464011131
40.5919277268845	0.136034068633335	0.071261999474309
40.6083949734929	0.135715328901106	0.0712634525475049
40.6248755863185	0.135396589168877	0.0712649056207008
40.6413695816418	0.135077849436649	0.0712663586938967
40.6578769757695	0.13475910970442	0.0712678117670927
40.674397785035	0.134440369972191	0.0712692648402886
40.690932025798	0.134121630239962	0.0712707179134845
40.7074797144452	0.133802890507734	0.0712721709866804
40.7240408673895	0.133484150775505	0.0712736240598763
40.7406155010709	0.133165411043276	0.0712750771330722
40.7572036319559	0.132846671311047	0.0712765302062681
40.7738052765381	0.132527931578818	0.071277983279464
40.7904204513378	0.13220919184659	0.07127943635266
40.8070491729023	0.131890452114361	0.0712808894258559
40.8236914578059	0.131571712382132	0.0712823424990518
40.8403473226498	0.131252972649903	0.0712837955722477
40.8570167840625	0.130934232917675	0.0712852486454436
40.8736998586996	0.130615493185446	0.0712867017186395
40.890396563244	0.130296753453217	0.0712881547918354
40.9071069144056	0.129978013720988	0.0712896078650313
40.9238309289219	0.12965927398876	0.0712910609382272
40.9405686235576	0.129340534256531	0.0712925140114232
40.9573200151051	0.129021794524302	0.0712939670846191
40.9740851203839	0.128703054792073	0.071295420157815
40.9908639562414	0.128384315059844	0.0712968732310109
41.0076565395525	0.128065575327616	0.0712983263042068
41.0244628872196	0.127746835595387	0.0712997793774027
41.0412830161731	0.127424888405845	0.0713029319060749
41.058116943371	0.127080031247927	0.0713182231687706
41.0749646857991	0.12673517409001	0.0713335144314664
41.0918262604712	0.126390316932093	0.0713488056941622
41.1087016844291	0.126045459774175	0.0713640969568579
41.1255909747423	0.125700602616258	0.0713793882195537
41.1424941485088	0.12535574545834	0.0713946794822495
41.1594112228543	0.125010888300423	0.0714099707449452
41.1763422149331	0.124666031142505	0.071425262007641
41.1932871419273	0.124321173984588	0.0714405532703368
41.2102460210477	0.12397631682667	0.0714558445330325
41.2272188695332	0.123631459668753	0.0714711357957283
41.2442057046511	0.123286602510836	0.0714864270584241
41.2612065436973	0.122941745352918	0.0715017183211198
41.2782214039961	0.122596888195001	0.0715170095838156
41.2952503029007	0.122252031037083	0.0715323008465114
41.3122932577924	0.121907173879166	0.0715475921092072
41.3293502860818	0.121562316721248	0.0715628833719029
41.3464214052077	0.121217459563331	0.0715781746345987
41.3635066326383	0.120872602405413	0.0715934658972944
41.3806059858702	0.120527745247496	0.0716087571599902
41.3977194824292	0.120182888089578	0.071624048422686
41.4148471398699	0.119838030931661	0.0716393396853817
41.4319889757764	0.119493173773743	0.0716546309480775
41.4491450077614	0.119148316615826	0.0716699222107733
41.466315253467	0.118803459457908	0.0716852134734691
41.4834997305647	0.118458602299991	0.0717005047361648
41.500698456755	0.118113745142074	0.0717157959988606
41.5179114497681	0.117768887984156	0.0717310872615564
41.5351387273634	0.117424030826239	0.0717463785242521
41.5523803073297	0.117079173668321	0.0717616697869479
41.5696362074857	0.116734316510404	0.0717769610496437
41.5869064456794	0.116389459352486	0.0717922523123394
41.6041910397886	0.116044602194569	0.0718075435750352
41.6214900077208	0.115699745036651	0.071822834837731
41.6388033674133	0.115354887878734	0.0718381261004267
41.6561311368333	0.115010030720816	0.0718534173631225
41.6734733339779	0.114665173562899	0.0718687086258183
41.6908299768741	0.114320316404981	0.071883999888514
41.7082010835791	0.113975459869267	0.0719138390199759
41.72558667218	0.113630604796369	0.0719778806467812
41.7429867607943	0.113285749723472	0.0720419222735866
41.7604013675696	0.112940894650575	0.072105963900392
41.7778305106838	0.112596039577677	0.0721700055271973
41.7952742083453	0.11225118450478	0.0722340471540027
41.8127324787926	0.111906329431883	0.072298088780808
41.830205340295	0.111561474358985	0.0723621304076134
41.8476928111522	0.111216619286088	0.0724261720344187
41.8651949096947	0.110871764213191	0.0724902136612241
41.8827116542833	0.110526909140293	0.0725542552880295
41.90024306331	0.110182054067396	0.0726182969148348
41.9177891551973	0.109837198994499	0.0726823385416402
41.9353499483986	0.109492343921601	0.0727463801684455
41.9529254613983	0.109147488848704	0.0728104217952509
41.9705157127118	0.108802633775807	0.0728744634220563
41.9881207208857	0.10845777870291	0.0729385050488616
42.0057405044973	0.108112923630012	0.073002546675667
42.0233750821557	0.107768068557115	0.0730665883024723
42.0410244725008	0.107423213484218	0.0731306299292777
42.0586886942039	0.10707835841132	0.073194671556083
42.0763677659679	0.106733503338423	0.0732587131828884
42.0940617065269	0.106388648265526	0.0733227548096938
42.1117705346468	0.106043793192628	0.0733867964364991
42.1294942691249	0.105698938119731	0.0734508380633045
42.1472329287901	0.105354083046834	0.0735148796901098
42.1649865325033	0.105009227973936	0.0735789213169152
42.1827550991569	0.104664372901039	0.0736429629437206
42.2005386476753	0.104319517828142	0.0737070045705259
42.2183371970148	0.103974662755244	0.0737710461973313
42.2361507661638	0.103629807682347	0.0738350878241366
42.2539793741425	0.10328495260945	0.073899129450942
42.2718230400035	0.102940097536553	0.0739631710777473
42.2896817828315	0.102595242463655	0.0740272127045527
42.3075556217434	0.102250387390758	0.0740912543313581
42.3254445758885	0.101905532317861	0.0741552959581634
42.3433486644484	0.101560677244963	0.0742193375849688
42.3612679066375	0.101215822172066	0.0742833792117741
42.3792023217022	0.100867906862894	0.0743477271789182
42.397151928922	0.100490522701152	0.0744150250811221
42.4151167476088	0.10011313853941	0.0744823229833261
42.4330967971074	0.0997357543776687	0.07454962088553
42.4510920967953	0.0993583702159269	0.0746169187877339
42.4691026660829	0.098980986054185	0.0746842166899379
42.4871285244135	0.0986036018924432	0.0747515145921418
42.5051696912637	0.0982262177307014	0.0748188124943457
42.5232261861429	0.0978488335689595	0.0748861103965496
42.5412980285937	0.0974714494072177	0.0749534082987535
42.5593852381921	0.0970940652454759	0.0750207062009575
42.5774878345473	0.096716681083734	0.0750880041031614
42.5956058373018	0.0963392969219922	0.0751553020053654
42.6137392661318	0.0959619127602504	0.0752225999075693
42.6318881407466	0.0955845285985085	0.0752898978097732
42.6500524808896	0.0952071444367667	0.0753571957119771
42.6682323063374	0.0948297602750249	0.0754244936141811
42.6864276369007	0.094452376113283	0.075491791516385
42.7046384924238	0.0940749919515412	0.0755590894185889
42.7228648927848	0.0936976077897994	0.0756263873207928
42.7411068578961	0.0933202236280575	0.0756936852229968
42.7593644077037	0.0929428394663157	0.0757609831252007
42.777637562188	0.0925654553045738	0.0758282810274046
42.7959263413634	0.0921880711428321	0.0758955789296086
42.8142307652787	0.0918106869810902	0.0759628768318125
42.8325508540168	0.0914333028193483	0.0760301747340164
42.8508866276952	0.0910559186576066	0.0760974726362204
42.8692381064658	0.0906785344958647	0.0761647705384243
42.8876053105148	0.0903011503341228	0.0762320684406282
42.9059882600635	0.089923766172381	0.0762993663428321
42.9243869753674	0.0895463820106392	0.0763666642450361
42.9428014767171	0.0891689978488974	0.07643396214724
42.9612317844377	0.0887916136871555	0.0765012600494439
42.9796779188896	0.0884142295254137	0.0765685579516479
42.9981399004679	0.0880368453636719	0.0766358558538518
43.0166177496029	0.08765946120193	0.0767031537560557
43.0351114867598	0.0872820770401882	0.0767704516582596
43.0536211324394	0.0869046928784464	0.0768377495604636
43.0721467071775	0.0865116958568366	0.0769858770441356
43.0906882315452	0.0861029812376481	0.0772153763485196
43.1092457261494	0.0856942666184597	0.0774448756529035
43.1278192116321	0.0852855519992712	0.0776743749572874
43.1464087086711	0.0848768373800827	0.0779038742616714
43.1650142379799	0.0844681227608943	0.0781333735660553
43.1836358203077	0.0840594081417058	0.0783628728704392
43.2022734764394	0.0836506935225173	0.0785923721748232
43.220927227196	0.0832419789033289	0.0788218714792071
43.2395970934343	0.0828332642841404	0.079051370783591
43.2582830960472	0.0824245496649519	0.079280870087975
43.2769852559639	0.0820158350457634	0.0795103693923589
43.2957035941495	0.081607120426575	0.0797398686967428
43.3144381316057	0.0811984058073865	0.0799693680011267
43.3331888893704	0.080789691188198	0.0801988673055107
43.3519558885178	0.0803809765690096	0.0804283666098946
43.370739150159	0.0799722619498211	0.0806578659142785
43.3895386954415	0.0795635473306326	0.0808873652186625
43.4083545455493	0.0791548327114441	0.0811168645230464
43.4271867217034	0.0787461180922557	0.0813463638274303
43.4460352451616	0.0783374034730672	0.0815758631318143
43.4649001372187	0.0779286888538787	0.0818053624361982
43.4837814192063	0.0775199742346903	0.0820348617405821
43.5026791124931	0.0771112596155018	0.0822643610449661
43.5215932384853	0.0767025449963133	0.08249386034935
43.5405238186259	0.0762938303771249	0.0827233596537339
43.5594708743954	0.0758851157579364	0.0829528589581178
43.5784344273118	0.0754764011387479	0.0831823582625018
43.5974144989306	0.0750676865195594	0.0834118575668857
43.6164111108446	0.074658971900371	0.0836413568712696
43.6354242846845	0.0742502572811825	0.0838708561756536
43.6544540421187	0.073841542661994	0.0841003554800375
43.6735004048533	0.0734328280428056	0.0843298547844214
43.6925633946325	0.0730241134236171	0.0845593540888054
43.7116430332383	0.0726153988044286	0.0847888533931893
43.7307393424908	0.0722066841852402	0.0850183526975732
43.7498523442483	0.0717979695660517	0.0852478520019572
43.7689820604073	0.0714419173789618	0.085519617212312
43.7881285129026	0.0711384875705258	0.0858336161824749
43.8072917237074	0.0708350577620899	0.0861476151526377
43.8264717148334	0.0705316279536539	0.0864616141228006
43.8456685083309	0.0702281981452179	0.0867756130929635
43.8648821262887	0.0699247683367821	0.0870896120631263
43.8841125908346	0.0696213385283461	0.0874036110332892
43.903359924135	0.0693179087199101	0.0877176100034521
43.9226241483952	0.0690144789114741	0.0880316089736149
43.9419052858597	0.0687110491030382	0.0883456079437777
43.9612033588118	0.0684076192946023	0.0886596069139406
43.9805183895742	0.0681041894861663	0.0889736058841035
43.9998504005086	0.0678007596777304	0.0892876048542663
44.0191994140164	0.0674973298692944	0.0896016038244292
44.0385654525381	0.0671939000608584	0.0899156027945921
44.0579485385538	0.0668904702524225	0.0902296017647549
44.0773486945832	0.0665870404439866	0.0905436007349178
44.0967659431857	0.0662836106355506	0.0908575997050807
44.1162003069605	0.0659801808271146	0.0911715986752436
44.1356518085466	0.0656767510186787	0.0914855976454064
44.1551204706229	0.0653733212102428	0.0917995966155692
44.1746063159085	0.0650698914018068	0.0921135955857321
44.1941093671624	0.0647664615933709	0.0924275945558949
44.2136296471841	0.0644630317849349	0.0927415935260578
44.233167178813	0.0641596019764989	0.0930555924962207
44.2527219849293	0.063856172168063	0.0933695914663835
44.2722940884534	0.0635527423596271	0.0936835904365464
44.2918835123464	0.0632493125511911	0.0939975894067093
44.3114902796099	0.0629458827427551	0.0943115883768722
44.3311144132866	0.0626424529343192	0.094625587347035
44.3507559364596	0.0623390231258832	0.0949395863171979
44.3704148722531	0.0620355933174473	0.0952535852873607
44.3900912438326	0.0617321635090114	0.0955675842575235
44.4097850744042	0.0614287337005754	0.0958815832276864
44.4294963872155	0.0611253038921394	0.0961955821978493
44.4492252055554	0.0608218740837035	0.0965095811680121
44.4689715527542	0.0605259873740468	0.0968278457358713
44.4887354521835	0.0603071533781501	0.0971896833614257
44.5085169272566	0.0600883193822535	0.0975515209869801
44.5283160014285	0.059869485386357	0.0979133586125344
44.5481326981958	0.0596506513904604	0.0982751962380888
44.567967041097	0.0594318173945638	0.0986370338636432
44.5878190537127	0.0592129833986672	0.0989988714891975
44.6076887596654	0.0589941494027706	0.0993607091147519
44.6275761826196	0.058775315406874	0.0997225467403063
44.6474813462823	0.0585564814109774	0.100084384365861
44.6674042744026	0.0583376474150808	0.100446221991415
44.6873449907721	0.0581188134191842	0.100808059616969
44.7073035192248	0.0578999794232876	0.101169897242524
44.7272798836375	0.0576811454273911	0.101531734868078
44.7472741079295	0.0574623114314945	0.101893572493632
44.767286216063	0.0572434774355979	0.102255410119187
44.7873162320431	0.0570246434397013	0.102617247744741
44.8073641799177	0.0568058094438047	0.102979085370296
44.827430083778	0.0565869754479081	0.10334092299585
44.8475139677582	0.0563681414520115	0.103702760621404
44.867615856036	0.0561493074561149	0.104064598246959
44.8877357728322	0.0559304734602183	0.104426435872513
44.9078737424111	0.0557116394643217	0.104788273498068
44.9280297890809	0.0554928054684252	0.105150111123622
44.948203937193	0.0552739714725286	0.105511948749176
44.9683962111428	0.055055137476632	0.105873786374731
44.9886066353696	0.0548363034807354	0.106235624000285
45.0088352343565	0.0546174694848388	0.106597461625839
45.0290820326308	0.0543986354889422	0.106959299251394
45.0493470547638	0.0541798014930456	0.107321136876948
45.0696303253712	0.053960967497149	0.107682974502502
45.0899318691129	0.0537421335012524	0.108044812128057
45.1102517106935	0.0535232995053558	0.108406649753611
45.1305898748619	0.0533044655094593	0.108768487379166
45.1509463864117	0.0530856315135627	0.10913032500472
45.1713212701814	0.052866797517666	0.109492162630274
45.1917145510542	0.0526759783165197	0.109868317689071
45.2121262539583	0.0525648563518314	0.110285203364415
45.232556403867	0.052453734387143	0.110702089039759
45.2530050257987	0.0523426124224547	0.111118974715102
45.2734721448172	0.0522314904577664	0.111535860390446
45.2939577860313	0.052120368493078	0.11195274606579
45.3144619745958	0.0520092465283897	0.112369631741133
45.3349847357106	0.0518981245637013	0.112786517416477
45.3555260946216	0.051787002599013	0.113203403091821
45.3760860766202	0.0516758806343246	0.113620288767164
45.396664707044	0.0515647586696363	0.114037174442508
45.4172620112762	0.051453636704948	0.114454060117852
45.4378780147464	0.0513425147402596	0.114870945793195
45.4585127429303	0.0512313927755712	0.115287831468539
45.4791662213498	0.0511202708108829	0.115704717143883
45.4998384755734	0.0510091488461946	0.116121602819226
45.5205295312159	0.0508980268815062	0.11653848849457
45.5412394139389	0.0507869049168179	0.116955374169914
45.5619681494505	0.0506757829521295	0.117372259845257
45.5827157635059	0.0505646609874412	0.117789145520601
45.6034822819071	0.0504535390227528	0.118206031195945
45.6242677305029	0.0503424170580645	0.118622916871288
45.6450721351897	0.0502312950933761	0.119039802546632
45.665895521911	0.0501201731286878	0.119456688221976
45.6867379166573	0.0500090511639995	0.119873573897319
45.7075993454672	0.0498979291993111	0.120290459572663
45.7284798344263	0.0497868072346228	0.120707345248007
45.7493794096683	0.0496756852699344	0.12112423092335
45.7702980973745	0.0495645633052461	0.121541116598694
45.7912359237741	0.0494534413405577	0.121958002274038
45.8121929151444	0.0493423193758694	0.122374887949381
45.8331690978107	0.0492311974111811	0.122791773624725
45.8541644981468	0.0491200754464927	0.123208659300069
45.8751791425746	0.0490089534818043	0.123625544975412
45.8962130575644	0.048897831517116	0.124042430650756
45.9172662696354	0.0487867095524277	0.1244593163261
45.9383388053551	0.0488946573033136	0.12491412740289
45.9594306913401	0.0490030387443863	0.125369013560229
45.9805419542558	0.049111420185459	0.125823899717567
46.0016726208165	0.0492198016265316	0.126278785874906
46.0228227177858	0.0493281830676043	0.126733672032245
46.0439922719763	0.0494365645086769	0.127188558189584
46.0651813102504	0.0495449459497496	0.127643444346923
46.0863898595195	0.0496533273908223	0.128098330504262
46.1076179467448	0.0497617088318949	0.1285532166616
46.1288655989372	0.0498700902729676	0.129008102818939
46.1501328431574	0.0499784717140403	0.129462988976278
46.171419706516	0.050086853155113	0.129917875133617
46.1927262161736	0.0501952345961856	0.130372761290956
46.2140523993412	0.0503036160372583	0.130827647448294
46.2353982832797	0.050411997478331	0.131282533605633
46.2567638953006	0.0505203789194036	0.131737419762972
46.2781492627659	0.0506287603604763	0.132192305920311
46.2995544130883	0.0507371418015489	0.13264719207765
46.3209793737311	0.0508455232426216	0.133102078234989
46.3424241722084	0.0509539046836943	0.133556964392327
46.3638888360856	0.0510622861247669	0.134011850549666
46.3853733929787	0.0511706675658396	0.134466736707005
46.4068778705554	0.0512790490069122	0.134921622864344
46.4284022965345	0.0513874304479849	0.135376509021683
46.4499466986862	0.0514958118890576	0.135831395179021
46.4715111048323	0.0516041933301302	0.13628628133636
46.4930955428464	0.0517125747712029	0.136741167493699
46.5147000406538	0.0518209562122756	0.137196053651038
46.5363246262319	0.0519293376533483	0.137650939808377
46.5579693276098	0.0520377190944209	0.138105825965715
46.5796341728691	0.0521461005354936	0.138560712123054
46.6013191901436	0.0522544819765662	0.139015598280393
46.6230244076195	0.0523628634176389	0.139470484437732
46.6447498535355	0.0524712448587116	0.139925370595071
46.666495556183	0.0525978213094754	0.140282072706369
46.6882615439061	0.0527662582800568	0.140412886770626
46.710047845102	0.0529346952506384	0.140543700834883
46.7318544882208	0.0531031322212199	0.14067451489914
46.7536815017657	0.0532715691918014	0.140805328963396
46.7755289142932	0.0534400061623829	0.140936143027653
46.7973967544133	0.0536084431329644	0.14106695709191
46.8192850507896	0.0537768801035459	0.141197771156166
46.841193832139	0.0539453170741274	0.141328585220423
46.8631231272324	0.0541137540447089	0.14145939928468
46.8850729648948	0.0542821910152904	0.141590213348937
46.9070433740049	0.0544506279858719	0.141721027413193
46.9290343834956	0.0546190649564534	0.14185184147745
46.9510460223543	0.0547875019270349	0.141982655541707
46.9730783196227	0.0549559388976164	0.142113469605963
46.9951313043969	0.0551243758681979	0.14224428367022
47.0172050058278	0.0552928128387794	0.142375097734477
47.0392994531211	0.0554612498093609	0.142505911798734
47.0614146755374	0.0556296867799424	0.14263672586299
47.0835507023924	0.0557981237505239	0.142767539927247
47.1057075630569	0.0559665607211054	0.142898353991504
47.127885286957	0.0561349976916869	0.14302916805576
47.1500839035743	0.0563034346622684	0.143159982120017
47.172303442446	0.0564718716328499	0.143290796184274
47.194543933165	0.0566403086034314	0.143421610248531
47.2168054053799	0.0568087455740129	0.143552424312787
47.2390878887954	0.0569771825445944	0.143683238377044
47.2613914131723	0.0571456195151759	0.143814052441301
47.2837160083276	0.0573140564857574	0.143944866505557
47.3060617041346	0.0574824934563389	0.144075680569814
47.3284285305233	0.0576509304269204	0.144206494634071
47.35081651748	0.0578193673975019	0.144337308698328
47.3732256950481	0.0579878043680834	0.144468122762584
47.3956560933277	0.0581562413386649	0.144598936826841
47.4181077424761	0.0583141969651267	0.144730741671902
47.4405806727074	0.0584154257330566	0.144867908795106
47.4630749142935	0.0585166545009865	0.145005075918311
47.4855904975635	0.0586178832689164	0.145142243041516
47.508127452904	0.0587191120368462	0.14527941016472
47.5306858107594	0.0588203408047761	0.145416577287925
47.553265601632	0.058921569572706	0.14555374441113
47.5758668560821	0.0590227983406359	0.145690911534335
47.5984896047279	0.0591240271085657	0.145828078657539
47.6211338782461	0.0592252558764956	0.145965245780744
47.6437997073718	0.0593264846444255	0.146102412903949
47.6664871228985	0.0594277134123554	0.146239580027153
47.6891961556785	0.0595289421802853	0.146376747150358
47.7119268366229	0.0596301709482152	0.146513914273563
47.7346791967017	0.0597313997161451	0.146651081396767
47.7574532669441	0.0598326284840749	0.146788248519972
47.7802490784385	0.0599338572520048	0.146925415643177
47.8030666623325	0.0600350860199347	0.147062582766382
47.8259060498336	0.0601363147878646	0.147199749889586
47.8487672722088	0.0602375435557944	0.147336917012791
47.8716503607847	0.0603387723237243	0.147474084135996
47.8945553469482	0.0604400010916542	0.1476112512592
47.917482262146	0.0605412298595841	0.147748418382405
47.9404311378853	0.060642458627514	0.14788558550561
47.9634020057335	0.0607436873954439	0.148022752628815
47.9863948973187	0.0608449161633737	0.148159919752019
48.0094098443295	0.0609461449313036	0.148297086875224
48.0324468785154	0.0610473736992335	0.148434253998429
48.0555060316868	0.0611486024671634	0.148571421121633
48.0785873357155	0.0612498312350933	0.148708588244838
48.1016908225341	0.0613510600030231	0.148845755368043
48.124816524137	0.061452288770953	0.148982922491247
48.14796447258	0.0615535175388829	0.149120089614452
48.1711346999805	0.0616547463068128	0.149257256737657
48.1943272385181	0.0617553677368731	0.149398101460096
48.2175421204339	0.0618554979613893	0.149541920568331
48.2407793780316	0.0619556281859055	0.149685739676567
48.264039043677	0.0620557584104217	0.149829558784803
48.2873211497984	0.0621558886349378	0.149973377893038
48.3106257288866	0.062256018859454	0.150117197001274
48.3339528134952	0.0623561490839702	0.150261016109509
48.3573024362409	0.0624562793084864	0.150404835217745
48.3806746298032	0.0625564095330026	0.15054865432598
48.4040694269249	0.0626565397575188	0.150692473434216
48.4274868604121	0.062756669982035	0.150836292542451
48.4509269631347	0.0628568002065512	0.150980111650687
48.4743897680258	0.0629569304310674	0.151123930758922
48.4978753080828	0.0630570606555836	0.151267749867158
48.5213836163667	0.0631571908800998	0.151411568975393
48.5449147260028	0.063257321104616	0.151555388083629
48.5684686701808	0.0633574513291322	0.151699207191865
48.5920454821546	0.0634575815536484	0.1518430263001
48.6156451952429	0.0635577117781646	0.151986845408336
48.639267842829	0.0636578420026808	0.152130664516571
48.6629134583613	0.063757972227197	0.152274483624807
48.6865820753532	0.0638581024517131	0.152418302733042
48.7102737273832	0.0639582326762294	0.152562121841278
48.7339884480954	0.0640583629007456	0.152705940949513
48.7577262711993	0.0641584931252618	0.152849760057749
48.7814872304701	0.0642586233497779	0.152993579165984
48.805271359749	0.0643587535742941	0.15313739827422
48.8290786929432	0.0644588837988103	0.153281217382455
48.852909264026	0.0645590140233265	0.153425036490691
48.8767631070372	0.0646591442478427	0.153568855598927
48.9006402560829	0.0647592744723589	0.153712674707162
48.924540745336	0.0648594046968751	0.153856493815398
48.9484646090364	0.0649595349213913	0.154000312923633
48.9724118814907	0.0650919879678959	0.154129941017496
48.9963825970729	0.0652588016516289	0.154244483414419
49.0203767902242	0.0654256153353618	0.154359025811342
49.0443944954534	0.0655924290190948	0.154473568208265
49.0684357473368	0.0657592427028278	0.154588110605188
49.0925005805188	0.0659260563865607	0.154702653002112
49.1165890297116	0.0660928700702937	0.154817195399035
49.1407011296956	0.0662596837540267	0.154931737795958
49.1648369153195	0.0664264974377596	0.155046280192881
49.1889964215005	0.0665933111214926	0.155160822589804
49.2131796832246	0.0667601248052255	0.155275364986727
49.2373867355465	0.0669269384889585	0.15538990738365
49.2616176135899	0.0670937521726915	0.155504449780573
49.2858723525478	0.0672605658564244	0.155618992177496
49.3101509876823	0.0674273795401574	0.155733534574419
49.3344535543254	0.0675941932238903	0.155848076971343
49.3587800878784	0.0677610069076233	0.155962619368266
49.3831306238127	0.0679278205913563	0.156077161765189
49.4075051976696	0.0680946342750893	0.156191704162112
49.4319038450606	0.0682614479588222	0.156306246559035
49.4563266016679	0.0684282616425552	0.156420788955958
49.4807735032437	0.0685950753262881	0.156535331352881
49.5052445856114	0.0687618890100211	0.156649873749804
49.5297398846651	0.068928702693754	0.156764416146727
49.5542594363699	0.069095516377487	0.15687895854365
49.5788032767623	0.0692623300612199	0.156993500940574
49.6033714419502	0.0694291437449529	0.157108043337497
49.6279639681131	0.0695959574286859	0.15722258573442
49.6525808915022	0.0697627711124189	0.157337128131343
49.6772222484408	0.0699295847961518	0.157451670528266
49.7018880753242	0.0700963984798848	0.157566212925189
49.7265784086202	0.0702632121636177	0.157680755322112
49.7512932848689	0.0704300258473507	0.157795297719035
49.7760327406833	0.0705717947569351	0.157823781875828
49.800796812749	0.0707120539152386	0.15784707826221
49.8255855378248	0.070852313073542	0.157870374648592
49.8503989527428	0.0709925722318455	0.157893671034973
49.8752370944083	0.0711328313901489	0.157916967421355
49.9000999998004	0.0712730905484524	0.157940263807737
49.9249877059718	0.0714133497067558	0.157963560194119
49.9499002500492	0.0715536088650592	0.157986856580501
49.9748376692336	0.0716938680233627	0.158010152966882
49.9998000008	0.0718341271816661	0.158033449353264
50.0247872820983	0.0719743863399696	0.158056745739646
50.0497995505528	0.072114645498273	0.158080042126028
50.0748368436629	0.0722549046565765	0.158103338512409
50.0998991990028	0.0723951638148799	0.158126634898791
50.1249866542223	0.0725354229731833	0.158149931285173
50.1500992470464	0.0726756821314868	0.158173227671555
50.1752370152759	0.0728159412897902	0.158196524057937
50.2003999967872	0.0729562004480937	0.158219820444318
50.225588229533	0.0730964596063971	0.1582431168307
50.2508017515419	0.0732367187647005	0.158266413217082
50.2760406009194	0.073376977923004	0.158289709603464
50.3013048158469	0.0735172370813074	0.158313005989846
50.3265944345832	0.0736574962396109	0.158336302376227
50.3519094954638	0.0737977553979143	0.158359598762609
50.3772500369013	0.0739380145562178	0.158382895148991
50.4026160973859	0.0740782737145212	0.158406191535373
50.4280077154852	0.0742185328728246	0.158429487921755
50.4534249298445	0.0743587920311281	0.158452784308136
50.4788677791873	0.0744990511894315	0.158476080694518
50.5043363023149	0.074639310347735	0.1584993770809
50.5298305381073	0.0747795695060384	0.158522673467282
50.5553505255229	0.0749198286643419	0.158545969853663
50.5808963035987	0.0750420023472018	0.158569737147766
50.6064679114508	0.0751625145293305	0.158593547703851
50.6320653882745	0.0752830267114592	0.158617358259936
50.6576887733443	0.0754035388935879	0.158641168816021
50.6833381060143	0.0755240510757166	0.158664979372106
50.7090134257184	0.0756445632578454	0.158688789928191
50.7347147719703	0.0757650754399741	0.158712600484276
50.760442184364	0.0758855876221029	0.158736411040361
50.7861957025737	0.0760060998042316	0.158760221596446
50.8119753663544	0.0761266119863603	0.158784032152531
50.8377812155415	0.076247124168489	0.158807842708616
50.8636132900518	0.0763676363506177	0.158831653264701
50.8894716298829	0.0764881485327465	0.158855463820786
50.915356275114	0.0766086607148752	0.158879274376871
50.9412672659058	0.0767291728970039	0.158903084932956
50.9672046425007	0.0768496850791327	0.158926895489041
50.9931684452234	0.0769701972612614	0.158950706045126
51.0191587144805	0.0770907094433902	0.158974516601211
51.0451754907611	0.0772112216255189	0.158998327157296
51.071218814637	0.0773317338076476	0.159022137713381
51.0972887267629	0.0774522459897763	0.159045948269466
51.1233852678763	0.0775727581719051	0.159069758825551
51.1495084787983	0.0776932703540338	0.159093569381636
51.1756584004332	0.0778137825361625	0.159117379937721
51.201835073769	0.0779342947182912	0.159141190493806
51.228038539878	0.07805480690042	0.159165001049891
51.254268839916	0.0781753190825487	0.159188811605976
51.2805260151237	0.0782958312646774	0.159212622162061
51.3068101068259	0.0784163434468062	0.159236432718146
51.3331211564326	0.0785368556289349	0.159260243274231
51.3594592054384	0.0786573678110636	0.159284053830316
51.3858242954233	0.0787810612644747	0.159308069883538
51.4122164680527	0.0789094684630354	0.159332390425453
51.4386357650777	0.079037875661596	0.159356710967368
51.4650822283351	0.0791662828601566	0.159381031509282
51.491555899748	0.0792946900587172	0.159405352051197
51.5180568213256	0.0794230972572778	0.159429672593111
51.5445850351637	0.0795515044558384	0.159453993135026
51.5711405834449	0.079679911654399	0.159478313676941
51.5977235084388	0.0798083188529596	0.159502634218855
51.6243338525021	0.0799367260515202	0.15952695476077
51.6509716580788	0.0800651332500808	0.159551275302685
51.677636967701	0.0801935404486414	0.159575595844599
51.7043298239881	0.080321947647202	0.159599916386514
51.7310502696481	0.0804503548457627	0.159624236928429
51.757798347477	0.0805787620443232	0.159648557470343
51.7845741003595	0.0807071692428839	0.159672878012258
51.8113775712691	0.0808355764414445	0.159697198554173
51.8382088032683	0.0809639836400051	0.159721519096087
51.8650678395087	0.0810923908385657	0.159745839638002
51.8919547232317	0.0812207980371263	0.159770160179916
51.918869497768	0.0813492052356869	0.159794480721831
51.9458122065386	0.0814776124342475	0.159818801263746
51.9727828930546	0.0816060196328081	0.15984312180566
51.9997816009173	0.0817344268313687	0.159867442347575
52.0268083738189	0.0818628340299293	0.15989176288949
52.0538632555423	0.0819912412284899	0.159916083431404
52.0809462899617	0.0821196484270505	0.159940403973319
52.1080575210425	0.0822480556256111	0.159964724515234
52.1351969928418	0.0823764628241717	0.159989045057148
52.1623647495085	0.0825048700227324	0.160013365599063
52.1895608352835	0.082633277221293	0.160037686140978
52.2167852945001	0.0827803443962813	0.160049855832444
52.2440381715841	0.0829562886026136	0.160043221615418
52.2713195110541	0.0831322328089458	0.160036587398391
52.2986293575218	0.083308177015278	0.160029953181365
52.3259677556922	0.0834841212216103	0.160023318964339
52.3533347503636	0.0836600654279425	0.160016684747312
52.3807303864284	0.0838360096342747	0.160010050530286
52.4081547088727	0.0840119538406069	0.160003416313259
52.4356077627771	0.0841878980469392	0.159996782096233
52.4630895933166	0.0843638422532714	0.159990147879206
52.490600245761	0.0845397864596036	0.15998351366218
52.518139765475	0.0847157306659359	0.159976879445153
52.5457081979187	0.0848916748722681	0.159970245228127
52.5733055886475	0.0850676190786003	0.159963611011101
52.6009319833129	0.0852435632849325	0.159956976794074
52.628587427662	0.0854195074912648	0.159950342577048
52.6562719675385	0.085595451697597	0.159943708360021
52.6839856488823	0.0857713959039292	0.159937074142995
52.7117285177304	0.0859473401102614	0.159930439925968
52.7395006202165	0.0861232843165937	0.159923805708942
52.7673020025719	0.0862992285229259	0.159917171491915
52.7951327111251	0.0864751727292581	0.159910537274889
52.8229927923026	0.0866511169355904	0.159903903057862
52.850882292629	0.0868270611419226	0.159897268840836
52.878801258727	0.0870030053482548	0.15989063462381
52.906749737318	0.087178949554587	0.159884000406783
52.9347277752222	0.0873548937609193	0.159877366189757
52.9627354193589	0.0875308379672515	0.15987073197273
52.9907727167468	0.0877067821735837	0.159864097755704
53.0188397145042	0.087882726379916	0.159857463538677
53.046936459849	0.0880586705862482	0.159850829321651
53.0750630000998	0.0882050342446769	0.159781771941408
53.1032193826751	0.0883471135126743	0.159703673308648
53.1314056550943	0.0884891927806716	0.159625574675888
53.1596218649778	0.088631272048669	0.159547476043127
53.187868060047	0.0887733513166664	0.159469377410367
53.216144288125	0.0889154305846638	0.159391278777607
53.2444505971365	0.0890575098526611	0.159313180144847
53.2727870351084	0.0891995891206585	0.159235081512087
53.3011536501696	0.0893416683886558	0.159156982879327
53.3295504905519	0.0894837476566531	0.159078884246567
53.3579776045896	0.0896258269246505	0.159000785613807
53.3864350407205	0.0897679061926479	0.158922686981047
53.4149228474854	0.0899099854606452	0.158844588348287
53.4434410735291	0.0900520647286426	0.158766489715527
53.4719897676	0.0901941439966399	0.158688391082767
53.5005689785511	0.0903362232646373	0.158610292450007
53.5291787553395	0.0904783025326346	0.158532193817247
53.5578191470275	0.090620381800632	0.158454095184487
53.586490202782	0.0907624610686294	0.158375996551727
53.6151919718756	0.0909045403366267	0.158297897918966
53.6439245036864	0.0910466196046241	0.158219799286206
53.6726878476984	0.0911886988726214	0.158141700653446
53.7014820535017	0.0913307781406188	0.158063602020686
53.7303071707931	0.0914728574086161	0.157985503387926
53.7591632493759	0.0916149366766135	0.157907404755166
53.7880503391606	0.0917570159446109	0.157829306122406
53.816968490165	0.0918990952126082	0.157751207489646
53.8459177525145	0.0920411744806056	0.157673108856886
53.8748981764424	0.0921832537486029	0.157595010224126
53.9039098122904	0.0923253330166003	0.157516911591366
53.9329527105084	0.0924479828602429	0.157438733425822
53.9620269216552	0.0925668980309902	0.157360539972696
53.9911324963988	0.0926858132017375	0.15728234651957
54.0202694855164	0.0928047283724848	0.157204153066444
54.0494379398949	0.0929236435432321	0.157125959613318
54.0786379105312	0.0930425587139794	0.157047766160192
54.1078694485326	0.0931614738847267	0.156969572707066
54.1371326051167	0.093280389055474	0.15689137925394
54.1664274316122	0.0933993042262213	0.156813185800814
54.1957539794587	0.0935182193969685	0.156734992347689
54.2251123002076	0.0936371345677158	0.156656798894562
54.2545024455217	0.0937560497384631	0.156578605441437
54.2839244671761	0.0938749649092105	0.15650041198831
54.3133784170583	0.0939938800799577	0.156422218535185
54.3428643471683	0.094112795250705	0.156344025082059
54.3723823096192	0.0942317104214523	0.156265831628933
54.4019323566373	0.0943506255921996	0.156187638175807
54.4315145405626	0.0944695407629469	0.156109444722681
54.461128913849	0.0945884559336942	0.156031251269555
54.4907755290646	0.0947073711044415	0.155953057816429
54.5204544388918	0.0948262862751888	0.155874864363303
54.5501656961283	0.0949452014459361	0.155796670910177
54.5799093536866	0.0950641166166834	0.155718477457051
54.6096854645946	0.0951830317874307	0.155640284003925
54.6394940819964	0.095301946958178	0.155562090550799
54.6693352591518	0.0954208621289253	0.155483897097673
54.6992090494372	0.0955397772996726	0.155405703644547
54.7291155063456	0.0956586924704199	0.155327510191421
54.7590546834872	0.0957776076411672	0.155249316738295
54.7890266345895	0.0958955958823294	0.155171094724303
54.8190314134978	0.096011255978154	0.155092800974716
54.8490690741751	0.0961269160739785	0.155014507225129
54.8791396707032	0.096242576169803	0.154936213475542
54.9092432572822	0.0963582362656275	0.154857919725955
54.9393798882313	0.0964738963614521	0.154779625976368
54.9695496179891	0.0965895564572766	0.154701332226781
54.9997525011137	0.0967052165531011	0.154623038477194
55.0299885922834	0.0968208766489257	0.154544744727607
55.0602579462964	0.0969365367447502	0.15446645097802
55.090560618072	0.0970521968405748	0.154388157228433
55.1208966626502	0.0971678569363993	0.154309863478846
55.1512661351923	0.0972835170322238	0.154231569729259
55.1816690909813	0.0973991771280483	0.154153275979672
55.2121055854222	0.0975148372238729	0.154074982230085
55.2425756740423	0.0976304973196974	0.153996688480498
55.2730794124914	0.0977461574155219	0.153918394730911
55.3036168565424	0.0978618175113464	0.153840100981324
55.3341880620916	0.097977477607171	0.153761807231737
55.3647930851588	0.0980931377029955	0.15368351348215
55.3954319818879	0.0982087977988201	0.153605219732563
55.4261048085472	0.0983244578946446	0.153526925982976
55.4568116215294	0.0984401179904691	0.153448632233389
55.4875524773528	0.0985557780862937	0.153370338483802
55.5183274326604	0.0986714381821182	0.153292044734215
55.5491365442216	0.0987870982779427	0.153213750984628
55.5799798689313	0.0989027583737672	0.153135457235041
55.6108574638113	0.0990184184695918	0.153057163485454
55.6417693860098	0.0991340785654163	0.152978869735867
55.6727156928024	0.0992545053018743	0.152900557822694
55.7036964415922	0.0993942520013941	0.15282217228958
55.7347116899099	0.0995339987009139	0.152743786756466
55.7657614954147	0.0996737454004337	0.152665401223352
55.7968459158941	0.0998134920999535	0.152587015690238
55.8279650092647	0.0999532387994733	0.152508630157123
55.8591188335722	0.100092985498993	0.152430244624009
55.8903074469922	0.100232732198513	0.152351859090895
55.9215309078301	0.100372478898033	0.152273473557781
55.9527892745217	0.100512225597553	0.152195088024667
55.9840826056336	0.100651972297072	0.152116702491553
56.0154109598633	0.100791718996592	0.152038316958438
56.04677439604	0.100931465696112	0.151959931425324
56.0781729731245	0.101071212395632	0.15188154589221
56.1096067502101	0.101210959095152	0.151803160359096
56.1410757865224	0.101350705794671	0.151724774825982
56.1725801414201	0.101490452494191	0.151646389292868
56.204119874395	0.101630199193711	0.151568003759753
56.2356950450729	0.101769945893231	0.151489618226639
56.2673057132134	0.101909692592751	0.151411232693525
56.2989519387107	0.102049439292271	0.151332847160411
56.3306337815938	0.10218918599179	0.151254461627297
56.3623513020267	0.10232893269131	0.151176076094183
56.3941045603093	0.10246867939083	0.151097690561068
56.4258936168772	0.10260842609035	0.151019305027954
56.4577185323026	0.10274817278987	0.15094091949484
56.4895793672941	0.102887919489389	0.150862533961726
56.5214761826978	0.103027666188909	0.150784148428612
56.5534090394969	0.103167412888429	0.150705762895498
56.5853779988128	0.103318623907234	0.15057868135794
56.6173831219052	0.103478193781097	0.150416094629628
56.6494244701721	0.103637763654961	0.150253507901316
56.681502105151	0.103797333528824	0.150090921173004
56.7136160885186	0.103956903402688	0.149928334444692
56.7457664820916	0.104116473276551	0.14976574771638
56.7779533478269	0.104276043150415	0.149603160988068
56.8101767478219	0.104435613024278	0.149440574259756
56.8424367443153	0.104595182898142	0.149277987531444
56.8747333996872	0.104754752772005	0.149115400803132
56.9070667764594	0.104914322645869	0.14895281407482
56.939436937296	0.105073892519732	0.148790227346508
56.971843945004	0.105233462393596	0.148627640618196
57.004287862533	0.105393032267459	0.148465053889884
57.0367687529766	0.105552602141323	0.148302467161572
57.0692866795719	0.105712172015186	0.14813988043326
57.1018417057005	0.10587174188905	0.147977293704948
57.1344338948886	0.106031311762913	0.147814706976636
57.1670633108076	0.106190881636777	0.147652120248324
57.1997300172743	0.10635045151064	0.147489533520012
57.2324340782516	0.106510021384504	0.1473269467917
57.2651755578487	0.106669591258367	0.147164360063388
57.2979545203216	0.106829161132231	0.147001773335076
57.3307710300734	0.106988731006094	0.146839186606764
57.3636251516551	0.107148300879958	0.146676599878452
57.3965169497654	0.107307870753821	0.14651401315014
57.4294464892518	0.107467440627685	0.146351426421828
57.4624138351105	0.107627010501548	0.146188839693516
57.495419052487	0.107762791389764	0.146015664213337
57.5284622066768	0.107864327573785	0.145827246020383
57.5615433631253	0.107965863757805	0.145638827827429
57.5946625874287	0.108067399941826	0.145450409634474
57.6278199453343	0.108168936125847	0.14526199144152
57.6610155027406	0.108270472309867	0.145073573248565
57.6942493256985	0.108372008493888	0.144885155055611
57.7275214804108	0.108473544677909	0.144696736862657
57.7608320332333	0.108575080861929	0.144508318669702
57.7941810506751	0.10867661704595	0.144319900476748
57.8275685993989	0.108778153229971	0.144131482283793
57.8609947462217	0.108879689413991	0.143943064090839
57.8944595581148	0.108981225598012	0.143754645897885
57.9279631022046	0.109082761782033	0.14356622770493
57.9615054457733	0.109184297966053	0.143377809511976
57.9950866562585	0.109285834150074	0.143189391319021
58.0287068012546	0.109387370334095	0.143000973126067
58.0623659485126	0.109488906518115	0.142812554933113
58.096064165941	0.109590442702136	0.142624136740158
58.1298015216057	0.109691978886157	0.142435718547204
58.1635780837311	0.109793515070177	0.142247300354249
58.1973939207002	0.109895051254198	0.142058882161295
58.2312491010551	0.109996587438219	0.141870463968341
58.2651436934974	0.110098123622239	0.141682045775386
58.2990777668888	0.11019965980626	0.141493627582432
58.3330513902516	0.110301195990281	0.141305209389477
58.367064632769	0.110402732174301	0.141116791196523
58.4011175637857	0.110504268358322	0.140928373003569
58.4352102528083	0.110585827228349	0.140742587289327
58.4693427695057	0.110658532008422	0.140557968308678
58.5035151837098	0.110731236788495	0.140373349328029
58.5377275654159	0.110803941568567	0.14018873034738
58.571979984783	0.11087664634864	0.140004111366731
58.6062725121344	0.110949351128712	0.139819492386082
58.6406052179583	0.111022055908785	0.139634873405433
58.6749781729081	0.111094760688858	0.139450254424784
58.709391447803	0.11116746546893	0.139265635444135
58.7438451136282	0.111240170249003	0.139081016463486
58.7783392415361	0.111312875029076	0.138896397482837
58.8128739028458	0.111385579809148	0.138711778502188
58.8474491690446	0.111458284589221	0.138527159521539
58.8820651117876	0.111530989369294	0.13834254054089
58.9167218028988	0.111603694149366	0.138157921560241
58.9514193143714	0.111676398929439	0.137973302579592
58.9861577183682	0.111749103709511	0.137788683598943
59.0209370872223	0.111821808489584	0.137604064618294
59.0557574934374	0.111894513269657	0.137419445637645
59.0906190096885	0.111967218049729	0.137234826656996
59.1255217088222	0.112039922829802	0.137050207676347
59.1604656638573	0.112112627609875	0.136865588695699
59.1954509479856	0.112185332389947	0.13668096971505
59.2304776345716	0.11225803717002	0.136496350734401
59.2655457971542	0.112330741950092	0.136311731753752
59.300655509446	0.112403446730165	0.136127112773103
59.3358068453347	0.112476151510238	0.135942493792454
59.3709998788832	0.112549136969339	0.135759427333864
59.4062346843301	0.112622513104596	0.135578521825277
59.4415113360906	0.112695889239853	0.135397616316691
59.4768299087566	0.11276926537511	0.135216710808104
59.5121904770973	0.112842641510367	0.135035805299517
59.54759311606	0.112916017645623	0.134854899790931
59.5830379007704	0.11298939378088	0.134673994282344
59.6185249065331	0.113062769916137	0.134493088773757
59.6540542088321	0.113136146051394	0.134312183265171
59.6896258833319	0.113209522186651	0.134131277756584
59.725240005877	0.113282898321907	0.133950372247998
59.7608966524934	0.113356274457164	0.133769466739411
59.7965958993886	0.113429650592421	0.133588561230824
59.8323378229525	0.113503026727678	0.133407655722238
59.8681224997575	0.113576402862935	0.133226750213651
59.9039500065595	0.113649778998192	0.133045844705064
59.939820420298	0.113723155133448	0.132864939196478
59.9757338180972	0.113796531268705	0.132684033687891
60.011690277266	0.113869907403962	0.132503128179305
60.047689875299	0.113943283539219	0.132322222670718
60.0837326898766	0.114016659674476	0.132141317162131
60.1198187988661	0.114090035809732	0.131960411653545
60.1559482803219	0.114163411944989	0.131779506144958
60.192121212486	0.114236788080246	0.131598600636371
60.2283376737889	0.114310164215503	0.131417695127785
60.2645977428498	0.11438354035076	0.131236789619198
60.3009014984774	0.114456916486016	0.131055884110611
60.3372490196706	0.11452002263275	0.13084480867643
60.3736403856185	0.114575508806648	0.130611348211049
60.4100756757018	0.114630994980545	0.130377887745667
60.4465549694926	0.114686481154443	0.130144427280285
60.4830783467555	0.11474196732834	0.129910966814903
60.519645887448	0.114797453502238	0.129677506349522
60.5562576717209	0.114852939676135	0.12944404588414
60.5929137799193	0.114908425850032	0.129210585418758
60.6296142925828	0.11496391202393	0.128977124953376
60.6663592904463	0.115019398197827	0.128743664487994
60.7031488544405	0.115074884371725	0.128510204022613
60.7399830656927	0.115130370545622	0.128276743557231
60.7768620055271	0.11518585671952	0.128043283091849
60.8137857554653	0.115241342893417	0.127809822626467
60.8507543972276	0.115296829067314	0.127576362161086
60.8877680127329	0.115352315241212	0.127342901695704
60.9248266840993	0.115407801415109	0.127109441230322
60.9619304936453	0.115463287589007	0.12687598076494
60.99907952389	0.115518773762904	0.126642520299559
61.0362738575535	0.115574259936802	0.126409059834177
61.0735135775582	0.115629746110699	0.126175599368795
61.1107987670285	0.115685232284596	0.125942138903413
61.1481295092924	0.115740718458494	0.125708678438032
61.1855058878812	0.115796204632391	0.12547521797265
61.222927986531	0.115851690806289	0.125241757507268
61.2603958891824	0.115907176980186	0.125008297041886
61.297909679982	0.115956620286147	0.12477560146155
61.3354694432825	0.115973888093195	0.124546978543104
61.3730752636434	0.115991155900243	0.124318355624658
61.4107272258318	0.116008423707291	0.124089732706212
61.448425414823	0.116025691514339	0.123861109787766
61.4861699158009	0.116042959321387	0.12363248686932
61.5239608141589	0.116060227128435	0.123403863950873
61.5617981955006	0.116077494935483	0.123175241032427
61.5996821456401	0.116094762742531	0.122946618113981
61.6376127506031	0.116112030549579	0.122717995195535
61.6755900966272	0.116129298356627	0.122489372277089
61.7136142701625	0.116146566163675	0.122260749358643
61.7516853578726	0.116163833970723	0.122032126440197
61.7898034466352	0.116181101777771	0.121803503521751
61.8279686235425	0.116198369584819	0.121574880603304
61.8661809759019	0.116215637391868	0.121346257684858
61.9044405912369	0.116232905198916	0.121117634766412
61.9427475572878	0.116250173005964	0.120889011847966
61.9811019620118	0.116267440813012	0.12066038892952
62.0195038935845	0.11628470862006	0.120431766011074
62.0579534403999	0.116301976427108	0.120203143092628
62.0964506910714	0.116319244234156	0.119974520174182
62.1349957344326	0.116336512041204	0.119745897255735
62.1735886595374	0.116353779848252	0.119517274337289
62.2122295556616	0.1163710476553	0.119288651418843
62.2509185123027	0.116388315462348	0.119060028500397
62.289655619181	0.116401602844956	0.118832619265027
62.3284409662404	0.116394696649607	0.118611367313681
62.367274643649	0.116387790454257	0.118390115362335
62.4061567417995	0.116380884258908	0.11816886341099
62.4450873513104	0.116373978063558	0.117947611459644
62.4840665630264	0.116367071868209	0.117726359508298
62.5230944680191	0.116360165672859	0.117505107556952
62.5621711575879	0.11635325947751	0.117283855605606
62.6012967232603	0.11634635328216	0.11706260365426
62.6404712567934	0.116339447086811	0.116841351702914
62.6796948501736	0.116332540891461	0.116620099751569
62.7189675956182	0.116325634696112	0.116398847800223
62.7582895855756	0.116318728500763	0.116177595848877
62.7976609127263	0.116311822305413	0.115956343897531
62.8370816699834	0.116304916110064	0.115735091946185
62.8765519504935	0.116298009914714	0.115513839994839
62.9160718476374	0.116291103719365	0.115292588043493
62.9556414550308	0.116284197524015	0.115071336092148
62.995260866525	0.116277291328666	0.114850084140802
63.0349301762079	0.116270385133316	0.114628832189456
63.0746494784042	0.116263478937967	0.11440758023811
63.1144188676768	0.116256572742617	0.114186328286764
63.1542384388272	0.116249666547268	0.113965076335418
63.1941082868962	0.116242760351918	0.113743824384072
63.2340285071647	0.116235854156569	0.113522572432727
63.2739991951547	0.11622894796122	0.113301320481381
63.3140204466298	0.116214077459156	0.113084222645383
63.3540923575958	0.116193516879225	0.11287009270611
63.3942150243022	0.116172956299295	0.112655962766836
63.434388543242	0.116152395719364	0.112441832827562
63.4746130111531	0.116131835139433	0.112227702888289
63.5148885250192	0.116111274559503	0.112013572949015
63.5552151820698	0.116090713979572	0.111799443009741
63.5955930797819	0.116070153399642	0.111585313070467
63.6360223158803	0.116049592819711	0.111371183131194
63.6765029883383	0.11602903223978	0.11115705319192
63.7170351953787	0.11600847165985	0.110942923252646
63.7576190354747	0.115987911079919	0.110728793313372
63.7982546073505	0.115967350499989	0.110514663374099
63.8389420099819	0.115946789920058	0.110300533434825
63.8796813425976	0.115926229340127	0.110086403495551
63.9204727046797	0.115905668760197	0.109872273556277
63.9613161959647	0.115885108180266	0.109658143617004
64.0022119164438	0.115864547600336	0.10944401367773
64.0431599663645	0.115843987020405	0.109229883738456
64.0841604462308	0.115823426440474	0.109015753799182
64.1252134568043	0.115802865860544	0.108801623859909
64.1663190991049	0.115782305280613	0.108587493920635
64.2074774744117	0.115761744700683	0.108373363981361
64.248688684264	0.115741184120752	0.108159234042087
64.2899528304616	0.115720623540821	0.107945104102814
64.3312700150664	0.115698287467861	0.107733794463505
64.3726403404025	0.115673384673522	0.107526561958881
64.4140639090577	0.115648481879183	0.107319329454257
64.4555408238836	0.115623579084844	0.107112096949632
64.4970711879974	0.115598676290505	0.106904864445008
64.5386551047817	0.115573773496166	0.106697631940384
64.5802926778864	0.115548870701827	0.10649039943576
64.6219840112287	0.115523967907488	0.106283166931136
64.6637292089945	0.115499065113149	0.106075934426512
64.7055283756389	0.11547416231881	0.105868701921888
64.7473816158874	0.115449259524471	0.105661469417264
64.7892890347368	0.115424356730132	0.10545423691264
64.8312507374555	0.115399453935793	0.105247004408016
64.8732668295851	0.115374551141454	0.105039771903392
64.9153374169408	0.115349648347115	0.104832539398768
64.9574626056127	0.115324745552776	0.104625306894143
64.9996425019662	0.115299842758437	0.104418074389519
65.0418772126434	0.115274939964098	0.104210841884895
65.0841668445634	0.115250037169759	0.104003609380271
65.1265115049239	0.11522513437542	0.103796376875647
65.1689113012016	0.115200231581081	0.103589144371023
65.2113663411533	0.115175328786742	0.103381911866399
65.2538767328167	0.115150425992403	0.103174679361775
65.2964425845116	0.115125523198064	0.102967446857151
65.3390640048403	0.115100620403725	0.102760214352527
65.3817411026892	0.115068161322693	0.102540472309721
65.4244739872291	0.11503138822702	0.102313588355407
65.4672627679166	0.114994615131346	0.102086704401094
65.5101075544946	0.114957842035672	0.10185982044678
65.5530084569936	0.114921068939998	0.101632936492466
65.5959655857326	0.114884295844324	0.101406052538152
65.6389790513198	0.11484752274865	0.101179168583839
65.6820489646539	0.114810749652977	0.100952284629525
65.7251754369245	0.114773976557303	0.100725400675211
65.7683585796139	0.114737203461629	0.100498516720897
65.8115985044972	0.114700430365955	0.100271632766584
65.8548953236439	0.114663657270281	0.10004474881227
65.8982491494183	0.114626884174608	0.0998178648579562
65.9416600944812	0.114590111078934	0.0995909809036424
65.9851282717901	0.11455333798326	0.0993640969493286
66.0286537946007	0.114516564887586	0.0991372129950149
66.0722367764677	0.114479791791912	0.0989103290407012
66.1158773312459	0.114443018696238	0.0986834450863874
66.1595755730908	0.114406245600565	0.0984565611320738
66.2033316164603	0.114369472504891	0.09822967717776
66.247145576115	0.114332699409217	0.0980027932234462
66.2910175671197	0.114295926313543	0.0977759092691325
66.334947704844	0.114259153217869	0.0975490253148188
66.3789361049637	0.114222380122195	0.097322141360505
66.4229828834615	0.114178645373555	0.0970962032670867
66.4670881566284	0.114114762011058	0.0968730027111519
66.5112520410641	0.114050878648562	0.096649802155217
66.5554746536786	0.113986995286065	0.0964266015992821
66.5997561116931	0.113923111923569	0.0962034010433472
66.6440965326409	0.113859228561072	0.0959802004874124
66.6884960343686	0.113795345198576	0.0957569999314775
66.7329547350368	0.113731461836079	0.0955337993755426
66.7774727531217	0.113667578473583	0.0953105988196078
66.8220502074157	0.113603695111086	0.0950873982636729
66.8666872170286	0.113539811748589	0.094864197707738
66.9113839013887	0.113475928386093	0.0946409971518032
66.9561403802439	0.113412045023596	0.0944177965958683
67.0009567736627	0.1133481616611	0.0941945960399334
67.0458332020353	0.113284278298603	0.0939713954839985
67.0907697860744	0.113220394936107	0.0937481949280637
67.1357666468169	0.11315651157361	0.0935249943721288
67.1808239056244	0.113092628211114	0.0933017938161939
67.2259416841846	0.113028744848617	0.0930785932602591
67.2711201045124	0.112964861486121	0.0928553927043242
67.3163592889508	0.112900978123624	0.0926321921483893
67.361659360172	0.112837094761127	0.0924089915924545
67.4070204411789	0.112773211398631	0.0921857910365196
67.4524426553059	0.112709328036134	0.0919625904805847
67.4979261262198	0.112640401875337	0.0917417703635657
67.5434709779214	0.112557652055764	0.0915274756662328
67.5890773347464	0.112474902236191	0.0913131809688998
67.6347453213665	0.112392152416619	0.0910988862715668
67.6804750627906	0.112309402597046	0.090884591574234
67.7262666843658	0.112226652777473	0.090670296876901
67.7721203117789	0.112143902957901	0.090456002179568
67.818036071057	0.112061153138328	0.0902417074822351
67.8640140885693	0.111978403318755	0.0900274127849022
67.9100544910277	0.111895653499182	0.0898131180875692
67.9561574054883	0.11181290367961	0.0895988233902362
68.0023229593523	0.111730153860037	0.0893845286929033
68.0485512803675	0.111647404040464	0.0891702339955704
68.0948424966293	0.111564654220892	0.0889559392982374
68.1411967365818	0.111481904401319	0.0887416446009045
68.1876141290192	0.111399154581746	0.0885273499035715
68.2340948030866	0.111316404762174	0.0883130552062386
68.280638888282	0.111233654942601	0.0880987605089056
68.3272465144563	0.111150905123028	0.0878844658115727
68.3739178118158	0.111068155303456	0.0876701711142397
68.4206529109225	0.110985405483883	0.0874558764169068
68.4674519426955	0.11090265566431	0.0872415817195739
68.5143150384126	0.110819905844738	0.0870272870222409
68.561242329711	0.110737156025165	0.086812992324908
68.6082339485891	0.110641657094933	0.0866046879550946
68.6552900274072	0.110539497653303	0.0863995131090401
68.702410698889	0.110437338211674	0.0861943382629857
68.7495960961229	0.110335178770045	0.0859891634169312
68.7968463525632	0.110233019328416	0.0857839885708769
68.8441616020312	0.110130859886787	0.0855788137248224
68.8915419787167	0.110028700445158	0.085373638878768
68.938987617179	0.109926541003528	0.0851684640327136
68.9864986523487	0.109824381561899	0.0849632891866591
69.0340752195284	0.10972222212027	0.0847581143406047
69.081717454394	0.109620062678641	0.0845529394945503
69.1294254929965	0.109517903237012	0.0843477646484959
69.1771994717629	0.109415743795382	0.0841425898024414
69.2250395274976	0.109313584353753	0.083937414956387
69.2729457973836	0.109211424912124	0.0837322401103326
69.320918418984	0.109109265470495	0.0835270652642781
69.3689575302432	0.109007106028866	0.0833218904182237
69.4170632694882	0.108904946587236	0.0831167155721693
69.46523577543	0.108802787145607	0.0829115407261149
69.513475187165	0.108700627703978	0.0827063658800604
69.5617816441762	0.108598468262349	0.082501191034006
69.6101552863344	0.10849630882072	0.0822960161879516
69.6585962539	0.108394149379091	0.0820908413418971
69.707104687524	0.108289141852863	0.0818962421457595
69.7556807282493	0.10818025505143	0.0817160476679853
69.8043245175125	0.108071368249996	0.0815358531902112
69.8530361971448	0.107962481448563	0.081355658712437
69.9018159093737	0.107853594647129	0.0811754642346629
69.9506637968241	0.107744707845696	0.0809952697568887
69.99958000252	0.107635821044262	0.0808150752791145
70.0485646698856	0.107526934242829	0.0806348808013403
70.0976179427471	0.107418047441395	0.0804546863235662
70.1467399653335	0.107309160639962	0.0802744918457921
70.1959308822786	0.107200273838528	0.0800942973680179
70.2451908386222	0.107091387037095	0.0799141028902438
70.2945199798114	0.106982500235661	0.0797339084124696
70.3439184517022	0.106873613434228	0.0795537139346954
70.3933864005609	0.106764726632794	0.0793735194569213
70.4429239730654	0.106655839831361	0.0791933249791471
70.492531316307	0.106546953029927	0.0790131305013729
70.5422085777915	0.106438066228494	0.0788329360235988
70.5919559054407	0.10632917942706	0.0786527415458246
70.641773447594	0.106220292625627	0.0784725470680505
70.6916613530101	0.106111405824193	0.0782923525902763
70.7416197708679	0.10600251902276	0.0781121581125022
70.7916488507684	0.105893632221326	0.077931963634728
70.8417487427361	0.105784091590152	0.0777552910050682
70.8919195972205	0.105674038344564	0.07758137956841
70.9421615650976	0.105563985098977	0.0774074681317518
70.9924747976715	0.10545393185339	0.0772335566950935
71.0428594466756	0.105343878607802	0.0770596452584353
71.0933156642746	0.105233825362215	0.0768857338217771
71.1438436030657	0.105123772116627	0.0767118223851189
71.1944434160803	0.10501371887104	0.0765379109484607
71.2451152567852	0.104903665625452	0.0763639995118025
71.2958592790848	0.104793612379865	0.0761900880751443
71.346675637322	0.104683559134277	0.076016176638486
71.3975644862803	0.10457350588869	0.0758422652018278
71.4485259811847	0.104463452643102	0.0756683537651696
71.4995602777043	0.104353399397515	0.0754944423285114
71.5506675319527	0.104243346151927	0.0753205308918532
71.6018479004906	0.10413329290634	0.075146619455195
71.6531015403267	0.104023239660752	0.0749727080185368
71.7044286089198	0.103913186415165	0.0747987965818785
71.7558292641799	0.103803133169578	0.0746248851452204
71.8073036644703	0.10369307992399	0.0744509737085621
71.8588519686092	0.103583026678403	0.0742770622719039
71.9104743358708	0.103472973432815	0.0741031508352457
71.9621709259876	0.103362569391318	0.0739296169466897
72.0139418991517	0.103246871805788	0.073761780295321
72.0657874160163	0.103131174220258	0.0735939436439523
72.1177076376979	0.103015476634728	0.0734261069925837
72.1697027257775	0.102899779049199	0.0732582703412151
72.2217728423023	0.102784081463669	0.0730904336898464
72.2739181497877	0.102668383878139	0.0729225970384777
72.3261388112187	0.102552686292609	0.0727547603871091
72.3784349900516	0.102436988707079	0.0725869237357404
72.430806850216	0.10232129112155	0.0724190870843718
72.4832545561162	0.10220559353602	0.0722512504330031
72.535778272633	0.10208989595049	0.0720834137816345
72.5883781651255	0.10197419836496	0.0719155771302658
72.6410543994328	0.101858500779431	0.0717477404788972
72.6938071418758	0.101742803193901	0.0715799038275285
72.7466365592587	0.101627105608371	0.0714120671761598
72.7995428188711	0.101511408022841	0.0712442305247912
72.8525260884896	0.101395710437312	0.0710763938734226
72.9055865363795	0.101280012851782	0.0709085572220539
72.9587243312968	0.101164315266252	0.0707407205706852
73.0119396424897	0.101048617680722	0.0705728839193166
73.0652326397007	0.100932920095192	0.0704050472679479
73.1186034931682	0.100817222509663	0.0702372106165793
73.1720523736282	0.100691570416573	0.0700747609990297
73.2255794523166	0.100565058129233	0.0699127768887383
73.2791849009705	0.100438545841893	0.0697507927784468
73.3328688918304	0.100312033554553	0.0695888086681554
73.3866315976417	0.100185521267213	0.069426824557864
73.4404731916569	0.100059008979873	0.0692648404475725
73.4943938476373	0.0999324966925325	0.0691028563372811
73.5483937398549	0.0998059844051924	0.0689408722269897
73.6024730430943	0.0996794721178522	0.0687788881166982
73.6566319326543	0.0995529598305121	0.0686169040064068
73.7108705843503	0.0994264475431719	0.0684549198961153
73.7651891745159	0.0992999352558318	0.0682929357858239
73.8195878800048	0.0991734229684916	0.0681309516755325
73.8740668781927	0.0990469106811515	0.067968967565241
73.9286263469796	0.0989203983938114	0.0678069834549496
73.983266464791	0.0987938861064712	0.0676449993446582
74.0379874105806	0.098667373819131	0.0674830152343667
74.0927893638319	0.0985408615317909	0.0673210311240753
74.1476725045601	0.0984143492444508	0.0671590470137839
74.2026370133142	0.0982878369571106	0.0669970629034924
74.257683071179	0.0981613246697705	0.066835078793201
74.3128108597769	0.0980344183704723	0.0666763094175166
74.3680205612703	0.0979049118196084	0.0665387554352376
74.4233123583631	0.0977754052687444	0.0664012014529587
74.4786864343031	0.0976458987178805	0.0662636474706797
74.5341429728837	0.0975163921670165	0.0661260934884007
74.5896821584464	0.0973868856161525	0.0659885395061218
74.6453041758822	0.0972573790652886	0.0658509855238428
74.7010092106344	0.0971278725144246	0.0657134315415639
74.7567974487	0.0969983659635607	0.0655758775592849
74.8126690766321	0.0968688594126967	0.0654383235770059
74.868624281542	0.0967393528618327	0.0653007695947269
74.924663251101	0.0966098463109688	0.065163215612448
74.980786173543	0.0964803397601048	0.065025661630169
75.0369932376662	0.0963508332092409	0.06488810764789
75.0932846328352	0.0962213266583769	0.0647505536656111
75.1496605489833	0.0960918201075129	0.0646129996833321
75.2061211766148	0.095962313556649	0.0644754457010531
75.2626667068068	0.095832807005785	0.0643378917187742
75.3192973312113	0.0957033004549211	0.0642003377364952
75.376013242058	0.0955737939040571	0.0640627837542162
75.4328146321557	0.0954442873531932	0.0639252297719373
75.4897016948948	0.0953147808023292	0.0637876757896583
75.5466746242497	0.0951904251143419	0.0636548507397455
75.6037336147808	0.0950684014832593	0.0635241667173926
75.6608788616367	0.0949463778521766	0.0633934826950397
75.7181105605563	0.0948243542210939	0.0632627986726868
75.7754289078715	0.0947023305900113	0.0631321146503339
75.8328341005088	0.0945803069589287	0.0630014306279811
75.8903263359923	0.094458283327846	0.0628707466056281
75.9479058124451	0.0943362596967634	0.0627400625832752
76.0055727285925	0.0942142360656807	0.0626093785609224
76.0633272837634	0.0940922124345981	0.0624786945385695
76.1211696778933	0.0939701888035154	0.0623480105162166
76.1791001115262	0.0938481651724328	0.0622173264938637
76.2371187858171	0.0937261415413501	0.0620866424715108
76.2952259025344	0.0936041179102675	0.0619559584491579
76.3534216640618	0.0934820942791848	0.061825274426805
76.4117062734011	0.0933600706481022	0.0616945904044521
76.4700799341746	0.0932380470170196	0.0615639063820992
76.528542850627	0.0931160233859369	0.0614332223597463
76.5870952276283	0.0929939997548543	0.0613025383373934
76.645737270676	0.0928719761237716	0.0611718543150405
76.7044691858971	0.092749952492689	0.0610411702926876
76.7632911800514	0.0926291341649353	0.0609126171614762
76.822203460533	0.0925091634812521	0.0607855626051026
76.8812062353734	0.0923891927975688	0.0606585080487291
76.9402997132435	0.0922692221138856	0.0605314534923555
76.9994841034565	0.0921492514302023	0.060404398935982
77.05875961597	0.0920292807465191	0.0602773443796084
77.1181264613885	0.0919093100628359	0.0601502898232349
77.1775848509662	0.0917893393791526	0.0600232352668614
77.2371349966093	0.0916693686954694	0.0598961807104878
77.2967771108784	0.0915493980117861	0.0597691261541142
77.3565114069912	0.0914294273281029	0.0596420715977407
77.4163380988251	0.0913094566444197	0.0595150170413671
77.4762574009195	0.0911894859607364	0.0593879624849936
77.5362695284787	0.0910695152770532	0.05926090792862
77.5963746973741	0.09094954459337	0.0591338533722465
77.6565731241472	0.0908295739096867	0.0590067988158729
77.7168650260118	0.0907096032260035	0.0588797442594994
77.7772506208569	0.0905896325423203	0.0587526897031259
77.8377301272491	0.090469661858637	0.0586256351467523
77.8983037644355	0.0903496911749538	0.0584985805903787
77.9589717523462	0.0902297204912705	0.0583715260340052
78.0197343115968	0.0901097004399886	0.0582473766145915
78.0805916634914	0.0899896697436088	0.0581238536276551
78.1415440300251	0.0898696390472291	0.0580003306407186
78.2025916338867	0.0897496083508493	0.0578768076537822
78.2637346984616	0.0896295776544695	0.0577532846668458
78.324973447834	0.0895095469580898	0.0576297616799094
78.3863081067904	0.08938951626171	0.0575062386929729
78.4477389008217	0.0892694855653302	0.0573827157060365
78.5092660561263	0.0891494548689505	0.0572591927191001
78.5708897996128	0.0890294241725707	0.0571356697321636
78.6326103589028	0.088909393476191	0.0570121467452272
78.6944279623337	0.0887893627798112	0.0568886237582908
78.7563428389614	0.0886693320834314	0.0567651007713544
78.8183552185633	0.0885493013870516	0.0566415777844179
78.8804653316411	0.0884292706906719	0.0565180547974815
78.9426734094236	0.0883092399942921	0.0563945318105451
79.0049796838695	0.0881892092979123	0.0562710088236087
79.0673843876706	0.0880691786015325	0.0561474858366722
79.1298877542542	0.0879491479051528	0.0560239628497358
79.1924900177866	0.087829117208773	0.0559004398627994
79.2551914131756	0.0877082428564945	0.0557782480222986
79.3179921760732	0.0875860387961914	0.0556581542363483
79.3808925428796	0.0874638347358882	0.055538060450398
79.4438927507448	0.0873416306755851	0.0554179666644478
79.5069930375726	0.0872194266152819	0.0552978728784975
79.5701936420233	0.0870972225549788	0.0551777790925473
79.6334948035163	0.0869750184946756	0.055057685306597
79.6968967622339	0.0868528144343725	0.0549375915206467
79.7603997591236	0.0867306103740693	0.0548174977346965
79.8240040359016	0.0866084063137662	0.0546974039487462
79.8877098350559	0.086486202253463	0.0545773101627959
79.9515173998487	0.0863639981931598	0.0544572163768457
80.0154269743206	0.0862417941328567	0.0543371225908954
80.0794388032929	0.0861195900725535	0.0542170288049451
80.1435531323707	0.0859973860122504	0.0540969350189949
80.2077702079467	0.0858751819519472	0.0539768412330446
80.2720902772036	0.0857529778916441	0.0538567474470943
80.3365135881179	0.0856307738313409	0.0537366536611441
80.4010403894626	0.0855085697710378	0.0536165598751938
80.4656709308108	0.0853863657107346	0.0534964660892435
80.5304054625385	0.0852617937851035	0.0533789060311582
80.5952442358281	0.0851311011132662	0.0532678954609316
80.6601875026719	0.085000408441429	0.0531568848907049
80.7252355158746	0.0848697157695917	0.0530458743204783
80.7903885290575	0.0847390230977544	0.0529348637502517
80.855646796661	0.0846083304259172	0.0528238531800251
80.9210105739485	0.0844776377540799	0.0527128426097985
80.9864801170093	0.0843469450822427	0.0526018320395719
81.0520556827622	0.0842162524104054	0.0524908214693453
81.117737528959	0.0840855597385681	0.0523798108991186
81.1835259141874	0.0839548670667309	0.052268800328892
81.2494210978747	0.0838241743948936	0.0521577897586654
81.3154233402912	0.0836934817230564	0.0520467791884388
81.3815329025537	0.0835627890512191	0.0519357686182122
81.4477500466288	0.0834320963793818	0.0518247580479856
81.5140750353363	0.0833014037075446	0.051713747477759
81.580508132353	0.0831707110357073	0.0516027369075324
81.6470496022156	0.08304001836387	0.0514917263373057
81.7136997103249	0.0829093256920328	0.0513807157670791
81.7804587229491	0.0827786330201955	0.0512697051968525
81.8473269072269	0.0826521897134927	0.0511650799681601
81.9143045311717	0.0825301664750476	0.0510670965893763
81.9813918636748	0.0824081432366024	0.0509691132105925
82.0485891745091	0.0822861199981573	0.0508711298318088
82.1158967343329	0.0821640967597121	0.050773146453025
82.1833148146931	0.082042073521267	0.0506751630742412
82.2508436880291	0.0819200502828219	0.0505771796954574
82.3184836276768	0.0817980270443768	0.0504791963166736
82.3862349078716	0.0816760038059316	0.0503812129378899
82.4540978037526	0.0815539805674865	0.0502832295591061
82.5220725913664	0.0814319573290414	0.0501852461803223
82.5901595476702	0.0813099340905962	0.0500872628015385
82.6583589505364	0.0811879108521511	0.0499892794227548
82.7266710787558	0.081065887613706	0.049891296043971
82.7950962120416	0.0809438643752608	0.0497933126651872
82.8636346310331	0.0808218411368157	0.0496953292864034
82.9322866172999	0.0806998178983706	0.0495973459076197
83.0010524533451	0.0805777946599254	0.0494993625288359
83.06993242261	0.0804557714214803	0.0494013791500521
83.1389268094772	0.0803338439105955	0.0493034293797207
83.208035899275	0.0802178673044836	0.0492075688791779
83.2772599782813	0.0801018906983717	0.049111708378635
83.3465993337273	0.0799859140922598	0.0490158478780921
83.4160542538017	0.0798699374861479	0.0489199873775493
83.4856250276546	0.079753960880036	0.0488241268770064
83.5553119454016	0.0796379842739241	0.0487282663764636
83.6251152981277	0.0795220076678122	0.0486324058759207
83.6950353778915	0.0794060310617003	0.0485365453753778
83.765072477729	0.0792900544555884	0.048440684874835
83.8352268916581	0.0791740778494765	0.0483448243742921
83.9054989146824	0.0790581012433646	0.0482489638737493
83.9758888427955	0.0789421246372527	0.0481531033732064
84.046396972985	0.0788261480311408	0.0480572428726635
84.1170236032368	0.0787101714250289	0.0479613823721207
84.1877690325394	0.078594194818917	0.0478655218715778
84.2586335608878	0.0784782182128051	0.047769661371035
84.329617489288	0.0783622416066932	0.0476738008704921
84.4007211197612	0.0782462650005813	0.0475779403699492
84.4719447553481	0.0781302883944694	0.0474820798694064
84.5432887001131	0.0780165098539313	0.0473879951053841
84.6147532591488	0.0779031145439063	0.0472942199392309
84.6863387385801	0.0777897192338813	0.0472004447730777
84.7580454455688	0.0776763239238563	0.0471066696069246
84.8298736883181	0.0775629286138313	0.0470128944407714
84.9018237760765	0.0774495333038063	0.0469191192746183
84.9738960191429	0.0773361379937813	0.0468253441084651
85.0460907288705	0.0772227426837563	0.046731568942312
85.1184082176716	0.0771093473737313	0.0466377937761588
85.190848799022	0.0769959520637063	0.0465440186100056
85.2634127874656	0.0768825567536813	0.0464502434438525
85.3361004986188	0.0767691614436564	0.0463564682776993
85.4089122491754	0.0766557661336313	0.0462626931115461
85.4818483569106	0.0765423708236063	0.046168917945393
85.5549091406865	0.0764289755135813	0.0460751427792398
85.6280949204558	0.0763155802035564	0.0459813676130867
85.7014060172671	0.0762021848935314	0.0458875924469335
85.7748427532695	0.0760887895835064	0.0457938172807803
85.8484054517171	0.0759753942734814	0.0457000421146272
85.922094436974	0.0758638493357432	0.0456082818900761
85.9959100345188	0.0757523176158012	0.045516536058892
86.0698525709495	0.0756407858958591	0.0454247902277078
86.1439223739887	0.0755292541759171	0.0453330443965237
86.2181197724876	0.075417722455975	0.0452412985653395
86.2924450964318	0.075306190736033	0.0451495527341553
86.3668986769455	0.0751946590160909	0.0450578069029712
86.4414808462967	0.0750831272961489	0.044966061071787
86.5161919379021	0.0749715955762068	0.0448743152406028
86.5910322863323	0.0748600638562648	0.0447825694094187
86.6660022273163	0.0747485321363227	0.0446908235782345
86.7411020977468	0.0746370004163807	0.0445990777470504
86.8163322356855	0.0745254686964386	0.0445073319158662
86.8916929803677	0.0744139369764966	0.044415586084682
86.9671846722076	0.0743024052565545	0.0443238402534979
87.0428076528036	0.0741908735366125	0.0442320944223137
87.1185622649432	0.0740793418166704	0.0441403485911295
87.1944488526083	0.0739678100967283	0.0440486027599454
87.2704677609802	0.0738569156845271	0.0439577201305588
87.3466193364452	0.0737468552467266	0.0438679670782288
87.4229039265997	0.0736367948089261	0.0437782140258987
87.4993218802554	0.0735267343711257	0.0436884609735686
87.5758735474447	0.0734166739333252	0.0435987079212386
87.6525592794258	0.0733066134955247	0.0435089548689085
87.7293794286887	0.0731965530577242	0.0434192018165784
87.8063343489599	0.0730864926199237	0.0433294487642483
87.8834243952083	0.0729764321821233	0.0432396957119183
87.9606499236502	0.0728663717443228	0.0431499426595882
88.0380112917553	0.0727563113065223	0.0430601896072581
88.1155088582521	0.0726462508687218	0.0429704365549281
88.1931429831331	0.0725361904309213	0.042880683502598
88.2709140276606	0.0724261299931209	0.0427909304502679
88.3488223543724	0.0723160695553204	0.0427011773979378
88.4268683270874	0.0722060091175199	0.0426114243456078
88.5050523109112	0.0720959486797194	0.0425216712932777
88.5833746722415	0.0719858882419189	0.0424319182409476
88.6618357787745	0.0718760624908215	0.042342427678046
88.7404359995102	0.0717673861195826	0.0422542226590556
88.819175704758	0.0716587097483437	0.0421660176400652
88.898055266143	0.0715500333771048	0.0420778126210747
88.9770750566117	0.0714413570058659	0.0419896076020843
89.0562354504375	0.071332680634627	0.0419014025830939
89.1355368232273	0.0712240042633881	0.0418131975641034
89.2149795519267	0.0711153278921492	0.041724992545113
89.2945640148265	0.0710066515209103	0.0416367875261226
89.3742905915684	0.0708979751496714	0.0415485825071321
89.4541596631514	0.0707892987784326	0.0414603774881417
89.5341716119374	0.0706806224071937	0.0413721724691513
89.6143268216576	0.0705719460359547	0.0412839674501608
89.6946256774187	0.0704632696647158	0.0411957624311704
89.7750685657086	0.070354593293477	0.04110755741218
89.8556558744034	0.0702459169222381	0.0410193523931895
89.9363879927727	0.0701372405509992	0.0409311473741991
90.0172653114867	0.0700285641797603	0.0408429423552087
90.0982882226221	0.0699199273592687	0.040755031382633
90.1794571196681	0.0698114518194124	0.0406683194769703
90.2607723975337	0.069702976279556	0.0405816075713075
90.3422344525532	0.0695945007396997	0.0404948956656447
90.423843682493	0.0694860251998433	0.0404081837599819
90.5056004865581	0.0693775496599869	0.0403214718543191
90.5875052653987	0.0692690741201306	0.0402347599486563
90.6695584211166	0.0691605985802742	0.0401480480429935
90.7517603572715	0.0690521230404179	0.0400613361373307
90.8341114788883	0.0689436475005615	0.0399746242316679
90.9166121924632	0.0688351719607052	0.0398879123260051
90.9992629059705	0.0687266964208488	0.0398012004203424
91.0820640288694	0.0686182208809924	0.0397144885146796
91.1650159721108	0.0685097453411361	0.0396277766090168
91.2481191481441	0.0684012698012797	0.039541064703354
91.3313739709237	0.0682927942614234	0.0394543527976912
91.4147808559166	0.068184318721567	0.0393676408920284
91.4983402201084	0.0680758431817106	0.0392809289863656
91.582052482011	0.0679674053122885	0.039195190200399
91.6659180616692	0.0678590035962189	0.0391103853441905
91.7499373806677	0.0677506018801493	0.039025580487982
91.8341108621386	0.0676422001640797	0.0389407756317734
91.9184389307679	0.0675337984480101	0.0388559707755649
92.0029220128031	0.0674253967319405	0.0387711659193563
92.0875605360601	0.0673169950158709	0.0386863610631478
92.1723549299306	0.0672085932998013	0.0386015562069393
92.2573056253892	0.0671001915837317	0.0385167513507307
92.342413055001	0.0669917898676621	0.0384319464945222
92.4276776529285	0.0668833881515925	0.0383471416383136
92.5130998549395	0.0667749864355229	0.0382623367821051
92.5986800984139	0.0666665847194533	0.0381775319258966
92.6844188223518	0.0665581830033837	0.038092727069688
92.7703164673806	0.0664497812873141	0.0380079222134795
92.8563734757626	0.0663413795712445	0.0379231173572709
92.9425902914029	0.0662329778551749	0.0378383125010624
93.0289673598565	0.0661245585324781	0.037753703777236
93.1155051283364	0.066015988716005	0.0376707715075422
93.2022040457213	0.0659074188995319	0.0375878392378483
93.2890645625629	0.0657988490830587	0.0375049069681545
93.3760871310944	0.0656902792665856	0.0374219746984607
93.4632722052379	0.0655817094501124	0.0373390424287668
93.5506202406122	0.0654731396336393	0.037256110159073
93.6381316945412	0.0653645698171662	0.0371731778893792
93.7258070260614	0.065256000000693	0.0370902456196853
93.8136466959303	0.0651474301842199	0.0370073133499915
93.9016511666341	0.0650388603677467	0.0369243810802977
93.9898209023963	0.0649302905512736	0.0368414488106038
94.0781563691853	0.0648217207348004	0.03675851654091
94.166658034723	0.0647131509183273	0.0366755842712162
94.2553263684931	0.0646045811018541	0.0365926520015223
94.344161841749	0.064496011285381	0.0365097197318285
94.4331649275225	0.0643874414689079	0.0364267874621347
94.5223361006323	0.0642788716524347	0.0363438551924408
94.6116758376918	0.0641693930787428	0.0362627129400473
94.7011846171184	0.0640598928962858	0.0361816132513467
94.7908629191415	0.0639503927138288	0.036100513562646
94.8807112258114	0.0638408925313718	0.0360194138739454
94.9707300210075	0.0637313923489149	0.0359383141852447
95.0609197904477	0.0636218921664579	0.0358572144965441
95.1512810216964	0.0635123919840009	0.0357761148078434
95.2418142041737	0.063402891801544	0.0356950151191428
95.3325198291641	0.063293391619087	0.0356139154304422
95.4233983898256	0.06318389143663	0.0355328157417415
95.5144503811982	0.0630743912541731	0.0354517160530409
95.6056763002133	0.0629648910717161	0.0353706163643402
95.6970766457026	0.0628553908892591	0.0352895166756396
95.7886519184072	0.0627458907068022	0.0352084169869389
95.8804026209867	0.0626363905243452	0.0351273172982383
95.9723292580283	0.0625268903418882	0.0350462176095376
96.0644323360565	0.06241692330031	0.034965332975608
96.1567123635416	0.062303556115169	0.0348860145895289
96.2491698509101	0.062190188930028	0.0348066962034497
96.341805310553	0.0620768217448871	0.0347273778173706
96.4346192568363	0.0619634545597461	0.0346480594312915
96.5276122061096	0.0618500873746051	0.0345687410452124
96.6207846767165	0.0617367201894641	0.0344894226591333
96.7141371890036	0.0616233530043232	0.0344101042730542
96.8076702653305	0.0615099858191822	0.0343307858869751
96.9013844300794	0.0613966186340412	0.034251467500896
96.995280209665	0.0612832514489002	0.0341721491148168
97.0893581325445	0.0611698842637593	0.0340928307287377
97.183618729227	0.0610565170786183	0.0340135123426586
97.2780625322842	0.0609431498934773	0.0339341939565795
97.3726900763597	0.0608297827083363	0.0338548755705004
97.4675018981796	0.0607164155231954	0.0337755571844213
97.5624985365625	0.0606030483380544	0.0336962387983422
97.6576805324297	0.0604905299638956	0.0336242700113224
97.7530484288153	0.0603787546587722	0.0335587352356417
97.8486027708767	0.0602669793536488	0.0334932004599611
97.9443441059053	0.0601552040485255	0.0334276656842804
98.0402729833361	0.0600434287434021	0.0333621309085997
98.1363899547591	0.0599316534382787	0.033296596132919
98.2326955739294	0.0598198781331554	0.0332310613572383
98.329190396778	0.059708102828032	0.0331655265815576
98.4258749814221	0.0595963275229086	0.0330999918058769
98.5227498881767	0.0594845522177853	0.0330344570301963
98.6198156795645	0.0593727769126619	0.0329689222545156
98.7170729203274	0.0592610016075385	0.0329033874788349
98.8145221774373	0.0591492263024152	0.0328378527031542
98.9121640201069	0.0590374509972918	0.0327723179274735
99.009999019801	0.0589256756921684	0.0327067831517928
99.1080277502478	0.0588139003870451	0.0326412483761121
99.2062507874496	0.0587033288893405	0.0325760222357658
99.3046687096947	0.0585972830460404	0.0325119563946818
99.4032820975683	0.0584912372027402	0.0324478905535978
99.502091533964	0.05838519135944	0.0323838247125138
99.6010976040956	0.0582791455161399	0.0323197588714298
99.7003008955081	0.0581730996728397	0.0322556930303458
99.7997019980898	0.0580670538295395	0.0321916271892618
99.8993015040839	0.0579610079862393	0.0321275613481778
99.9991000080999	0.0578549621429392	0.0320634955070938
100.099098107126	0.057748916299639	0.0319994296660098
100.199296400541	0.0576428704563388	0.0319353638249258
100.299695490125	0.0575368246130387	0.0318712979838418
100.400295980073	0.0574307787697385	0.0318072321427578
100.501098477006	0.0573247329264383	0.0317431663016738
100.602103589986	0.0572186870831381	0.0316791004605898
100.703311930523	0.057112641239838	0.0316150346195058
100.804724112591	0.0570071305598924	0.0315511191633095
100.90634075264	0.0569047239145611	0.0314880759639535
101.008162469609	0.0568023172692297	0.0314250327645974
101.110189884937	0.0566999106238984	0.0313619895652414
101.212423622575	0.0565975039785671	0.0312989463658854
101.314864309002	0.0564950973332357	0.0312359031665294
101.417512573236	0.0563926906879044	0.0311728599671733
101.520369046846	0.056290284042573	0.0311098167678173
101.623434363964	0.0561878773972417	0.0310467735684613
101.726709161304	0.0560854707519104	0.0309837303691053
101.830194078167	0.055983064106579	0.0309206871697492
101.93388975646	0.0558806574612477	0.0308576439703932
102.037796840706	0.0557782508159163	0.0307946007710372
102.14191597806	0.055675844170585	0.0307315575716811
102.246247818321	0.0555734375252536	0.0306685143723251
102.350793013944	0.0554710308799223	0.0306054711729691
102.455552220058	0.0553692509833565	0.0305427692372888
102.560526094475	0.0552686815165668	0.0304807263786378
102.665715297705	0.0551681120497772	0.0304186835199868
102.771120492973	0.0550675425829875	0.0303566406613359
102.876742346228	0.0549669731161978	0.0302945978026849
102.982581526161	0.0548664036494082	0.030232554944034
103.088638704217	0.0547658341826185	0.030170512085383
103.194914554611	0.0546652647158288	0.0301084692267321
103.301409754339	0.0545646952490392	0.0300464263680811
103.408124983196	0.0544641257822495	0.0299843835094301
103.515060923789	0.0543635563154598	0.0299223406507792
103.622218261551	0.0542629868486701	0.0298602977921282
103.729597684755	0.0541624173818805	0.0297982549334773
103.837199884533	0.0540618479150908	0.0297362120748263
103.945025554885	0.0539612784483011	0.0296741692161754
104.053075392696	0.0538607089815115	0.0296121263575244
104.161350097755	0.0537609373532219	0.029550854201798
104.269850372765	0.0536613897623447	0.0294897984636659
104.378576923358	0.0535618421714675	0.0294287427255339
104.487530458115	0.0534622945805903	0.0293676869874019
104.596711688578	0.053362746989713	0.0293066312492698
104.706121329265	0.0532631993988358	0.0292455755111378
104.815760097688	0.0531636518079586	0.0291845197730058
104.925628714367	0.0530641042170814	0.0291234640348737
105.035727902846	0.0529645566262042	0.0290624082967417
105.146058389709	0.0528650090353269	0.0290013525586097
105.256620904596	0.0527654614444497	0.0289402968204776
105.36741618022	0.0526659138535725	0.0288792410823456
105.478444952382	0.0525663662626953	0.0288181853442135
105.589707959986	0.0524668186718181	0.0287571296060815
105.701205945059	0.0523672710809409	0.0286960738679495
105.812939652764	0.0522670740972172	0.0286354816034629
105.924909831421	0.0521661605595697	0.0285754007456865
106.037117232516	0.0520652470219222	0.0285153198879101
106.149562610727	0.0519643334842747	0.0284552390301337
106.262246723935	0.0518634199466272	0.0283951581723573
106.375170333241	0.0517625064089796	0.0283350773145809
106.488334202988	0.0516615928713321	0.0282749964568045
106.601739100772	0.0515606793336846	0.0282149155990281
106.715385797463	0.0514597657960371	0.0281548347412517
106.829275067222	0.0513588522583896	0.0280947538834753
106.94340768752	0.0512579387207421	0.0280346730256989
107.057784439151	0.0511570251830946	0.0279745921679225
107.172406106255	0.0510561116454471	0.0279145113101461
107.287273476333	0.0509551981077996	0.0278544304523697
107.402387340266	0.0508542845701521	0.0277943495945933
107.517748492332	0.0507542555338861	0.0277382748197133
107.633357730228	0.0506555158980415	0.0276880399961127
107.749215855082	0.050556776262197	0.0276378051725122
107.865323671477	0.0504580366263524	0.0275875703489117
107.981681987468	0.0503592969905078	0.0275373355253111
108.098291614599	0.0502605573546632	0.0274871007017106
108.215153367926	0.0501618177188187	0.02743686587811
108.332268066031	0.0500630780829741	0.0273866310545095
108.449636531043	0.0499643384471295	0.027336396230909
108.56725958866	0.0498655988112849	0.0272861614073084
108.685138068165	0.0497668591754404	0.0272359265837079
108.803272802446	0.0496681195395958	0.0271856917601074
108.921664628016	0.0495693799037512	0.0271354569365068
109.040314385034	0.0494706402679067	0.0270852221129063
109.159222917324	0.0493719006320621	0.0270349872893058
109.278391072393	0.0492765545590174	0.0269854954327773
109.397819701453	0.0491836273246557	0.0269365331428431
109.517509659444	0.049090700090294	0.0268875708529089
109.637461805049	0.0489977728559323	0.0268386085629747
109.757677000718	0.0489048456215706	0.0267896462730405
109.878156112687	0.0488119183872089	0.0267406839831063
109.998900011	0.0487189911528473	0.0266917216931721
110.11990956953	0.0486260639184856	0.0266427594032379
110.241185666	0.0485331366841239	0.0265937971133037
110.362729182002	0.0484402094497622	0.0265448348233695
110.484541003023	0.0483472822154005	0.0264958725334352
110.60662201846	0.0482543549810388	0.026446910243501
110.728973121649	0.0481614277466772	0.0263979479535668
110.851595209881	0.0480685005123155	0.0263489856636326
110.974489184426	0.0479755732779538	0.0263000233736984
111.097655950557	0.0478870669921955	0.026251582184756
111.221096417569	0.0477985708763287	0.0262031421945474
111.344811498801	0.0477100747604619	0.0261547022043388
111.468802111665	0.0476215786445951	0.0261062622141301
111.59306917766	0.0475330825287282	0.0260578222239215
111.717613622399	0.0474445864128614	0.0260093822337129
111.842436375634	0.0473560902969946	0.0259609422435043
111.967538371275	0.0472675941811278	0.0259125022532957
112.092920547417	0.0471790980652609	0.025864062263087
112.218583846359	0.0470906019493941	0.0258156222728784
112.344529214633	0.0470021058335273	0.0257671822826698
112.470757603023	0.0469136097176605	0.0257187422924612
112.597269966592	0.0468251136017937	0.0256703023022526
112.724067264705	0.0467366174859268	0.0256218623120439
112.851150461053	0.0466502203478906	0.0255737525826489
112.978520523678	0.0465650032413396	0.0255258285237039
113.106178424996	0.0464797861347885	0.0254779044647589
113.234125141826	0.0463945690282375	0.0254299804058138
113.362361655408	0.0463093519216865	0.0253820563468688
113.490888951435	0.0462241348151354	0.0253341322879238
113.619708020074	0.0461389177085844	0.0252862082289788
113.748819855994	0.0460537006020333	0.0252382841700337
113.878225458388	0.0459684834954823	0.0251903601110887
114.007925831004	0.0458832663889313	0.0251424360521437
114.137921982165	0.0457980492823802	0.0250945119931987
114.2682149248	0.0457128321758292	0.0250465879342536
114.398805676469	0.0456276150692781	0.0249986638753086
114.529695259387	0.0455423979627271	0.0249507398163636
114.660884700454	0.0454588194063397	0.0249030781840446
114.792375031281	0.0453768071482577	0.0248556674066513
114.924167288215	0.0452947948901757	0.024808256629258
115.056262512369	0.0452127826320937	0.0247608458518647
115.188661749647	0.0451307703740118	0.0247134350744715
115.321366050774	0.0450487581159298	0.0246660242970782
115.454376471322	0.0449667458578478	0.0246186135196849
115.587694071738	0.0448847335997658	0.0245712027422916
115.721319917375	0.0448027213416838	0.0245237919648983
115.855255078515	0.0447207090836019	0.0244763811875051
115.989500630403	0.0446386968255199	0.0244289704101118
116.124057653272	0.0445566845674379	0.0243815596327185
116.258927232375	0.0444746723093559	0.0243341488553252
116.394110458011	0.0443926600512739	0.024286738077932
116.529608425557	0.0443129677259364	0.0242396344590233
116.665422235496	0.0442347982156379	0.024192732460425
116.801552993449	0.0441566287053395	0.0241458304618267
116.9380018102	0.044078459195041	0.0240989284632284
117.074769801734	0.0440002896847425	0.0240520264646301
117.211858089259	0.0439221201744441	0.0240051244660318
117.349267799244	0.0438439506641456	0.0239582224674334
117.487000063443	0.0437657811538472	0.0239113204688351
117.625056018933	0.0436876116435487	0.0238644184702368
117.76343680814	0.0436094421332502	0.0238175164716385
117.902143578872	0.0435312726229518	0.0237706144730402
118.041177484354	0.0434531031126533	0.0237237124744419
118.180539683253	0.0433749336023549	0.0236768104758436
118.320231339716	0.0432967640920564	0.0236299084772452
118.460253623403	0.0432263101237194	0.0235804538069207
118.600607709514	0.0431564842067968	0.0235307913470338
118.741294778827	0.0430866582898742	0.0234811288871469
118.882316017728	0.0430168323729516	0.0234314664272599
119.023672618247	0.042947006456029	0.023381803967373
119.16536577809	0.0428771805391064	0.023332141507486
119.307396700673	0.0428073546221838	0.0232824790475991
119.449766595156	0.0427375287052612	0.0232328165877121
119.592476676477	0.0426677027883386	0.0231831541278252
119.735528165388	0.0425978768714159	0.0231334916679383
119.878922288489	0.0425280509544933	0.0230838292080513
120.022660278261	0.0424582250375707	0.0230341667481644
120.166743373105	0.0423883991206481	0.0229845042882774
120.311172817375	0.0423169869956519	0.0229313937842383
120.455949861415	0.0422437092404022	0.022874227837794
120.601075761596	0.0421704314851526	0.0228170618913496
120.746551780348	0.0420971537299029	0.0227598959449053
120.892379186201	0.0420238759746532	0.0227027299984609
121.038559253822	0.0419505982194036	0.0226455640520166
121.185093264048	0.0418773204641539	0.0225883981055722
121.331982503928	0.0418040427089043	0.0225312321591279
121.479228266759	0.0417307649536546	0.0224740662126836
121.626831852121	0.0416574871984049	0.0224169002662392
121.774794565922	0.0415842094431553	0.0223597343197949
121.923117720428	0.0415109316879056	0.0223025683733505
122.07180263431	0.041437653932656	0.0222454024269062
122.220850632676	0.0413637978354764	0.0221884436118433
122.370263047117	0.0412877454245614	0.0221322713997824
122.520041215742	0.0412116930136465	0.0220760991877214
122.670186483218	0.0411356406027315	0.0220199269756605
122.820700200812	0.0410595881918165	0.0219637547635996
122.971583726433	0.0409835357809015	0.0219075825515386
123.122838424668	0.0409074833699866	0.0218514103394777
123.274465666829	0.0408314309590716	0.0217952381274167
123.426466830988	0.0407553785481566	0.0217390659153558
123.578843302027	0.0406793261372417	0.0216828937032949
123.73159647167	0.0406032737263267	0.0216267214912339
123.884727738534	0.0405272213154117	0.021570549279173
124.038238508167	0.0404511689044967	0.0215143770671121
124.192130193094	0.0403750684691918	0.0214583713900595
124.346404212856	0.0402987356137848	0.0214031716802177
124.501061994059	0.0402224027583778	0.0213479719703759
124.656104970413	0.0401460699029708	0.021292772260534
124.81153458278	0.0400697370475638	0.0212375725506922
124.967352279217	0.0399934041921568	0.0211823728408504
125.123559515021	0.0399170713367498	0.0211271731310086
125.280157752775	0.0398407384813428	0.0210719734211667
125.437148462391	0.0397644056259358	0.0210167737113249
125.594533121162	0.0396880727705289	0.0209615740014831
125.752313213802	0.0396117399151219	0.0209063742916412
125.910490232494	0.0395354070597149	0.0208511745817994
126.06906567694	0.0394590742043079	0.0207959748719576
126.228041054408	0.0393828408422285	0.0207410961799287
126.387417879775	0.0393068050149972	0.0206868548392321
126.547197675581	0.0392307691877659	0.0206326134985355
126.707381972074	0.0391547333605345	0.0205783721578389
126.867972307259	0.0390786975333032	0.0205241308171423
127.02897022695	0.0390026617060719	0.0204698894764457
127.190377284816	0.0389266258788405	0.0204156481357491
127.352195042434	0.0388505900516092	0.0203614067950525
127.514425069336	0.0387745542243779	0.0203071654543559
127.677068943064	0.0386985183971465	0.0202529241136593
127.840128249217	0.0386224825699152	0.0201986827729627
128.003604581505	0.0385464467426839	0.0201444414322661
128.167499541801	0.0384704109154526	0.0200902000915695
128.331814740192	0.0383949284119141	0.0200366294121277
128.496551795033	0.0383196694749654	0.0199833297087014
128.661712332997	0.0382444105380167	0.0199300300052751
128.827297989135	0.038169151601068	0.0198767303018488
128.993310406922	0.0380938926641193	0.0198234305984225
129.159751238319	0.0380186337271706	0.0197701308949962
129.326622143822	0.0379433747902218	0.01971683119157
129.493924792518	0.0378681158532731	0.0196635314881437
129.661660862146	0.0377928569163244	0.0196102317847174
129.829832039146	0.0377175979793757	0.0195569320812911
129.99844001872	0.037642339042427	0.0195036323778648
130.167486504886	0.0375670801054782	0.0194503326744385
130.336973210539	0.0374924663185169	0.0193972959795194
130.506901857505	0.0374194763513617	0.0193449212677539
130.677274176603	0.0373464863842064	0.0192925465559883
130.8480919077	0.0372734964170512	0.0192401718442228
131.019356799774	0.0372005064498959	0.0191877971324572
131.19107061097	0.0371275164827407	0.0191354224206917
131.363235108664	0.0370545265155854	0.0190830477089261
131.535852069519	0.0369815365484302	0.0190306729971606
131.708923279552	0.036908546581275	0.018978298285395
131.88245053419	0.0368355566141197	0.0189259235736295
132.056435638334	0.0367625666469645	0.0188735488618639
132.230880406425	0.0366895766798092	0.0188211741500984
132.4057866625	0.0366165722638909	0.0187686201036841
132.581156240264	0.0365433028017895	0.0187127763663923
132.756990983145	0.0364700333396881	0.0186569326291004
132.933292744368	0.0363967638775868	0.0186010888918086
133.110063387012	0.0363234944154854	0.0185452451545168
133.287304784081	0.036250224953384	0.0184894014172249
133.465018818568	0.0361769554912826	0.0184335576799331
133.64320738352	0.0361036860291812	0.0183777139426413
133.82187238211	0.0360304165670799	0.0183218702053494
134.001015727699	0.0359571471049785	0.0182660264680576
134.18063934391	0.0358838776428771	0.0182101827307658
134.360745164693	0.0358106081807757	0.0181543389934739
134.541335134393	0.0357373094810086	0.0180985175784828
134.722411207827	0.035662574026014	0.0180437930938204
134.903975350346	0.0355878385710194	0.0179890686091579
135.086029537911	0.0355131031160248	0.0179343441244955
135.268575757166	0.0354383676610302	0.0178796196398331
135.451616005505	0.0353636322060356	0.0178248951551707
135.635152291149	0.035288896751041	0.0177701706705083
135.819186633219	0.0352141612960463	0.0177154461858458
136.003721061808	0.0351394258410517	0.0176607217011834
136.188757618059	0.0350646903860571	0.017605997216521
136.374298354235	0.0349899549310625	0.0175512727318586
136.560345333801	0.0349152194760679	0.0174965482471962
136.746900631497	0.0348404103682916	0.0174420206640903
136.933966333415	0.0347652602942183	0.0173884046119961
137.121544537078	0.0346901102201449	0.017334788559902
137.309637351517	0.0346149601460716	0.0172811725078078
137.498246897352	0.0345398100719983	0.0172275564557136
137.687375306871	0.034464659997925	0.0171739404036195
137.877024724108	0.0343895099238517	0.0171203243515253
138.067197304928	0.0343143598497783	0.0170667082994311
138.257895217106	0.034239209775705	0.017013092247337
138.44912064041	0.0341640597016317	0.0169594761952428
138.640875766684	0.0340889096275584	0.0169058601431486
138.833162799932	0.0340137595534851	0.0168522440910545
139.025983956401	0.0339385813052836	0.0167991959329843
139.219341464671	0.0338633775481508	0.016746661947692
139.413237565733	0.033788173791018	0.0166941279623996
139.607674513083	0.0337129700338851	0.0166415939771072
139.802654572805	0.0336377662767523	0.0165890599918149
139.99818002366	0.0335625625196194	0.0165365260065225
140.194253157175	0.0334873587624866	0.0164839920212301
140.390876277732	0.0334121550053538	0.0164314580359378
140.588051702662	0.0333369512482209	0.0163789240506454
140.785781762328	0.0332617474910881	0.016326390065353
140.984068800226	0.0331865437339553	0.0162738560800607
141.182915173069	0.0331113446721633	0.016221381819616
141.382323250889	0.0330362243914701	0.0161699096566238
141.582295417123	0.0329611041107769	0.0161184374936317
141.782834068714	0.0328859838300837	0.0160669653306396
141.983941616203	0.0328108635493905	0.0160154931676474
142.185620483829	0.0327357432686973	0.0159640210046553
142.387873109623	0.0326606229880041	0.0159125488416632
142.590701945508	0.032585502707311	0.015861076678671
142.794109457397	0.0325103824266178	0.0158096045156789
142.998098125295	0.0324352621459246	0.0157581323526868
143.202670443398	0.0323601418652314	0.0157066601896946
143.407828920196	0.0322850215845382	0.0156551880267025
143.613576078574	0.032209980763564	0.0156045143217353
143.819914455915	0.0321349640783492	0.0155540831470849
144.026846604207	0.0320599473931344	0.0155036519724344
144.234375090146	0.0319849307079196	0.0154532207977839
144.442502495244	0.0319099140227048	0.0154027896231335
144.651231415933	0.0318348973374901	0.015352358448483
144.860564463676	0.0317598806522753	0.0153019272738325
145.070504265073	0.0316848639670605	0.0152514960991821
145.281053461975	0.0316098472818457	0.0152010649245316
145.492214711591	0.0315348305966309	0.0151506337498811
145.703990686601	0.0314598139114161	0.0151002025752306
145.91638407527	0.0313845638566819	0.0150508235039298
146.129397581558	0.0313091946618016	0.0150019815539592
146.343033925242	0.0312338254669213	0.0149531396039886
146.557295842023	0.0311584562720409	0.014904297654018
146.772186083648	0.0310830870771606	0.0148554557040474
146.987707418029	0.0310077178822803	0.0148066137540768
147.203862629355	0.0309323486874	0.0147577718041062
147.420654518222	0.0308569794925197	0.0147089298541356
147.638085901744	0.0307816102976394	0.014660087904165
147.856159613681	0.0307062411027591	0.0146112459541944
148.074878504562	0.0306308719078788	0.0145624040042238
148.294245441806	0.0305565351383723	0.0145150218945757
148.514263309848	0.0304825772038828	0.0144681754542817
148.73493501027	0.0304086192693933	0.0144213290139878
148.956263461922	0.0303346613349038	0.0143744825736938
149.178251601056	0.0302607034004143	0.0143276361333999
149.40090238145	0.0301867454659247	0.0142807896931059
149.624218774548	0.0301127875314352	0.014233943252812
149.848203769581	0.0300388295969457	0.014187096812518
150.072860373711	0.0299648716624562	0.0141402503722241
150.298191612159	0.0298909137279667	0.0140934039319301
150.52420052834	0.0298169557934772	0.0140465574916362
150.750890184007	0.0297441061808433	0.0140005777886686
150.978263659381	0.0296712841493917	0.013954619654923
151.206324053297	0.0295984621179401	0.0139086615211775
151.435074483341	0.0295256400864884	0.0138627033874319
151.664518085994	0.0294528180550368	0.0138167452536863
151.894658016772	0.0293799960235851	0.0137707871199407
152.125497450377	0.0293071739921335	0.0137248289861951
152.357039580835	0.0292343519606819	0.0136788708524495
152.589287621652	0.0291615299292302	0.013632912718704
152.822244805954	0.0290887078977786	0.0135869545849584
153.055914386644	0.0290162788223841	0.0135413426115895
153.290299636549	0.0289444533683909	0.0134962623765862
153.525403848575	0.0288726279143977	0.013451182141583
153.761230335861	0.0288008024604045	0.0134061019065797
153.997782431933	0.0287289770064113	0.0133610216715765
154.235063490864	0.0286571515524181	0.0133159414365732
154.473076887429	0.0285853260984249	0.01327086120157
154.711826017269	0.0285135006444316	0.0132257809665667
154.951314297048	0.0284416751904384	0.0131807007315635
155.191545164619	0.0283698497364452	0.0131356204965602
155.43252207919	0.028298024282452	0.013090540261557
155.674248521484	0.0282272486359467	0.0130462929228775
155.916727993913	0.0281565005021034	0.0130020674121954
156.159964020744	0.0280857523682602	0.0129578419015132
156.403960148271	0.0280150042344169	0.0129136163908311
156.648719944985	0.0279442561005737	0.012869390880149
156.894247001751	0.0278735079667305	0.0128251653694669
157.140544931982	0.0278027598328872	0.0127809398587848
157.387617371816	0.027732011699044	0.0127367143481027
157.635467980296	0.0276612635652007	0.0126924888374205
157.884100439549	0.0275905154313575	0.0126482633267384
158.133518454972	0.0275206381107567	0.0126046474518641
158.383725755411	0.0274510915599945	0.0125612631411507
158.63472609335	0.0273815450092323	0.0125178788304373
158.886523245098	0.02731199845847	0.0124744945197239
159.139121010979	0.0272424519077078	0.0124311102090105
159.392523215521	0.0271729053569456	0.0123877258982972
159.646733707652	0.0271033588061834	0.0123443415875838
159.901756360892	0.0270338122554212	0.0123009572768704
160.157595073552	0.026964265704659	0.012257572966157
160.414253768933	0.0268947191538968	0.0122141886554436
160.671736395522	0.0268261469073441	0.0121713328774586
160.930046927202	0.0267581210804555	0.0121287735168277
161.189189363448	0.026690095253567	0.0120862141561969
161.44916772954	0.0266220694266785	0.0120436547955661
161.70998607677	0.02655404359979	0.0120010954349352
161.97164848265	0.0264860177729014	0.0119585360743044
162.234159051125	0.0264179919460129	0.0119159767136736
162.497521912791	0.0263499661191244	0.0118734173530427
162.761741225108	0.0262819402922358	0.0118308579924119
163.026821172619	0.0262139144653473	0.0117882986317811
163.292765967175	0.0261481707423941	0.0117463194922425
163.559579848151	0.0260833391060039	0.0117045722491806
163.827267082679	0.0260185074696137	0.0116628250061187
164.095831965868	0.0259536758332235	0.0116210777630568
164.365278821041	0.0258888441968334	0.0115793305199949
164.635611999961	0.0258240125604432	0.011537583276933
164.906835883068	0.025759180924053	0.0114958360338711
165.178954879717	0.0256943492876629	0.0114540887908092
165.451973428413	0.0256295176512727	0.0114123415477473
165.725895997057	0.0255646860148825	0.0113705943046854
166.000727083185	0.025502303700568	0.011324411183392
166.276471214217	0.0254400707376598	0.0112779575771923
166.553132947707	0.0253778377747516	0.0112315039709925
166.83071687159	0.0253156048118434	0.0111850503647928
167.109227604439	0.0252533718489351	0.0111385967585931
167.388669795719	0.0251911388860269	0.0110921431523934
167.669048126047	0.0251289059231187	0.0110456895461937
167.950367307453	0.0250666729602105	0.0109992359399939
168.232632083645	0.0250044399973023	0.0109527823337942
168.515847230274	0.0249409107032683	0.0109055295069336
168.800017555202	0.0248747753236288	0.0108566699629166
169.085147898779	0.0248086399439892	0.0108078104188997
169.371243134113	0.0247425045643497	0.0107589508748828
169.658308167351	0.0246763691847101	0.0107100913308658
169.946347937956	0.0246102338050706	0.0106612317868489
170.235367418994	0.0245440984254311	0.0106123722428319
170.525371617416	0.0244779630457915	0.010563512698815
170.816365574353	0.024411827666152	0.0105146531547981
171.108354365402	0.0243456922865124	0.0104657936107811
171.401343100925	0.0242778169156089	0.0104180792969031
171.695336926344	0.0242096872757559	0.0103705323381551
171.990341022448	0.0241415576359029	0.0103229853794071
172.28636060569	0.0240734279960499	0.0102754384206592
172.583400928499	0.0240052983561969	0.0102278914619112
172.881467279589	0.0239371687163439	0.0101803445031632
173.180564984275	0.0238690390764909	0.0101327975444152
173.480699404788	0.0238009094366379	0.0100852505856672
173.781875940594	0.0237327797967849	0.0100377036269192
174.084100028724	0.0236641476710593	0.00999086763698305
174.387377144093	0.0235951211403947	0.00994458969181228
174.691712799836	0.02352609460973	0.00989831174664151
174.997112547643	0.0234570680790653	0.00985203380147074
175.303581978091	0.0233880415484007	0.00980575585629997
175.611126720989	0.023319015017736	0.0097594779111292
175.919752445724	0.0232499884870714	0.00971319996595842
176.229464861607	0.0231809619564067	0.00966692202078765
176.540269718224	0.023111935425742	0.00962064407561689
176.852172805795	0.0230426756985625	0.00957486794062018
177.165179955532	0.0229730691280605	0.00952983816972802
177.47929704	0.0229034625575585	0.00948480839883587
177.794529973491	0.0228338559870565	0.00943977862794371
178.110884712387	0.0227642494165545	0.00939474885705156
178.42836725554	0.0226946428460525	0.00934971908615941
178.746983644651	0.0226250362755505	0.00930468931526725
179.066739964652	0.0225554297050485	0.0092596595443751
179.387642344094	0.0224858231345465	0.00921462977348294
179.709696955538	0.0224160632502077	0.00917006521832443
180.032910015951	0.0223460582375341	0.00912624448094898
180.357287787106	0.0222760532248604	0.00908242374357353
180.682836575988	0.0222060482121867	0.00903860300619807
181.009562735199	0.022136043199513	0.00899478226882262
181.337472663376	0.0220660381868393	0.00895096153144717
181.666572805604	0.0219960331741657	0.00890714079407172
181.996869653842	0.021926028161492	0.00886332005669626
182.328369747348	0.0218560231488183	0.00881949931932081
182.66107967311	0.021785780690724	0.00877627713458159
182.995006066285	0.0217153117789422	0.00873362579450724
183.330155610636	0.0216448428671605	0.00869097445443288
183.666535038983	0.0215743739553787	0.00864832311435853
184.00415113365	0.0215039050435969	0.00860567177428417
184.34301072692	0.0214334361318152	0.00856302043420982
184.6831207015	0.0213629672200334	0.00852036909413546
185.024487990986	0.0212924983082516	0.0084777177540611
185.367119580329	0.0212220293964699	0.00843506641398675
185.711022506319	0.0211503208734551	0.00839331663031253
186.056203858061	0.0210782688732006	0.00835181665407434
186.402670777467	0.0210062168729461	0.00831031667783616
186.750430459742	0.0209341648726916	0.00826881670159797
187.099490153889	0.0208621128724371	0.00822731672535979
187.449857163209	0.0207900608721826	0.0081858167491216
187.801538845809	0.0207180088719281	0.00814431677288342
188.154542615122	0.0206459568716736	0.00810281679664523
188.508875940424	0.0205739391946317	0.00806223122963451
188.86454634736	0.0205020683026039	0.00802555618151764
189.221561418481	0.020430197410576	0.00798888113340077
189.579928793779	0.0203583265185481	0.0079522060852839
189.939656171234	0.0202864556265203	0.00791553103716704
190.300751307366	0.0202145847344924	0.00787885598905017
190.663222017789	0.0201427138424646	0.0078421809409333
191.027076177777	0.0200708429504367	0.00780550589281644
191.392321722837	0.0199989720584089	0.00776883084469957
191.758966649281	0.0199290195158658	0.00773352295866052
192.127019014811	0.0198597515410494	0.00769870294776774
192.496486939113	0.0197904835662329	0.00766388293687496
192.86737860445	0.0197212155914165	0.00762906292598218
193.239702256267	0.0196519476166	0.0075942429150894
193.613466203801	0.0195826796417835	0.00755942290419662
193.988678820704	0.0195134116669671	0.00752460289330384
194.365348545661	0.0194441436921506	0.00748978288241106
194.743483883029	0.019375536877838	0.00745527584371595
195.123093403474	0.0193078643879065	0.00742121108424537
195.504185744617	0.0192401918979751	0.00738714632477479
195.886769611694	0.0191725194080436	0.0073530815653042
196.270853778214	0.0191048469181122	0.00731901680583362
196.656447086633	0.0190371744281807	0.00728495204636304
197.043558449031	0.0189695019382492	0.00725088728689246
197.432196847798	0.0189018294483178	0.00721682252742187
197.82237133633	0.0188344335389607	0.00718292610746801
198.214091039732	0.018767978563208	0.00714960238250032
198.607365155529	0.0187015235874554	0.00711627865753263
199.002202954387	0.0186350686117027	0.00708295493256495
199.398613780837	0.0185686136359501	0.00704963120759726
199.796607054019	0.0185021586601974	0.00701630748262958
200.196192268423	0.0184357036844448	0.00698298375766189
200.597378994646	0.0183692487086921	0.00694966003269421
201.000176880156	0.0183029742883312	0.0069164599154869
201.404595650064	0.0182375815045503	0.00688386336443209
201.810645107908	0.0181721887207694	0.00685126681337727
202.218335136447	0.0181067959369884	0.00681867026232245
202.627675698458	0.0180414031532075	0.00678607371126764
203.038676837551	0.0179760103694266	0.00675347716021282
203.45134867899	0.0179106175856456	0.006720880609158
203.865701430526	0.0178452248018647	0.00668828405810318
204.281745383233	0.0177800775395937	0.00665585856885494
204.699490912366	0.0177157062186887	0.00662397369998616
205.118948478223	0.0176513348977837	0.00659208883111738
205.540128627013	0.0175869635768787	0.0065602039622486
205.963041991745	0.0175225922559738	0.00652831909337983
206.387699293122	0.0174582209350688	0.00649643422451105
206.814111340445	0.0173938496141638	0.00646454935564227
207.242289032531	0.0173294782932588	0.00643266448677349
207.672243358642	0.0172655723366289	0.00640108049865355
208.103985399424	0.0172022684740702	0.00636988579377854
208.537526327863	0.0171389646115116	0.00633869108890354
208.972877410241	0.0170756607489529	0.00630749638402853
209.41005000712	0.0170123568863943	0.00627630167915352
209.849055574325	0.0169490530238357	0.00624510697427851
210.289905663948	0.016885749161277	0.00621391226940351
210.732611925359	0.0168224452987184	0.0061827175645285
211.177186106231	0.0167600520626977	0.0061520401715981
211.623640053583	0.0166979479483228	0.00612152702391491
212.071985714831	0.0166358438339478	0.00609101387623172
212.522235138851	0.0165737397195729	0.00606050072854853
212.974400477063	0.016511635605198	0.00602998758086534
213.428493984518	0.0164495314908231	0.00599947443318215
213.884528021012	0.0163874273764482	0.00596896128549895
214.342515052203	0.0163257510389949	0.00593843292695595
214.802467650748	0.0162657813559086	0.00590784388332452
215.264398497455	0.0162058116728223	0.00587725483969309
215.728320382443	0.016145841989736	0.00584666579606166
216.194246206332	0.0160858723066497	0.00581607675243022
216.662188981428	0.0160259026235633	0.00578548770879879
217.132161832943	0.015965932940477	0.00575489866516736
217.604178000218	0.0159059632573907	0.00572430962153593
218.078250837966	0.0158455712526467	0.00569270705282414
218.554393817533	0.0157850492697335	0.00566079255094019
219.032620528175	0.0157245272868203	0.00562887804905625
219.512944678348	0.0156640053039072	0.0055969635471723
219.995380097018	0.015603483320994	0.00556504904528836
220.479940734992	0.0155429613380808	0.00553313454340441
220.966640666259	0.0154824393551677	0.00550122004152047
221.455494089353	0.015421829095959	0.0054696680635928
221.946515328736	0.0153611097677237	0.00543856399905885
222.439718836195	0.0153003904394884	0.00540745993452491
222.935119192262	0.0152396711112531	0.00537635586999096
223.432731107645	0.0151789517830178	0.00534525180545701
223.932569424695	0.0151182324547824	0.00531414774092307
224.43464911887	0.0150575131265471	0.00528304367638912
224.938985300237	0.0149968459624137	0.00525213184485077
225.445593214989	0.0149363401234053	0.00522181452200468
225.954488246977	0.0148758342843968	0.00519149719915859
226.46568591927	0.0148153284453884	0.0051611798763125
226.97920189573	0.0147548226063799	0.00513086255346641
227.495051982619	0.0146943167673714	0.00510054523062032
228.013252130214	0.014633810928363	0.00507022790777423
228.533818434452	0.0145733595372936	0.00504003148209472
229.0567671386	0.0145131988474811	0.005010480534626
229.582114634942	0.0144530381576686	0.00498092958715727
230.10987746649	0.0143928774678561	0.00495137863968855
230.640072328727	0.0143327167780437	0.00492182769221982
231.172716071358	0.0142725560882312	0.0048922767447511
231.707825700105	0.0142123953984187	0.00486272579728237
232.245418378509	0.0141523207786158	0.0048333126883397
232.785511429769	0.0140926288886714	0.00480451250972936
233.328122338601	0.014032936998727	0.00477571233111903
233.873268753128	0.0139732451087826	0.00474691215250869
234.420968486789	0.0139135532188382	0.00471811197389835
234.971239520283	0.0138538613288938	0.00468931179528801
235.524100003533	0.0137941694389495	0.00466051161667767
236.079568257686	0.0137346401817411	0.0046319447674776
236.637662777132	0.0136754564912621	0.00460387370333964
237.198402231563	0.0136162728007832	0.00457580263920168
237.761805468046	0.0135570891103042	0.00454773157506372
238.327891513144	0.0134979054198252	0.00451966051092576
238.896679575051	0.0134387217293462	0.0044915894467878
239.468189045767	0.0133795380388672	0.00446351838264984
240.042439503304	0.0133206536758196	0.00443585162605206
240.619450713918	0.0132619979232945	0.00440849365825307
241.199242634378	0.0132033421707695	0.00438113569045409
241.781835414269	0.0131446864182444	0.0043537777226551
242.367249398323	0.0130860306657193	0.00432641975485611
242.955505128791	0.0130273749131942	0.00429906178705712
243.546623347841	0.0129687191606692	0.00427170381925813
244.140625	0.0129106089587156	0.0042449823238199
244.737531234627	0.0128525467095669	0.00421831677303016
245.337363408423	0.0127944844604182	0.00419165122224042
245.940143087975	0.0127364222112695	0.00416498567145067
246.545892052347	0.0126783599621208	0.00413832012066093
247.154632295696	0.0126202977129721	0.00411165456987119
247.76638602994	0.0125625146978899	0.00408524354398438
248.381175687457	0.0125051902553464	0.00405925051197772
248.999023923826	0.0124478658128028	0.00403325747997107
249.619953620613	0.0123905413702593	0.00400726444796441
250.243987888191	0.0123332169277158	0.00398127141595776
250.871150068613	0.0122758924851723	0.00395527838395111
251.501463738519	0.0122185680426288	0.00392928535194445
252.13495271209	0.0121617467641695	0.00390362175123159
252.771641044048	0.012104955905081	0.00387797806667135
253.411553032703	0.0120481650459926	0.00385233438211112
254.05471322304	0.0119913741869041	0.00382669069755088
254.70114640986	0.0119345833278157	0.00380104701299064
255.350877640967	0.0118777924687272	0.0037754033284304
256.003932220399	0.0118212800025744	0.00375015363172731
256.660335711719	0.0117649470325974	0.00372515796199323
257.320113941347	0.0117086140626204	0.00370016229225916
257.983293001945	0.0116522810926433	0.00367516662252508
258.649899255864	0.0115959481226663	0.003650170952791
259.31995933863	0.0115396151526892	0.00362517528305692
259.993500162496	0.01148349329085	0.00360042181372835
260.670548920042	0.0114277231972093	0.0035760719214537
261.351133087838	0.0113719531035686	0.00355172202917906
262.035280430157	0.0113161830099278	0.00352737213690441
262.723019002756	0.0112604129162871	0.00350302224462977
263.414377156705	0.0112046428226464	0.00347867235235512
264.109383542288	0.0111490212992281	0.00345447491514597
264.808067112957	0.011093867373375	0.00343075730233397
265.510457129354	0.011038713447522	0.00340703968952197
266.216583163398	0.0109835595216689	0.00338332207670997
266.926475102433	0.0109284055958158	0.00335960446389797
267.640163153444	0.0108732516699627	0.00333588685108597
268.357677847342	0.0108182324215106	0.00331229434467103
269.079050043322	0.0107637362904736	0.00328918777973237
269.80431093328	0.0107092401594366	0.00326608121479372
270.533492046315	0.0106547440283996	0.00324297464985506
271.266625253295	0.0106002478973626	0.0032198680849164
272.003742771501	0.0105457517663256	0.00319676151997775
272.744877169345	0.0104914586197746	0.00317381388418264
273.49006137117	0.0104377299085561	0.00315130817981646
274.239328662123	0.0103840011973376	0.00312880247545028
274.992712693114	0.0103302724861191	0.0031062967710841
275.750247485847	0.0102765437749007	0.00308379106671792
276.511967437951	0.0102228150636822	0.00306128536235174
277.277907328178	0.0101695101743634	0.00303902289563385
278.048102321702	0.0101167929120638	0.00301709767674171
278.822587975497	0.0100640756497642	0.00299517245784958
279.601400243812	0.0100113583874646	0.00297324723895744
280.384575483733	0.00995864112516499	0.0029513220200653
281.172150460841	0.00990592386286538	0.00292939680117316
281.964162354965	0.00985399232542659	0.00290707234965481
282.760648766033	0.00980245537806516	0.00288454740399315
283.561647720023	0.00975091843070371	0.00286202245833148
284.367197675014	0.00969938148334228	0.00283949751266982
285.177337527341	0.00964784453598084	0.00281697256700816
285.992106617857	0.00959630609067177	0.00279444658269319
286.811544738299	0.0095444369752043	0.00277169131689631
287.635692137766	0.00949256785973682	0.00274893605109943
288.464589529312	0.00944069874426935	0.00272618078530254
289.298278096649	0.00938882962880189	0.00270342551950566
290.136799500965	0.00933696051333441	0.00268067025370878
290.980195887868	0.00928501244246125	0.00265820952927238
291.828509894446	0.0092329609760607	0.0026361345195193
292.68178465645	0.00918090950966015	0.00261405950976623
293.54006381561	0.00912885804325961	0.00259198450001315
294.40339152707	0.00907680657685906	0.00256990949026008
295.271812466967	0.00902475511045851	0.002547834480507
296.145371840129	0.00897297263018371	0.00252638854750992
297.024115387928	0.00892120397842424	0.00250497495520527
297.908089396259	0.00886943532666477	0.00248356136290062
298.797340703668	0.0088176666749053	0.00246214777059598
299.691916709623	0.00876589802314583	0.00244073417829133
300.591865382939	0.00871434093852799	0.00241967598579638
301.497235270353	0.00866295323654969	0.00239890232972515
302.408075505248	0.0086115655345714	0.00237812867365393
303.324435816549	0.00856017783259311	0.00235735501758271
304.246366537768	0.00850879013061481	0.00233658136151149
305.173918616219	0.0084575290907634	0.00231595737320092
306.107143622411	0.00840665440072738	0.00229578990739732
307.046093759595	0.00835577971069136	0.00227562244159372
307.990821873508	0.00830490502065535	0.00225545497579012
308.941381462281	0.00825403033061933	0.00223528750998652
309.897826686541	0.00820316329403147	0.00221512731581115
310.860212379697	0.00815264767940591	0.00219530101164333
311.828594058418	0.00810213206478035	0.00217547470747551
312.80302793331	0.00805161645015479	0.0021556484033077
313.783570919794	0.00800110083552923	0.00213582209913988
314.770280649182	0.00795058522090368	0.00211599579497206
315.763215479976	0.00790039176059508	0.00209670264224426
316.762434509367	0.00785024234036977	0.00207748237394664
317.767997584963	0.00780009292014446	0.00205826210564901
318.77996531674	0.00774994349991915	0.00203904183735139
319.798399089214	0.00769979407969384	0.00201982156905377
320.82336107386	0.00764999941660413	0.00200108298319686
321.854914241758	0.00760028259740877	0.00198245009228803
322.893122376493	0.00755056577821341	0.00196381720137921
323.938050087301	0.00750084895901805	0.00194518431047038
324.989762822471	0.00745113213982269	0.00192655141956155
326.048326883011	0.00740183418755585	0.00190839932677334
327.113809436579	0.00735261527370404	0.00189033795855376
328.186278531695	0.00730339635985223	0.00187227659033418
329.26580311222	0.00725417744600042	0.0018542152221146
330.35245303214	0.00720495853214861	0.00183615385389502
331.446299070625	0.00715628819947375	0.00181861033782077
332.547412947401	0.00710765257244514	0.00180109958333975
333.655867338427	0.00705901694541654	0.00178358882885873
334.771735891882	0.00701038131838794	0.00176607807437771
335.895093244478	0.00696183300325209	0.00174863079301994
337.026015038101	0.00691393278351029	0.00173165465754539
338.16457793679	0.0068660325637685	0.00171467852207084
339.310859644063	0.0068181323440267	0.00169770238659629
340.46493892059	0.0067702321242849	0.00168072625112175
341.626895602237	0.0067228197445869	0.0016636282732692
342.796810618474	0.00667622366151259	0.00164632641809448
343.974766011165	0.00662962757843827	0.00162902456291976
345.160844953748	0.00658303149536395	0.00161172270774503
346.35513177081	0.00653643541228963	0.00159442085257031
347.557711958071	0.00648948325662561	0.00157671490580923
348.768672202788	0.00644238134279926	0.00155883900490078
349.988100404586	0.00639527942897291	0.00154096310399232
351.216085696725	0.00634817751514655	0.00152308720308387
352.452718467818	0.00630102596316424	0.00150528159838332
353.69809038401	0.00625346600279979	0.00148805437053798
354.952294411631	0.00620590604243533	0.00147082714269264
356.215424840326	0.00615834608207087	0.00145359991484731
357.487577306689	0.00611078612170641	0.00143637268700197
358.768848818395	0.00606326805549329	0.00141951369676858
360.059337778866	0.00601577952610689	0.00140291432679693
361.35914401246	0.00596829099672049	0.00138631495682528
362.668368790211	0.00592080246733409	0.00136971558685364
363.987114856134	0.00587333077130132	0.00135319809412441
365.315486454102	0.00582596606216353	0.00133720098444726
366.653589355313	0.00577860135302575	0.00132120387477011
368.001530886368	0.00573123664388797	0.00130520676509295
369.359419957967	0.00568387193475019	0.0012892096554158
370.727367094239	0.00563662777658775	0.00127365354038274
372.105484462735	0.00558942237046099	0.00125823918646056
373.493885905088	0.00554221696433423	0.00124282483253839
374.892686968355	0.00549501155820746	0.00122741047861622
376.302004937082	0.00544777750666318	0.00121228107902584
377.721958866079	0.0054005079652527	0.00119750471988582
379.152669613947	0.00535323842384223	0.00118272836074579
380.594259877373	0.00530596888243176	0.00116795200160576
382.046854226202	0.00525878214199275	0.00115337016854553
383.510579139326	0.00521191524447281	0.00113953974924396
384.985563041386	0.00516504834695287	0.00112570932994239
386.471936340343	0.00511818144943293	0.00111187891064082
387.969831465905	0.00507132912946865	0.00109806400016769
389.479382908866	0.00502491305887783	0.00108471320842948
391.000727261353	0.00497849698828701	0.00107136241669127
392.534003258032	0.0049320809176962	0.00105801162495306
394.079351818282	0.00488566484710538	0.00104466083321485
395.636916089367	0.00483949601479054	0.00103173535100448
397.206841490638	0.00479334731377447	0.00101884449948847
398.789275758796	0.00474719861275839	0.00100595364797247
400.384368994235	0.00470104991174231	9.93062796456464E-4
401.992273708499	0.00465505815026419	9.80565702698963E-4
403.613144872902	0.00460908722958827	9.68120898043798E-4
405.24713996831	0.00456311630891236	9.55676093388633E-4
406.894419036149	0.00451714538823644	9.43231288733468E-4
408.55514473066	0.00447113474566259	9.31175051321677E-4
410.229482372439	0.00442511994588404	9.19159480485601E-4
411.917600003295	0.00437910514610549	9.07143909649524E-4
413.619668442474	0.00433309034632695	8.95128338813447E-4
415.335861344276	0.00428710230138456	8.84246095846283E-4
417.066355257121	0.00424111448534689	8.7337354922258E-4
418.811329684091	0.00419512666930921	8.62501002598876E-4
420.570967144996	0.00414922142525888	8.51726561800183E-4
422.345453240023	0.00410382683189287	8.41558837737843E-4
424.13497671499	0.00405843223852685	8.31391113675503E-4
425.939729528272	0.00401303764516084	8.21223389613164E-4
427.759906919444	0.00396781359123991	8.11161236628319E-4
429.595707479691	0.00392290782745534	8.01296118602952E-4
431.447333224033	0.00387800206367077	7.91431000577586E-4
433.314989665438	0.0038330962998862	7.81565882552219E-4
435.198885890852	0.00378830179379019	7.71882346512136E-4
437.09923463924	0.00374357581438362	7.62310651842056E-4
439.016252381663	0.00369884983497705	7.52738957171975E-4
440.950159403483	0.00365412385557048	7.43167262501895E-4
442.901179888743	0.00360945758981982	7.3386537705634E-4
444.869542006807	0.00356479459668618	7.24578278550981E-4
446.855478001305	0.00352013160355254	7.15291180045623E-4
448.859224281489	0.00347544151526193	7.06096505880322E-4
450.881021516042	0.00343069774518814	6.97084945744953E-4
452.921114729448	0.00338595397511436	6.88073385609584E-4
454.979753400974	0.00334121020504057	6.79061825474215E-4
457.057191566381	0.00329633353812575	6.70259717809024E-4
459.153687922421	0.00325141950176634	6.61516506370533E-4
461.269505934232	0.00320650546540694	6.52773294932042E-4
463.404913945708	0.00316147228270531	6.44065325580139E-4
465.560185292954	0.00311613550169592	6.35447157036639E-4
467.735598420925	0.00307079872068652	6.26828988493139E-4
469.931437003341	0.00302546193967713	6.1821081994964E-4
472.147990066006	0.00297953670730555	6.09787948760196E-4
474.385552113625	0.00293349887251145	6.01402448467636E-4
476.644423260248	0.00288746103771735	5.93016948175076E-4
478.924909363461	0.0028409896031356	5.8474719245038E-4
481.227322162443	0.00279399098524693	5.76618162357436E-4
483.551979420028	0.00274699236735826	5.68489132264492E-4
485.899205068901	0.00269984593016813	5.60389391596725E-4
488.269329362076	0.00265159016643932	5.52509456707572E-4
490.662689027801	0.00260333440271051	5.4462952181842E-4
493.079627429034	0.00255507863898171	5.36749586929267E-4
495.520494727662	0.00250539252454367	5.29021266589937E-4
497.985648053623	0.00245542688758742	5.21322575124484E-4
500.475451679095	0.00240546125063116	5.13623883659031E-4
502.990277197942	0.00235392626797296	5.05966119890583E-4
505.530503710594	0.00230137991877971	4.98334732020737E-4
508.096518014562	0.00224883356958646	4.90703344150891E-4
510.68871480078	0.00219475253217821	4.83177610878007E-4
513.307496855992	0.00213864310923753	4.75791520467963E-4
515.953275271391	0.00208253368629685	4.68405430057921E-4
518.626469657758	0.00202488317619186	4.61091274934811E-4
521.327508367307	0.00196370393344236	4.53941834956418E-4
524.056828722507	0.00190252469069286	4.46792394978026E-4
526.814877252134	0.00183963732291116	4.3969503447967E-4
529.602109934806	0.0017709370175491	4.32774906186779E-4
532.418992450299	0.00170223671218704	4.25854777893888E-4
535.266000438918	0.0016310898360607	4.18907873174997E-4
538.143619769244	0.00155009721247298	4.11853211945584E-4
541.052346814554	0.00146910458888526	4.04798550716171E-4
543.992688738263	0.00138321023899224	3.97766660320435E-4
546.965163788718	0.00127987391334497	3.9081579613958E-4
549.970301603713	0.00117653758769769	3.83864931958725E-4
553.008643525098	0.00105913336113336	3.76985228299971E-4
556.080742923873	9.06798483784633E-4	3.70282216484712E-4
559.187165536177	7.54463606435901E-4	3.63579204669452E-4
562.328489810608	5.26658937771245E-4	3.56971989591176E-4
565.505307267309	1.86227817789681E-4	3.50507735641399E-4
568.718222869297	-1.54203302191882E-4	3.44043481691622E-4
571.967855406526	-0.00174264619136418	3.37672601372868E-4
575.254837893187	-0.00262924656195313	0.00293864198616032
578.579817978789	-4.63885668140808E-4	0.00287450733066318
581.943458373584	2.80878038366281E-4	0.00281207428342849
585.346437288909	5.94262437922423E-4	0.00275015794747516
588.789448893076	9.04752941431421E-4	0.00268828804192333
592.273203783441	0.00104724424716777	0.00262911355807176
595.79842947534	0.00118973555290411	0.00256993907422019
599.365870908579	0.0013141504190629	0.00251157944218044
602.976290972239	0.00139846832321744	0.00245502730558236
606.630471048561	0.00148278622737197	0.00239847516898428
610.329211576724	0.00154680143283253	0.00234354996555095
614.073332637384	0.00159976857735219	0.00228951008564145
617.863674558845	0.00165217382731583	0.00223553416051542
621.701098545841	0.00168411851626299	0.00218388705444571
625.586487331874	0.00171606320521016	0.00213223994837601
629.52074585618	0.00173941514580164	0.0020835680601229
633.504801966399	0.00175216171575288	0.0020385682551631
637.539607148094	0.00176490828570412	0.0019935684502033
641.626137282328	0.00177256438742945	0.00195718927866677
645.765393432566	0.00177971485413845	0.00192166639262859
649.95840266223	0.00178514499299642	0.00188656896576501
654.206218884317	0.00178811895477958	0.00185207898304079
658.509923744551	0.00179109291656273	0.00181758900031658
662.870627539623	0.00178563769078021	0.00178793266992966
667.289470172161	0.00177977515038483	0.00175850991095341
671.767622144148	0.00177531198888604	0.00173434110131717
676.306285590618	0.00177206433388339	0.00171473589455407
680.906695355535	0.00176917973973609	0.00169516377243662
685.570120111885	0.00176827471721621	0.00167577204273787
690.297863528112	0.00176736969469632	0.00165638031303911
695.091265483158	0.00176714712615007	0.00163716466763334
699.95170333247	0.00176708205037932	0.00161798965794089
704.880593227507	0.00176740569426591	0.00159892299497657
709.879391491386	0.00176810658159873	0.00157996148000861
714.949596053478	0.00176963972351125	0.00156104933400892
720.092747945936	0.00177382374462367	0.00154229443697404
725.310432865266	0.00177803201807227	0.0015234990157119
730.604282802306	0.00178587062576334	0.00149863751946475
735.975977744087	0.00179370923345441	0.00147377602321759
741.427247451344	0.00179611781437908	0.00144262759528366
746.959873315606	0.0017972511740026	0.00141000270516074
752.575690300052	0.00179505152365913	0.0013780652370688
758.276588968592	0.00179104216579912	0.00134650101503037
764.064517607867	0.0017855317651165	0.00131547401198979
769.941484447182	0.00177863900330347	0.00128494175210376
775.909559981689	0.0017708797582631	0.00125483352692389
781.970879404451	0.00176195814031882	0.00122529413728202
788.127645153409	0.001752489704998	0.00119611011868542
794.382129579613	0.00174207777727404	0.00116753926619489
800.736677743524	0.00173129718856574	0.00113928260748274
807.193710346609	0.00171979915214947	0.0011116373983563
813.755726805928	0.00170819503410755	0.00108430462198142
820.425308479916	0.00169638889815804	0.00105756683093368
827.205122054116	0.00168488875950695	0.00103066578133752
834.097923096172	0.00167388592680109	0.00100349940440954
841.10655979006	0.00166159945279841	9.75264203861429E-4
848.233976860177	0.00164773578160064	9.45715750444409E-4
855.483219696646	0.00163249733257252	9.16841676055174E-4
862.857438693979	0.00161612183413135	8.88525366172165E-4
870.359893816093	0.00159866392133891	8.61002592453323E-4
877.993959401559	0.00158068777165658	8.338597469138E-4
885.763129223983	0.00156144218479933	8.07663395565053E-4
893.671021823447	0.00154192560629569	7.81703469396369E-4
901.721386126115	0.00152155284169452	7.57855491356141E-4
909.918107370337	0.0015011677518622	7.34330888968369E-4
918.265213358922	0.00148074353172831	7.11832943740402E-4
926.766881058739	0.00146035325945877	6.89750821984491E-4
935.42744357034	0.00143999907068293	6.68110682777906E-4
944.251397492068	0.00141969815619125	6.47093595520703E-4
953.243410704924	0.00139940206221344	6.26278948349327E-4
962.40833060651	0.00137890941622769	6.05518175794173E-4
971.751192824589	0.00135819297041299	5.84979848260627E-4
981.277230443145	0.00133712075694259	5.6479513468752E-4
990.991883776472	0.0013155124949366	5.45218952803615E-4
1000.90081072966	0.00129367674996955	5.26007803571357E-4
1011.0098977869	0.00127155351045846	5.07900004206607E-4
1021.32527167252	0.0012495905265904	4.90345073121266E-4
1031.8533117332	0.00122777109653003	4.73285390410149E-4
1042.60066309402	0.00120614050829391	4.56761968781767E-4
1053.57425064531	0.00118451201395163	4.40484511238318E-4
1064.78129392223	0.00116287515075827	4.2452106791325E-4
1076.22932294413	0.00114126122404063	4.09111577770779E-4
1087.92619508693	0.00111967400168182	3.9400633311804E-4
1099.88011306768	0.00109812260636496	3.79258794885273E-4
1112.09964412811	0.00107664816962397	3.65045054440589E-4
1124.59374051124	0.0010552300832867	3.51139224842756E-4
1137.37176133391	0.00103387314130376	3.37551281254182E-4
1150.4434959677	0.00101262862617471	3.24462905604146E-4
1163.81918905079	9.91476541786951E-4	3.11707526735576E-4
1177.50956726523	9.70416386232935E-4	2.99261661739886E-4
1191.5258680266	9.49469867237295E-4	2.87168771418537E-4
1205.87987024733	9.28669289109569E-4	2.75510197939255E-4
1220.58392735084	9.07999351234037E-4	2.6415385632925E-4
1235.65100273079	8.87468260325121E-4	2.53093485020257E-4
1251.09470786939	8.67085753933877E-4	2.42324681100281E-4
1266.92934335052	8.46887265339327E-4	2.31928612515485E-4
1283.16994302725	8.26800451711008E-4	2.21792570528374E-4
1299.83232163051	8.068382261805E-4	2.1194285408476E-4
1316.93312613585	7.8701448813248E-4	2.02396325707011E-4
1334.48989123907	7.67341539974189E-4	1.93150026893062E-4
1352.52109932915	7.47882526078319E-4	1.84266672924335E-4
1371.04624538986	7.28589846896709E-4	1.75666925823485E-4
1390.08590730907	7.094818721786E-4	1.67349510929751E-4
1409.66182212887	6.90566650046048E-4	1.59312542648264E-4
1429.79696883043	6.71853498937791E-4	1.51551049488519E-4
1450.51565831653	6.53360993384287E-4	1.4405467240146E-4
1471.84363133261	6.35108864433236E-4	1.36806664012732E-4
1493.80816515543	6.17093134528447E-4	1.2979116225285E-4
1516.43818997938	5.99270605709716E-4	1.229276239451E-4
1539.76441604435	5.81601697433583E-4	1.16320356034488E-4
1563.81947268007	5.6412163120232E-4	1.09970717430756E-4
1588.63806059066	5.46840851882693E-4	1.03873204612438E-4
1614.25711887389	5.29775291189843E-4	9.80228163627344E-5
1640.7160084661	5.12936556591303E-4	9.24135294171516E-5
1668.05671392827	4.96329213898458E-4	8.70405437436211E-5
1696.32406574952	4.79963263255454E-4	8.18955880495472E-5
1725.56598564329	4.6387091406802E-4	7.6975153364459E-5
1755.83375765983	4.48029231144041E-4	7.22351282330978E-5
1787.18232834114	4.32413368193829E-4	6.76960778691937E-5
1819.67063961423	4.17036362444585E-4	6.33588169348589E-5
1853.36199866558	4.01895600217704E-4	5.92243456416422E-5
1888.32448968031	3.87006412720456E-4	5.52859472090918E-5
1924.63143308057	3.72365491347894E-4	5.15383774002649E-5
1962.36189878137	3.57986179275014E-4	4.79783625453264E-5
2001.60128102482	3.43905679229085E-4	4.46198154463773E-5
2042.44194358775	3.30100800619595E-4	4.14327237363665E-5
2084.98394562362	3.16545206151918E-4	3.83823791270099E-5
2129.33586014522	3.03263607282713E-4	3.54981092802203E-5
2175.61569924289	2.90273489144709E-4	3.27810487461505E-5
2223.95196263761	2.77527445967197E-4	3.02051982414693E-5
2274.48482918619	2.65079609718794E-4	2.77842254297182E-5
2327.36751460423	2.52909094867685E-4	2.55058574298041E-5
2382.76782310332	2.41004290408356E-4	2.33607222542847E-5
2440.86992604164	2.29398412803512E-4	2.1355087960187E-5
2501.87640730548	2.18065459393579E-4	1.94714439708754E-5
2566.01062328398	2.07028425131168E-4	1.77144336380914E-5
2633.51943537343	1.9627019415434E-4	1.60751165473773E-5
2704.67638547048	1.85786148123807E-4	1.45440581930133E-5
2779.78540056708	1.7561572717416E-4	1.31282572566798E-5
2859.18513223731	1.65720913324755E-4	1.18136406644243E-5
2943.25406169061	1.56110310726249E-4	1.05962722300985E-5
3032.41653273494	1.46785018797173E-4	9.47293163819162E-6
3127.14991556695	1.37757777463E-4	8.43922914202528E-6
3227.99315665451	1.29012646320573E-4	7.49108089106531E-6
3335.55703802535	1.20556926913814E-4	6.62401026141036E-6
3450.53655843484	1.12394224084155E-4	5.83312258203547E-6
3573.72596669287	1.04514544073947E-4	5.11401280488822E-6
3706.03713449209	9.691896968438E-5	4.4617705185947E-6
3848.52216748769	8.95971399781244E-5	3.8720765175152E-6
4002.40144086452	8.25707726981255E-5	3.34400134139843E-6
4169.09864087384	7.58070848198782E-5	2.86930170602929E-6
4350.28494366381	6.93257951913878E-5	2.44812320362899E-6
4547.93523740222	6.31089058291222E-5	2.07388000983643E-6
4764.40040020963	5.71398265179269E-5	1.74387537419853E-6
5002.50125062531	5.1396601743207E-5	1.45465584786159E-6
5265.6521510189	4.58252171730399E-5	1.20284811791279E-6
5558.02578923966	4.02764757849822E-5	9.84859653788501E-7
5884.77608426999	3.34767315753749E-5	7.98246784975606E-7
6252.34462923596	3.16732266086341E-5	5.31360409830663E-6
6668.88962987663	2.93110008006277E-5	4.24258417249472E-6
7144.8985424407	2.62140866577361E-5	3.32392941497294E-6
7694.08324998077	2.299111573395E-5	2.54831556092189E-6
8334.72245374229	1.98155797105413E-5	1.90599981284264E-6
9091.7356123284	1.67900648133842E-5	1.38514625216968E-6
10000	1.39464555683221E-5	9.72653160108799E-7
