Energy[eV];Delta;Beta
29,9985482700218;0,128563490048634;0,188180583712448
30,0133298458637;0,128522089561217;0,188022436860569
30,0281259959241;0,128480689073801;0,187864290008691
30,0429367417684;0,128439288586385;0,187706143156812
30,0577621050044;0,128397888098969;0,187547996304934
30,0726021072826;0,128356487611553;0,187389849453056
30,0874567702963;0,128315087124137;0,187231702601177
30,1023261157817;0,128273686636721;0,187073555749299
30,117210165518;0,128232286149305;0,18691540889742
30,1321089413275;0,128190885661889;0,186757262045542
30,1470224650756;0,128149485174473;0,186599115193664
30,1619507586712;0,128108084687057;0,186440968341785
30,1768938440663;0,128066684199641;0,186282821489907
30,1918517432568;0,128025283712224;0,186124674638028
30,2068244782821;0,127983883224808;0,18596652778615
30,2218120712251;0,127942482737392;0,185808380934271
30,2368145442129;0,127901082249976;0,185650234082393
30,2518319194164;0,12785968176256;0,185492087230515
30,2668642190506;0,127817579999662;0,185335307246378
30,2819114653745;0,127775248013326;0,185178937136033
30,2969736806917;0,12773291602699;0,185022567025688
30,31205088735;0,127690584040653;0,184866196915343
30,3271431077417;0,127648252054317;0,184709826804998
30,3422503643038;0,127605920067981;0,184553456694653
30,3573726795179;0,127563588081645;0,184397086584308
30,3725100759107;0,127521256095308;0,184240716473963
30,3876625760536;0,127478924108972;0,184084346363618
30,4028302025631;0,127436592122636;0,183927976253274
30,418012978101;0,1273942601363;0,183771606142929
30,4332109253743;0,127351928149964;0,183615236032584
30,4484240671354;0,127309596163627;0,183458865922239
30,4636524261823;0,127267264177291;0,183302495811894
30,4788960253585;0,127224932190955;0,183146125701549
30,4941548875533;0,127182600204619;0,182989755591204
30,509429035702;0,127140268218282;0,182833385480859
30,5247184927856;0,127097936231946;0,182677015370514
30,5400232818315;0,12705560424561;0,18252064526017
30,555343425913;0,127013272259274;0,182364275149825
30,5706789481499;0,126970940272938;0,18220790503948
30,5860298717085;0,126928608286601;0,182051534929135
30,6013962198015;0,126886276300265;0,18189516481879
30,6167780156883;0,126843944313929;0,181738794708445
30,6321752826752;0,126801612327593;0,1815824245981
30,6475880441153;0,126759280341256;0,181426054487755
30,6630163234087;0,12671694835492;0,18126968437741
30,6784601440027;0,126674616368584;0,181113314267066
30,6939195293919;0,126632284382248;0,180956944156721
30,7093945031183;0,126589952395912;0,180800574046376
30,7248850887712;0,126547620409575;0,180644203936031
30,7403913099877;0,126505288423239;0,180487833825686
30,7559131904527;0,126462068505776;0,180332728257591
30,7714507538988;0,126418502532895;0,180178121703479
30,7870040241066;0,126374936560013;0,180023515149367
30,8025730249049;0,126331370587131;0,179868908595255
30,8181577801706;0,12628780461425;0,179714302041143
30,8337583138291;0,126244238641368;0,179559695487031
30,8493746498542;0,126200672668487;0,179405088932919
30,8650068122683;0,126157106695605;0,179250482378808
30,8806548251424;0,126113540722723;0,179095875824696
30,8963187125965;0,126069974749842;0,178941269270584
30,9119984987994;0,12602640877696;0,178786662716472
30,9276942079693;0,125982842804079;0,17863205616236
30,9434058643732;0,125939276831197;0,178477449608248
30,9591334923277;0,125895710858315;0,178322843054136
30,9748771161989;0,125852144885434;0,178168236500025
30,9906367604023;0,125808578912552;0,178013629945913
31,0064124494031;0,125765012939671;0,177859023391801
31,0222042077166;0,125721446966789;0,177704416837689
31,0380120599079;0,125677880993908;0,177549810283577
31,0538360305922;0,125634315021026;0,177395203729465
31,0696761444348;0,125590749048144;0,177240597175353
31,0855324261517;0,125547183075263;0,177085990621242
31,101404900509;0,125503617102381;0,17693138406713
31,1172935923236;0,1254600511295;0,176776777513018
31,1331985264632;0,125416485156618;0,176622170958906
31,1491197278462;0,125372919183736;0,176467564404794
31,1650572214421;0,125329353210855;0,176312957850682
31,1810110322715;0,125285787237973;0,17615835129657
31,1969811854062;0,125242221265092;0,176003744742459
31,2129677059696;0,12519865529221;0,175849138188347
31,2289706191364;0,125155089319328;0,175694531634235
31,2449899501331;0,125111404914473;0,175540329630027
31,2610257242378;0,125067196132717;0,175387918836583
31,2770779667807;0,12502298735096;0,175235508043139
31,293146703144;0,124978778569204;0,175083097249694
31,3092319587622;0,124934569787447;0,17493068645625
31,3253337591218;0,124890361005691;0,174778275662806
31,3414521297621;0,124846152223934;0,174625864869361
31,3575870962748;0,124801943442177;0,174473454075917
31,3737386843044;0,124757734660421;0,174321043282473
31,3899069195483;0,124713525878664;0,174168632489028
31,4060918277568;0,124669317096908;0,174016221695584
31,4222934347333;0,124625108315151;0,17386381090214
31,4385117663347;0,124580899533395;0,173711400108696
31,454746848471;0,124536690751638;0,173558989315251
31,4709987071061;0,124492481969881;0,173406578521807
31,4872673682572;0,124448273188125;0,173254167728363
31,5035528579957;0,124404064406368;0,173101756934918
31,5198552024467;0,124359855624612;0,172949346141474
31,5361744277895;0,124315646842855;0,17279693534803
31,5525105602576;0,124271438061098;0,172644524554585
31,568863626139;0,124227229279342;0,172492113761141
31,5852336517761;0,124183020497585;0,172339702967697
31,6016206635661;0,124138811715829;0,172187292174252
31,6180246879608;0,124094602934072;0,172034881380808
31,6344457514672;0,124050394152316;0,171882470587364
31,6508838806472;0,124006185370559;0,171730059793919
31,667339102118;0,123961976588802;0,171577649000475
31,6838114425523;0,123917767807046;0,171425238207031
31,7003009286781;0,123873559025289;0,171272827413586
31,7168075872792;0,123829350243533;0,171120416620142
31,7333314451953;0,123785141461776;0,170968005826698
31,749872529322;0,123740931233689;0,170816018188729
31,7664308666108;0,123696732040164;0,17066640638158
31,7830064840697;0,123652532846639;0,170516794574432
31,799599408763;0,123608333653113;0,170367182767283
31,8162096678117;0,123564134459588;0,170217570960135
31,8328372883932;0,123519935266063;0,170067959152986
31,8494822977421;0,123475736072538;0,169918347345838
31,8661447231496;0,123431536879012;0,169768735538689
31,8828245919645;0,123387337685487;0,16961912373154
31,8995219315923;0,123343138491962;0,169469511924392
31,9162367694966;0,123298939298436;0,169319900117243
31,9329691331981;0,123254740104911;0,169170288310095
31,9497190502754;0,123210540911386;0,169020676502946
31,9664865483651;0,123166341717861;0,168871064695798
31,9832716551617;0,123122142524335;0,168721452888649
32,0000743984179;0,12307794333081;0,1685718410815
32,0168948059449;0,123033744137285;0,168422229274352
32,0337329056122;0,122989544943759;0,168272617467203
32,0505887253482;0,122945345750234;0,168123005660055
32,0674622931399;0,122901146556709;0,167973393852906
32,0843536370333;0,122856947363184;0,167823782045757
32,1012627851337;0,122812748169658;0,167674170238609
32,1181897656054;0,122768548976133;0,16752455843146
32,1351346066723;0,122724349782608;0,167374946624312
32,152097336618;0,122680150589082;0,167225334817163
32,1690779837857;0,122635951395557;0,167075723010015
32,1860765765784;0,122591752202032;0,166926111202866
32,2030931434595;0,122547553008507;0,166776499395717
32,2201277129522;0,122503353814981;0,166626887588569
32,2371803136405;0,122459154621456;0,16647727578142
32,2542509741687;0,122414955427931;0,166327663974272
32,2713397232419;0,122371157381342;0,166179065747858
32,2884465896259;0,122327610909216;0,166031103176375
32,3055716021477;0,122284064437089;0,165883140604893
32,3227147896955;0,122240517964963;0,16573517803341
32,3398761812188;0,122196971492836;0,165587215461928
32,3570558057285;0,12215342502071;0,165439252890445
32,3742536922974;0,122109878548584;0,165291290318963
32,39146987006;0,122066332076457;0,16514332774748
32,4087043682128;0,122022785604331;0,164995365175998
32,4259572160145;0,121979239132204;0,164847402604515
32,4432284427862;0,121935692660078;0,164699440033033
32,4605180779114;0,121892146187952;0,164551477461551
32,4778261508363;0,121848599715825;0,164403514890068
32,49515269107;0,121805053243699;0,164255552318586
32,5124977281845;0,121761506771572;0,164107589747103
32,5298612918151;0,121717960299446;0,163959627175621
32,5472434116603;0,12167441382732;0,163811664604138
32,5646441174822;0,121630867355193;0,163663702032656
32,5820634391066;0,121587320883067;0,163515739461173
32,599501406423;0,12154377441094;0,163367776889691
32,6169580493852;0,121500227938814;0,163219814318208
32,6344333980109;0,121456681466688;0,163071851746726
32,6519274823824;0,121413134994561;0,162923889175243
32,6694403326463;0,121369588522435;0,162775926603761
32,6869719790142;0,121326042050308;0,162627964032278
32,7045224517623;0,121282495578182;0,162480001460796
32,722091781232;0,121238949106056;0,162332038889313
32,73967999783;0,121195402633929;0,162184076317831
32,7572871320283;0,121151856161803;0,162036113746349
32,7749132143645;0,121108309689676;0,161888151174866
32,792558275442;0,121065146090516;0,161741106489082
32,8102223459301;0,121022280506824;0,161594776254722
32,8279054565643;0,120979414923131;0,161448446020361
32,8456076381462;0,120936549339439;0,161302115786
32,8633289215442;0,120893683755746;0,16115578555164
32,881069337693;0,120850818172053;0,161009455317279
32,8988289175943;0,120807952588361;0,160863125082919
32,9166076923169;0,120765087004668;0,160716794848558
32,9344056929966;0,120722221420976;0,160570464614198
32,9522229508367;0,120679355837283;0,160424134379837
32,9700594971082;0,120636490253591;0,160277804145476
32,9879153631495;0,120593624669898;0,160131473911116
33,0057905803672;0,120550759086205;0,159985143676755
33,0236851802358;0,120507893502513;0,159838813442395
33,0415991942984;0,12046502791882;0,159692483208034
33,0595326541662;0,120422162335128;0,159546152973673
33,0774855915194;0,120379296751435;0,159399822739313
33,0954580381069;0,120336431167743;0,159253492504952
33,1134500257466;0,12029356558405;0,159107162270592
33,1314615863257;0,120250700000357;0,158960832036231
33,1494927518007;0,120207834416665;0,158814501801871
33,167543554198;0,120164968832972;0,15866817156751
33,1856140256135;0,12012210324928;0,158521841333149
33,2037041982131;0,120079237665587;0,158375511098789
33,2218141042331;0,120036372081895;0,158229180864428
33,2399437759799;0,119993506498202;0,158082850630068
33,2580932458306;0,11995064091451;0,157936520395707
33,2762625462331;0,119907775330817;0,157790190161347
33,2944517097062;0,119864909747124;0,157643859926986
33,3126607688397;0,119822044163432;0,157497529692625
33,3308897562949;0,11978026428884;0,157352799827837
33,3491387048047;0,119738494921518;0,15720808898593
33,3674076471734;0,119696725554196;0,157063378144022
33,3856966162776;0,119654956186874;0,156918667302115
33,4040056450657;0,119613186819552;0,156773956460208
33,4223347665587;0,11957141745223;0,1566292456183
33,44068401385;0,119529648084908;0,156484534776393
33,4590534201055;0,119487878717586;0,156339823934486
33,4774430185644;0,119446109350264;0,156195113092579
33,4958528425387;0,119404339982942;0,156050402250671
33,514282925414;0,11936257061562;0,155905691408764
33,5327333006491;0,119320801248298;0,155760980566857
33,5512040017767;0,119279031880976;0,155616269724949
33,5696950624034;0,119237262513654;0,155471558883042
33,58820651621;0,119195493146333;0,155326848041135
33,6067383969516;0,119153723779011;0,155182137199227
33,6252907384576;0,119111954411689;0,15503742635732
33,6438635746325;0,119070185044367;0,154892715515413
33,6624569394556;0,119028415677045;0,154748004673505
33,6810708669812;0,118986646309723;0,154603293831598
33,6997053913392;0,118944876942401;0,154458582989691
33,7183605467351;0,118903107575079;0,154313872147783
33,7370363674498;0,118861338207757;0,154169161305876
33,7557328878407;0,118819568840435;0,154024450463969
33,7744501423411;0,118777799473113;0,153879739622062
33,7931881654607;0,118736030105791;0,153735028780154
33,8119469917859;0,118694260738469;0,153590317938247
33,83072665598;0,118652491371147;0,15344560709634
33,8495271927833;0,118610722003825;0,153300896254432
33,8683486370134;0,118570462370971;0,153157602021919
33,8871910235652;0,118530399023771;0,153014490300282
33,9060543874115;0,11849033567657;0,152871378578646
33,924938763603;0,118450272329369;0,152728266857009
33,9438441872685;0,118410208982169;0,152585155135373
33,962770693615;0,118370145634968;0,152442043413737
33,9817183179284;0,118330082287767;0,1522989316921
34,000687095573;0,118290018940567;0,152155819970464
34,0196770619924;0,118249955593366;0,152012708248828
34,0386882527093;0,118209892246166;0,151869596527191
34,0577207033258;0,118169828898965;0,151726484805555
34,0767744495239;0,118129765551764;0,151583373083919
34,0958495270652;0,118089702204564;0,151440261362282
34,1149459717916;0,118049638857363;0,151297149640646
34,1340638196253;0,118009575510162;0,151154037919009
34,153203106569;0,117969512162962;0,151010926197373
34,1723638687064;0,117929448815761;0,150867814475737
34,1915461422019;0,11788938546856;0,1507247027541
34,2107499633015;0,11784932212136;0,150581591032464
34,2299753683324;0,117809258774159;0,150438479310828
34,2492223937036;0,117769195426958;0,150295367589191
34,268491075906;0,117729132079758;0,150152255867555
34,2877814515129;0,117689068732557;0,150009144145919
34,3070935571796;0,117649005385357;0,149866032424282
34,3264274296444;0,117608942038156;0,149722920702646
34,3457831057281;0,117568878690955;0,14957980898101
34,365160622335;0,117528815343755;0,149436697259373
34,3845600164524;0,117488751996554;0,149293585537737
34,4039813251513;0,117449363373261;0,149150850643133
34,4234245855866;0,117412080996532;0,149009315937586
34,4428898349969;0,117374798619802;0,148867781232038
34,4623771107055;0,117337516243073;0,148726246526491
34,48188645012;0,117300233866343;0,148584711820943
34,5014178907327;0,117262951489614;0,148443177115396
34,5209714701211;0,117225669112884;0,148301642409848
34,5405472259476;0,117188386736155;0,1481601077043
34,5601451959605;0,117151104359425;0,148018572998753
34,5797654179935;0,117113821982696;0,147877038293205
34,5994079299664;0,117076539605967;0,147735503587658
34,6190727698852;0,117039257229237;0,14759396888211
34,6387599758422;0,117001974852508;0,147452434176562
34,6584695860166;0,116964692475778;0,147310899471015
34,6782016386746;0,116927410099049;0,147169364765467
34,6979561721693;0,116890127722319;0,14702783005992
34,7177332249415;0,11685284534559;0,146886295354372
34,7375328355196;0,11681556296886;0,146744760648824
34,7573550425198;0,116778280592131;0,146603225943277
34,7771998846469;0,116740998215401;0,146461691237729
34,7970674006937;0,116703715838672;0,146320156532182
34,8169576295418;0,116666433461942;0,146178621826634
34,8368706101621;0,116629151085213;0,146037087121087
34,8568063816142;0,116591868708483;0,145895552415539
34,8767649830474;0,116554586331754;0,145754017709991
34,8967464537009;0,116517303955024;0,145612483004444
34,9167508329035;0,116480021578295;0,145470948298896
34,9367781600745;0,116442739201566;0,145329413593349
34,9568284747236;0,116405794009522;0,145187974474592
34,9769018164513;0,116374237264361;0,145048000940004
34,996998224949;0,1163426805192;0,144908027405416
35,0171177399995;0,116311123774039;0,144768053870828
35,037260401477;0,116279567028879;0,14462808033624
35,0574262493477;0,116248010283718;0,144488106801652
35,0776153236696;0,116216453538557;0,144348133267064
35,0978276645933;0,116184896793396;0,144208159732476
35,1180633123618;0,116153340048236;0,144068186197888
35,1383223073111;0,116121783303075;0,143928212663299
35,1586046898702;0,116090226557914;0,143788239128711
35,1789105005616;0,116058669812753;0,143648265594123
35,1992397800013;0,116027113067592;0,143508292059535
35,2195925688996;0,115995556322432;0,143368318524947
35,2399689080606;0,115963999577271;0,143228344990359
35,2603688383831;0,11593244283211;0,143088371455771
35,2807924008606;0,115900886086949;0,142948397921183
35,3012396365817;0,115869329341788;0,142808424386595
35,3217105867303;0,115837772596628;0,142668450852007
35,3422052925858;0,115806215851467;0,142528477317419
35,3627237955235;0,115774659106306;0,142388503782831
35,3832661370148;0,115743102361145;0,142248530248243
35,4038323586276;0,115711545615984;0,142108556713654
35,4244225020266;0,115679988870824;0,141968583179066
35,4450366089731;0,115648432125663;0,141828609644478
35,4656747213261;0,115616875380502;0,14168863610989
35,486336881042;0,115585318635341;0,141548662575302
35,5070231301748;0,115553761890181;0,141408689040714
35,5277335108769;0,115525910551635;0,141269209692975
35,5484680653991;0,115505828013512;0,141130781964454
35,5692268360907;0,115485745475389;0,140992354235933
35,5900098654001;0,115465662937266;0,140853926507412
35,6108171958749;0,115445580399142;0,140715498778891
35,6316488701625;0,115425497861019;0,14057707105037
35,6525049310097;0,115405415322896;0,140438643321849
35,6733854212638;0,115385332784773;0,140300215593329
35,6942903838725;0,115365250246649;0,140161787864808
35,7152198618841;0,115345167708526;0,140023360136287
35,736173898448;0,115325085170403;0,139884932407766
35,7571525368149;0,11530500263228;0,139746504679245
35,7781558203372;0,115284920094156;0,139608076950724
35,7991837924691;0,115264837556033;0,139469649222203
35,820236496767;0,11524475501791;0,139331221493683
35,84131397689;0,115224672479787;0,139192793765162
35,8624162765998;0,115204589941663;0,139054366036641
35,8835434397615;0,11518450740354;0,13891593830812
35,9046955103432;0,115164424865417;0,138777510579599
35,9258725324173;0,115144342327294;0,138639082851078
35,9470745501596;0,11512425978917;0,138500655122557
35,9683016078509;0,115104177251047;0,138362227394037
35,989553749876;0,115084094712924;0,138223799665516
36,0108310207253;0,115064012174801;0,138085371936995
36,0321334649939;0,115043929636678;0,137946944208474
36,0534611273829;0,115023847098554;0,137808516479953
36,0748140526992;0,115003764560431;0,137670088751432
36,0961922858557;0,114984066932109;0,137530513654251
36,1175958718721;0,114976568976872;0,137355300944722
36,1390248558747;0,114969071021635;0,137180088235193
36,1604792830973;0,114961573066398;0,137004875525665
36,1819591988807;0,114954075111161;0,136829662816136
36,203464648674;0,114946577155924;0,136654450106607
36,2249956780341;0,114939079200686;0,136479237397078
36,2465523326263;0,114931581245449;0,136304024687549
36,268134658225;0,114924083290212;0,13612881197802
36,2897427007133;0,114916585334975;0,135953599268491
36,3113765060839;0,114909087379738;0,135778386558963
36,3330361204393;0,114901589424501;0,135603173849434
36,354721589992;0,114894091469264;0,135427961139905
36,3764329610647;0,114886593514026;0,135252748430376
36,3981702800912;0,114879095558789;0,135077535720847
36,4199335936161;0,114871597603552;0,134902323011318
36,4417229482954;0,114864099648315;0,13472711030179
36,4635383908969;0,114856601693078;0,134551897592261
36,4853799683003;0,114849103737841;0,134376684882732
36,507247727498;0,114841605782603;0,134201472173203
36,5291417155949;0,114834107827366;0,134026259463674
36,5510619798089;0,114826609872129;0,133851046754145
36,5730085674715;0,114819111916892;0,133675834044616
36,5949815260278;0,114811613961655;0,133500621335088
36,6169809030371;0,114804116006418;0,133325408625559
36,6390067461731;0,114796618051181;0,13315019591603
36,6610591032241;0,114789120095943;0,132974983206501
36,6831380220939;0,114776564053884;0,1327985807221
36,7052435508013;0,114739734306269;0,132616462694081
36,7273757374814;0,114702904558654;0,132434344666062
36,749534630385;0,114666074811039;0,132252226638044
36,7717202778798;0,114629245063424;0,132070108610025
36,7939327284501;0,114592415315809;0,131887990582006
36,8161720306976;0,114555585568194;0,131705872553987
36,8384382333415;0,114518755820579;0,131523754525968
36,8607313852189;0,114481926072964;0,131341636497949
36,8830515352852;0,114445096325349;0,131159518469931
36,9053987326146;0,114408266577734;0,130977400441912
36,9277730264001;0,114371436830119;0,130795282413893
36,9501744659541;0,114334607082504;0,130613164385874
36,9726031007089;0,114297777334889;0,130431046357855
36,9950589802166;0,114260947587274;0,130248928329837
37,0175421541501;0,114224117839659;0,130066810301818
37,0400526723029;0,114187288092044;0,129884692273799
37,0625905845896;0,114150458344429;0,12970257424578
37,0851559410468;0,114113628596814;0,129520456217761
37,1077487918325;0,114076798849199;0,129338338189742
37,1303691872273;0,114039969101584;0,129156220161724
37,1530171776345;0,114003139353969;0,128974102133705
37,1756928135802;0,113966309606354;0,128791984105686
37,1983961457143;0,113929479858739;0,128609866077667
37,2211272248101;0,113892650111124;0,128427748049648
37,2438861017655;0,113855820363509;0,12824563002163
37,2666728276026;0,113818990615894;0,128063511993611
37,2894874534686;0,11377359129122;0,127884205798397
37,312330030636;0,113725147602721;0,127705885725068
37,335200610503;0,113676703914222;0,127527565651739
37,3580992445941;0,113628260225723;0,127349245578411
37,3810259845599;0,113579816537224;0,127170925505082
37,4039808821781;0,113531372848725;0,126992605431753
37,4269639893537;0,113482929160226;0,126814285358425
37,4499753581192;0,113434485471727;0,126635965285096
37,4730150406353;0,113386041783228;0,126457645211767
37,496083089191;0,113337598094729;0,126279325138439
37,5191795562043;0,11328915440623;0,12610100506511
37,5423044942223;0,113240710717731;0,125922684991782
37,5654579559216;0,113192267029232;0,125744364918453
37,5886399941092;0,113143823340733;0,125566044845124
37,6118506617223;0,113095379652234;0,125387724771796
37,6350900118288;0,113046935963735;0,125209404698467
37,6583580976281;0,112998492275236;0,125031084625138
37,6816549724511;0,112950048586737;0,12485276455181
37,7049806897608;0,112901604898238;0,124674444478481
37,7283353031527;0,112853161209739;0,124496124405152
37,751718866355;0,112804717521239;0,124317804331824
37,7751314332294;0,11275627383274;0,124139484258495
37,7985730577713;0,112707830144241;0,123961164185166
37,8220437941099;0,112659386455742;0,123782844111838
37,8455436965092;0,112610942767243;0,123604524038509
37,8690728193682;0,112562499078744;0,12342620396518
37,892631217221;0,112508611328767;0,1232506256059
37,9162189447378;0,11245271693541;0,123076043200365
37,9398360567247;0,112396822542054;0,122901460794831
37,9634826081247;0,112340928148697;0,122726878389296
37,9871586540177;0,11228503375534;0,122552295983762
38,0108642496211;0,112229139361984;0,122377713578227
38,0345994502903;0,112173244968627;0,122203131172692
38,0583643115191;0,11211735057527;0,122028548767158
38,0821588889398;0,112061456181914;0,121853966361623
38,1059832383243;0,112005561788557;0,121679383956089
38,1298374155837;0,111949667395201;0,121504801550554
38,1537214767697;0,111893773001844;0,121330219145019
38,1776354780741;0,111837878608487;0,121155636739485
38,20157947583;0,111781984215131;0,12098105433395
38,2255535265115;0,111726089821774;0,120806471928416
38,2495576867351;0,111670195428417;0,120631889522881
38,2735920132591;0,111614301035061;0,120457307117346
38,2976565629848;0,111558406641704;0,120282724711812
38,3217513929566;0,111502512248347;0,120108142306277
38,3458765603627;0,111446617854991;0,119933559900743
38,3700321225353;0,111390723461634;0,119758977495208
38,394218136951;0,111334829068278;0,119584395089673
38,4184346612317;0,111278934674921;0,119409812684139
38,4426817531446;0,111223040281564;0,119235230278604
38,4669594706029;0,111167145888208;0,11906064787307
38,4912678716661;0,111110572062244;0,118886538673722
38,5156070145405;0,111049358679481;0,118715596552111
38,5399769575799;0,110988145296718;0,118544654430499
38,5643777592858;0,110926931913955;0,118373712308888
38,588809478308;0,110865718531192;0,118202770187276
38,6132721734448;0,110804505148429;0,118031828065665
38,637765903644;0,110743291765666;0,117860885944053
38,6622907280029;0,110682078382903;0,117689943822441
38,6868467057688;0,11062086500014;0,11751900170083
38,71143389634;0,110559651617377;0,117348059579218
38,7360523592655;0,110498438234614;0,117177117457607
38,7607021542462;0,110437224851851;0,117006175335995
38,7853833411348;0,110376011469088;0,116835233214384
38,8100959799367;0,110314798086325;0,116664291092772
38,8348401308102;0,110253584703562;0,11649334897116
38,8596158540673;0,110192371320798;0,116322406849549
38,8844232101739;0,110131157938035;0,116151464727937
38,9092622597504;0,110069944555272;0,115980522606326
38,9341330635722;0,110008731172509;0,115809580484714
38,9590356825702;0,109947517789746;0,115638638363102
38,9839701778313;0,109886304406983;0,115467696241491
39,0089366105988;0,10982509102422;0,115296754119879
39,0339350422732;0,109763877641457;0,115125811998268
39,0589655344122;0,109702664258694;0,114954869876656
39,0840281487317;0,109641450875931;0,114783927755045
39,1091229471061;0,109580237493168;0,114612985633433
39,1342499915686;0,10951527679058;0,11444494301069
39,1594093443124;0,109450085218167;0,114277084043257
39,1846010676901;0,109384893645755;0,114109225075823
39,2098252242154;0,109319702073342;0,11394136610839
39,2350818765628;0,10925451050093;0,113773507140957
39,2603710875684;0,109189318928517;0,113605648173523
39,2856929202304;0,109124127356105;0,11343778920609
39,3110474377098;0,109058935783693;0,113269930238657
39,3364347033307;0,10899374421128;0,113102071271223
39,3618547805806;0,108928552638868;0,11293421230379
39,3873077331116;0,108863361066455;0,112766353336357
39,4127936247403;0,108798169494043;0,112598494368923
39,4383125194488;0,10873297792163;0,11243063540149
39,4638644813848;0,108667786349218;0,112262776434057
39,4894495748624;0,108602594776806;0,112094917466623
39,5150678643627;0,108537403204393;0,11192705849919
39,5407194145341;0,108472211631981;0,111759199531757
39,566404290193;0,108407020059568;0,111591340564323
39,5921225563245;0,108341828487156;0,11142348159689
39,6178742780826;0,108276636914743;0,111255622629457
39,6436595207909;0,108211445342331;0,111087763662023
39,6694783499432;0,108146253769919;0,11091990469459
39,6953308312042;0,108081062197506;0,110752045727157
39,7212170304095;0,108015870625094;0,110584186759723
39,747137013567;0,107950081760572;0,110416750171716
39,7730908468568;0,10788101464454;0,110251608516388
39,7990785966318;0,107811947528508;0,110086466861061
39,8251003294187;0,107742880412475;0,109921325205733
39,8511561119182;0,107673813296443;0,109756183550406
39,8772460110056;0,107604746180411;0,109591041895078
39,9033700937316;0,107535679064378;0,109425900239751
39,9295284273225;0,107466611948346;0,109260758584423
39,9557210791813;0,107397544832314;0,109095616929096
39,9819481168877;0,107328477716281;0,108930475273768
40,008209608199;0,107259410600249;0,108765333618441
40,0345056210507;0,107190343484217;0,108600191963113
40,0608362235572;0,107121276368184;0,108435050307786
40,0872014840118;0,107052209252152;0,108269908652458
40,113601470888;0,10698314213612;0,10810476699713
40,1400362528397;0,106914075020087;0,107939625341803
40,166505898702;0,106845007904055;0,107774483686475
40,1930104774916;0,106775940788023;0,107609342031148
40,2195500584074;0,10670687367199;0,10744420037582
40,2461247108313;0,106637806555958;0,107279058720493
40,2727345043287;0,106568739439926;0,107113917065165
40,2993795086491;0,106499672323893;0,106948775409838
40,3260597937267;0,106430605207861;0,10678363375451
40,3527754296809;0,106361538091829;0,106618492099183
40,3795264868173;0,106292470975796;0,106453350443855
40,4063130356278;0,106220599610448;0,106290849140488
40,4331351467915;0,10614783331202;0,106129184400427
40,4599928911756;0,106075067013593;0,105967519660367
40,4868863398353;0,106002300715166;0,105805854920307
40,5138155640151;0,105929534416738;0,105644190180247
40,5407806351492;0,105856768118311;0,105482525440186
40,5677816248618;0,105784001819883;0,105320860700126
40,5948186049684;0,105711235521456;0,105159195960066
40,621891647476;0,105638469223029;0,104997531220006
40,6490008245835;0,105565702924601;0,104835866479946
40,6761462086832;0,105492936626174;0,104674201739885
40,7033278723604;0,105420170327746;0,104512536999825
40,7305458883949;0,105347404029319;0,104350872259765
40,7578003297611;0,105274637730892;0,104189207519705
40,7850912696289;0,105201871432464;0,104027542779644
40,8124187813643;0,105129105134037;0,103865878039584
40,8397829385301;0,105056338835609;0,103704213299524
40,8671838148865;0,104983572537182;0,103542548559464
40,8946214843918;0,104910806238754;0,103380883819404
40,9220960212031;0,104838039940327;0,103219219079343
40,9496074996767;0,1047652736419;0,103057554339283
40,9771559943694;0,104692507343472;0,102895889599223
41,0047415800383;0,104619741045045;0,102734224859163
41,0323643316422;0,104546974746617;0,102572560119103
41,060024324342;0,104472192582222;0,102413443204813
41,0877216335015;0,104396758130197;0,10225515288325
41,1154563346877;0,104321323678172;0,102096862561686
41,1432285036719;0,104245889226146;0,101938572240123
41,1710382164305;0,104170454774121;0,10178028191856
41,1988855491451;0,104095020322096;0,101621991596996
41,2267705782037;0,104019585870071;0,101463701275433
41,2546933802013;0,103944151418046;0,101305410953869
41,2826540319406;0,103868716966021;0,101147120632306
41,3106526104324;0,103793282513996;0,100988830310742
41,3386891928968;0,103717848061971;0,100830539989179
41,3667638567635;0,103642413609946;0,100672249667615
41,394876679673;0,10356697915792;0,100513959346052
41,4230277394766;0,103491544705895;0,100355669024489
41,4512171142377;0,10341611025387;0,100197378702925
41,4794448822325;0,103340675801845;0,100039088381362
41,5077111219502;0,10326524134982;0,0998807980597983
41,5360159120945;0,103189806897795;0,0997225077382349
41,5643593315835;0,10311437244577;0,0995642174166715
41,5927414595513;0,103038937993745;0,099405927095108
41,621162375348;0,102963503541719;0,0992476367735446
41,6496221585407;0,102888069089694;0,0990893464519812
41,6781208889145;0,102812634637669;0,0989310561304177
41,7066586464728;0,102736910231205;0,0987731976726071
41,7352355114385;0,10265923241997;0,0986182434617264
41,7638515642543;0,102581554608734;0,0984632892508457
41,7925068855838;0,102503876797499;0,0983083350399649
41,8212015563122;0,102426198986263;0,0981533808290842
41,8499356575467;0,102348521175028;0,0979984266182035
41,8787092706178;0,102270843363793;0,0978434724073228
41,90752247708;0,102193165552558;0,0976885181964421
41,9363753587119;0,102115487741322;0,0975335639855614
41,9652679975179;0,102037809930087;0,0973786097746807
41,9942004757283;0,101960132118851;0,0972236555638
42,0231728758006;0,101882454307616;0,0970687013529192
42,0521852804197;0,101804776496381;0,0969137471420385
42,0812377724992;0,101727098685145;0,0967587929311578
42,1103304351818;0,10164942087391;0,0966038387202771
42,1394633518406;0,101571743062675;0,0964488845093964
42,1686366060792;0,101494065251439;0,0962939302985157
42,1978502817331;0,101416387440204;0,096138976087635
42,2271044628704;0,101338709628969;0,0959840218767543
42,2563992337921;0,101261031817733;0,0958290676658736
42,2857346790336;0,101183354006498;0,0956741134549929
42,3151108833652;0,101105676195263;0,0955191592441121
42,3445279317927;0,101027998384027;0,0953642050332314
42,3739859095588;0,100950320572792;0,0952092508223507
42,4034849021432;0,100871005853411;0,0950571562886612
42,433024995264;0,100791472406096;0,0949054431404584
42,4626062748784;0,100711938958782;0,0947537299922556
42,4922288271832;0,100632405511468;0,0946020168440529
42,5218927386161;0,100552872064154;0,0944503036958501
42,5515980958564;0,10047333861684;0,0942985905476473
42,5813449858255;0,100393805169525;0,0941468773994446
42,6111334956882;0,100314271722211;0,0939951642512418
42,6409637128536;0,100234738274897;0,093843451103039
42,6708357249752;0,100155204827583;0,0936917379548362
42,7007496199529;0,100075671380269;0,0935400248066335
42,7307054859328;0,0999961379329545;0,0933883116584307
42,7607034113087;0,0999166044856403;0,0932365985102279
42,7907434847228;0,0998370710383261;0,0930848853620252
42,8208257950665;0,0997575375910119;0,0929331722138224
42,8509504314815;0,0996780041436978;0,0927814590656196
42,8811174833604;0,0995984706963836;0,0926297459174169
42,9113270403476;0,0995189372490694;0,0924780327692141
42,9415791923406;0,0994394038017552;0,0923263196210113
42,9718740294902;0,099359870354441;0,0921746064728085
43,002211642202;0,0992803369071268;0,0920228933246058
43,0325921211372;0,0992008034598127;0,091871180176403
43,0630155572132;0,0991212667097517;0,0917194841356604
43,0934820416047;0,0990402230918257;0,0915709539249043
43,1239916657446;0,0989591794738996;0,0914224237141481
43,1545445213251;0,0988781358559736;0,091273893503392
43,1851407002981;0,0987970922380476;0,0911253632926359
43,2157802948769;0,0987160486201216;0,0909768330818797
43,2464633975362;0,0986350050021955;0,0908283028711236
43,2771901010138;0,0985539613842695;0,0906797726603674
43,3079604983113;0,0984729177663435;0,0905312424496113
43,3387746826948;0,0983918741484174;0,0903827122388551
43,3696327476961;0,0983108305304914;0,090234182028099
43,4005347871137;0,0982297869125654;0,0900856518173428
43,4314808950134;0,0981487432946393;0,0899371216065867
43,4624711657296;0,0980676996767133;0,0897885913958306
43,4935056938662;0,0979866560587873;0,0896400611850744
43,5245845742975;0,0979056124408612;0,0894915309743183
43,5557079021689;0,0978245688229352;0,0893430007635621
43,5868757728986;0,0977435252050092;0,089194470552806
43,6180882821776;0,0976624815870831;0,0890459403420498
43,6493455259717;0,0975814379691571;0,0888974101312937
43,6806476005215;0,0975003943512311;0,0887488799205376
43,7119946023443;0,097419350733305;0,0886003497097814
43,7433866282344;0,097338307115379;0,0884518194990253
43,7748237752643;0,09725669339532;0,0883048231731045
43,806306140786;0,0971744889426653;0,0881594099785561
43,8378338224315;0,0970922844900106;0,0880139967840078
43,8694069181143;0,097010080037356;0,0878685835894594
43,9010255260301;0,0969278755847013;0,087723170394911
43,9326897446577;0,0968456711320466;0,0875777572003626
43,9643996727605;0,0967634666793919;0,0874323440058142
43,9961554093872;0,0966812622267372;0,0872869308112658
44,0279570538728;0,0965990577740825;0,0871415176167174
44,0598047058396;0,0965168533214278;0,086996104422169
44,0916984651987;0,0964346488687731;0,0868506912276206
44,1236384321503;0,0963524444161185;0,0867052780330722
44,1556247071855;0,0962702399634638;0,0865598648385238
44,1876573910868;0,0961880355108091;0,0864144516439754
44,2197365849294;0,0961058310581544;0,086269038449427
44,2518623900823;0,0960236266054997;0,0861236252548786
44,2840349082092;0,095941422152845;0,0859782120603302
44,3162542412697;0,0958592177001903;0,0858327988657818
44,3485204915203;0,0957770132475356;0,0856873856712334
44,3808337615157;0,0956948087948809;0,085541972476685
44,4131941541095;0,0956126043422263;0,0853965592821366
44,4456017724555;0,0955303998895716;0,0852511460875882
44,478056720009;0,095447924059719;0,0851067529076673
44,5105591005276;0,0953649227208651;0,0849643813488689
44,5431090180723;0,0952819213820111;0,0848220097900706
44,5757065770089;0,0951989200431571;0,0846796382312723
44,6083518820088;0,0951159187043032;0,0845372666724739
44,6410450380502;0,0950329173654492;0,0843948951136756
44,6737861504195;0,0949499160265953;0,0842525235548773
44,706575324712;0,0948669146877413;0,0841101519960789
44,7394126668334;0,0947839133488874;0,0839677804372806
44,7722982830006;0,0947009120100334;0,0838254088784822
44,8052322797431;0,0946179106711794;0,0836830373196839
44,8382147639043;0,0945349093323255;0,0835406657608856
44,871245842642;0,0944519079934715;0,0833982942020872
44,9043256234304;0,0943689066546176;0,0832559226432889
44,9374542140607;0,0942859053157636;0,0831135510844905
44,9706317226423;0,0942029039769097;0,0829711795256922
45,0038582576043;0,0941199026380557;0,0828288079668939
45,0371339276964;0,0940369012992018;0,0826864364080955
45,0704588419903;0,0939538999603478;0,0825440648492972
45,1038331098805;0,0938708986214938;0,0824016932904989
45,137256841086;0,0937878972826399;0,0822593217317005
45,1707301456512;0,0937048959437859;0,0821169501729022
45,2042531339472;0,0936216998558613;0,0819761746359597
45,2378259166728;0,093538334900496;0,0818367918075719
45,2714486048562;0,0934549699451307;0,0816974089791841
45,3051213098558;0,0933716049897654;0,0815580261507963
45,3388441433614;0,0932882400344001;0,0814186433224084
45,3726172173958;0,0932048750790348;0,0812792604940206
45,4064406443158;0,0931215101236695;0,0811398776656328
45,4403145368134;0,0930381451683041;0,081000494837245
45,4742390079173;0,0929547802129388;0,0808611120088572
45,5082141709936;0,0928714152575735;0,0807217291804694
45,542240139748;0,0927880503022082;0,0805823463520815
45,5763170282261;0,0927046853468429;0,0804429635236937
45,6104449508152;0,0926213203914776;0,0803035806953059
45,6446240222455;0,0925379554361122;0,0801641978669181
45,6788543575915;0,0924545904807469;0,0800248150385303
45,7131360722729;0,0923712255253816;0,0798854322101424
45,7474692820562;0,0922878605700163;0,0797460493817546
45,7818541030562;0,092204495614651;0,0796066665533668
45,8162906517367;0,0921211306592857;0,079467283724979
45,8507790449124;0,0920377657039203;0,0793279008965912
45,8853193997499;0,091954400748555;0,0791885180682034
45,9199118337693;0,091871047302341;0,0790493450648027
45,9545564648451;0,0917877918219499;0,0789126583682994
45,9892534112079;0,0917045363415589;0,0787759716717961
46,0240027914458;0,0916212808611678;0,0786392849752929
46,0588047245052;0,0915380253807767;0,0785025982787896
46,093659329693;0,0914547699003856;0,0783659115822863
46,1285667266773;0,0913715144199946;0,078229224885783
46,1635270354888;0,0912882589396034;0,0780925381892797
46,1985403765227;0,0912050034592124;0,0779558514927764
46,2336068705395;0,0911217479788213;0,0778191647962732
46,2687266386668;0,0910384924984302;0,0776824780997699
46,3038998024003;0,0909552370180391;0,0775457914032666
46,3391264836055;0,0908719815376481;0,0774091047067633
46,3744068045193;0,090788726057257;0,0772724180102601
46,4097408877507;0,0907054705768659;0,0771357313137568
46,4451288562831;0,0906222150964748;0,0769990446172535
46,4805708334748;0,0905389596160837;0,0768623579207502
46,5160669430614;0,0904557041356926;0,0767256712242469
46,5516173091565;0,0903724486553016;0,0765889845277436
46,5872220562535;0,0902891931749105;0,0764522978312404
46,6228813092268;0,0902059376945194;0,0763156111347371
46,6585951933338;0,0901226822141283;0,0761789244382338
46,6943638342155;0,0900401488810915;0,0760448963965702
46,7301873578989;0,0899576543885397;0,0759109725650906
46,7660658907978;0,089875159895988;0,0757770487336111
46,8019995597145;0,0897926654034363;0,0756431249021315
46,8379884918416;0,0897101709108846;0,0755092010706519
46,8740328147628;0,0896276764183329;0,0753752772391723
46,9101326564553;0,0895451819257811;0,0752413534076928
46,9462881452904;0,0894626874332294;0,0751074295762131
46,9824994100359;0,0893801929406777;0,0749735057447336
47,0187665798568;0,0892976984481259;0,074839581913254
47,0550897843176;0,0892152039555742;0,0747056580817744
47,0914691533831;0,0891327094630225;0,0745717342502948
47,1279048174206;0,0890502149704708;0,0744378104188153
47,1643969072012;0,0889677204779191;0,0743038865873357
47,2009455539012;0,0888852259853673;0,0741699627558561
47,2375508891038;0,0888027314928156;0,0740360389243765
47,2742130448008;0,0887202370002639;0,0739021150928969
47,3109321533942;0,0886377425077122;0,0737681912614174
47,3477083476973;0,0885552480151604;0,0736342674299378
47,3845417609371;0,0884727535226087;0,0735003435984582
47,4214325267553;0,0883907538443695;0,0733669437320986
47,45838077921;0,0883109189274794;0,0732358372792076
47,4953866527777;0,0882310840105893;0,0731047308263165
47,5324502823544;0,0881512490936992;0,0729736243734254
47,5695718032576;0,0880714141768091;0,0728425179205344
47,6067513512279;0,087991579259919;0,0727114114676433
47,6439890624305;0,0879117443430289;0,0725803050147523
47,6812850734571;0,0878319094261388;0,0724491985618612
47,7186395213273;0,0877520745092487;0,0723180921089701
47,7560525434905;0,0876722395923586;0,0721869856560791
47,7935242778275;0,0875924046754685;0,072055879203188
47,831054862652;0,0875125697585784;0,0719247727502969
47,8686444367128;0,0874327348416883;0,0717936662974059
47,906293139195;0,0873528999247982;0,0716625598445148
47,944001109722;0,0872730650079081;0,0715314533916238
47,9817684883571;0,087193230091018;0,0714003469387327
48,0195954156054;0,0871133951741279;0,0712692404858416
48,0574820324151;0,0870335602572378;0,0711381340329506
48,09542848018;0,0869537253403477;0,0710070275800595
48,1334349007406;0,0868738904234576;0,0708759211271685
48,171501436386;0,0867940555065675;0,0707448146742774
48,2096282298561;0,0867194648518184;0,0706108089122896
48,2478154243428;0,0866467432866721;0,0704757695519469
48,2860631634921;0,0865740217215257;0,0703407301916043
48,324371591406;0,0865013001563793;0,0702056908312616
48,3627408526438;0,0864285785912329;0,070070651470919
48,4011710922248;0,0863558570260865;0,0699356121105764
48,4396624556291;0,0862831354609401;0,0698005727502337
48,4782150888004;0,0862104138957937;0,0696655333898911
48,516829138147;0,0861376923306473;0,0695304940295485
48,5555047505443;0,0860649707655009;0,0693954546692058
48,5942420733363;0,0859922492003545;0,0692604153088632
48,6330412543376;0,0859195276352081;0,0691253759485206
48,6719024418353;0,0858468060700617;0,0689903365881779
48,7108257845907;0,0857740845049153;0,0688552972278353
48,7498114318415;0,085701362939769;0,0687202578674927
48,7888595333035;0,0856286413746226;0,06858521850715
48,8279702391726;0,0855559198094762;0,0684501791468074
48,8671437001266;0,0854831982443298;0,0683151397864647
48,9063800673272;0,0854104766791834;0,0681801004261221
48,9456794924223;0,085337755114037;0,0680450610657795
48,9850421275471;0,0852603640716657;0,0679029099134945
49,0244681253271;0,0851800646737748;0,0677563106940933
49,0639576388793;0,0850997652758839;0,0676097114746921
49,1035108218143;0,0850194658779931;0,0674631122552909
49,1431278282389;0,0849391664801022;0,0673165130358897
49,1828088127571;0,0848588670822113;0,0671699138164885
49,222553930473;0,0847785676843205;0,0670233145970873
49,2623633369925;0,0846982682864296;0,0668767153776861
49,3022371884249;0,0846179688885387;0,0667301161582849
49,3421756413859;0,0845376694906479;0,0665835169388837
49,3821788529986;0,084457370092757;0,0664369177194825
49,4222469808964;0,0843770706948661;0,0662903185000813
49,4623801832245;0,0842967712969752;0,0661437192806801
49,5025786186424;0,0842164718990844;0,0659971200612788
49,5428424463255;0,0841361725011935;0,0658505208418776
49,5831718259677;0,0840558731033026;0,0657039216224764
49,6235669177834;0,0839755737054118;0,0655573224030752
49,6640278825094;0,0838952743075209;0,0654107231836741
49,7045548814071;0,08381497490963;0,0652641239642728
49,7451480762648;0,0837346755117391;0,0651175247448716
49,7858076293997;0,083646880407047;0,0649742007765442
49,8265337036602;0,0835573777267072;0,0648316205970655
49,8673264624279;0,0834678750463674;0,0646890404175868
49,9081860696199;0,0833783723660276;0,0645464602381081
49,949112689691;0,0832888696856878;0,0644038800586294
49,9901064876359;0,083199367005348;0,0642612998791507
50,0311676289914;0,0831098643250082;0,0641187196996719
50,0722962798384;0,0830203616446684;0,0639761395201932
50,1134926068048;0,0829308589643286;0,0638335593407145
50,1547567770669;0,0828413562839888;0,0636909791612358
50,1960889583523;0,082751853603649;0,0635483989817571
50,2374893189419;0,0826623509233093;0,0634058188022784
50,2789580276722;0,0825728482429695;0,0632632386227997
50,3204952539377;0,0824833455626297;0,0631206584433209
50,362101167693;0,0823938428822899;0,0629780782638422
50,4037759394554;0,0823043402019501;0,0628354980843635
50,4455197403071;0,0822148375216103;0,0626929179048848
50,4873327418973;0,0821253348412705;0,0625503377254061
50,529215116445;0,0820358321609307;0,0624077575459274
50,5711670367409;0,0819448513341872;0,0622664588925686
50,6131886761504;0,0818508198908999;0,0621277822441161
50,6552802086153;0,0817567884476125;0,0619891055956635
50,6974418086565;0,0816627570043252;0,0618504289472109
50,7396736513766;0,0815687255610379;0,0617117522987584
50,781975912462;0,0814746941177505;0,0615730756503058
50,8243487681854;0,0813806626744632;0,0614343990018533
50,8667923954086;0,0812866312311759;0,0612957223534007
50,9093069715845;0,0811925997878886;0,0611570457049481
50,9518926747597;0,0810985683446012;0,0610183690564956
50,9945496835772;0,0810045369013139;0,060879692408043
51,0372781772786;0,0809105054580265;0,0607410157595905
51,0800783357068;0,0808164740147392;0,0606023391111379
51,1229503393086;0,0807224425714519;0,0604636624626853
51,1658943691369;0,0806284111281645;0,0603249858142328
51,2089106068536;0,0805343796848772;0,0601863091657802
51,2519992347321;0,0804403482415899;0,0600476325173276
51,2951604356595;0,0803463167983025;0,0599089558688751
51,3383943931398;0,0802522853550152;0,0597702792204225
51,381701291296;0,0801577541697283;0,0596321800176456
51,4250813148729;0,0800603645501746;0,0594973016752004
51,4685346492399;0,0799629749306208;0,0593624233327551
51,5120614803932;0,079865585311067;0,0592275449903098
51,555661994959;0,0797681956915133;0,0590926666478646
51,5993363801957;0,0796708060719595;0,0589577883054193
51,6430848239968;0,0795734164524058;0,0588229099629741
51,6869075148935;0,079476026832852;0,0586880316205288
51,7308046420577;0,0793786372132983;0,0585531532780835
51,7747763953042;0,0792812475937445;0,0584182749356383
51,8188229650939;0,0791838579741907;0,058283396593193
51,8629445425365;0,079086468354637;0,0581485182507478
51,9071413193927;0,0789890787350832;0,0580136399083025
51,951413488078;0,0788916891155295;0,0578787615658572
51,9957612416644;0,0787942994959757;0,057743883223412
52,0401847738841;0,0786969098764219;0,0576090048809667
52,0846842791317;0,0785995202568682;0,0574741265385215
52,1292599524673;0,0785021306373144;0,0573392481960762
52,1739119896195;0,0784047410177607;0,0572043698536309
52,218640586988;0,0783066522774923;0,0570706131649701
52,2634459416463;0,0782067681711904;0,056939708551795
52,3083282513454;0,0781068840648885;0,0568088039386199
52,3532877145157;0,0780069999585866;0,0566778993254448
52,3983245302706;0,0779071158522847;0,0565469947122697
52,4434388984092;0,0778072317459828;0,0564160900990947
52,4886310194195;0,0777073476396809;0,0562851854859196
52,5339010944807;0,077607463533379;0,0561542808727445
52,5792493254671;0,0775075794270771;0,0560233762595694
52,6246759149504;0,0774076953207752;0,0558924716463943
52,670181066203;0,0773078112144733;0,0557615670332192
52,7157649832011;0,0772079271081714;0,0556306624200442
52,7614278706275;0,0771080430018695;0,0554997578068691
52,8071699338749;0,0770081588955676;0,055368853193694
52,852991379049;0,0769082747892657;0,0552379485805189
52,8988924129711;0,0768083906829638;0,0551070439673438
52,944873243182;0,0767085065766619;0,0549761393541687
52,9909340779445;0,0766086224703599;0,0548452347409937
53,0370751262469;0,0765087383640581;0,0547143301278186
53,083296597806;0,0764077058570067;0,0545864428896964
53,1295987030701;0,0763062089533793;0,0544597811528705
53,1759816532227;0,076204712049752;0,0543331194160446
53,2224456601852;0,0761032151461246;0,0542064576792187
53,2689909366205;0,0760017182424973;0,0540797959423929
53,3156176959358;0,0759002213388699;0,053953134205567
53,3623261522866;0,0757987244352426;0,0538264724687411
53,4091165205791;0,0756972275316152;0,0536998107319153
53,455989016474;0,0755957306279879;0,0535731489950894
53,50294385639;0,0754942337243605;0,0534464872582636
53,5499812575066;0,0753927368207332;0,0533198255214377
53,5971014377677;0,0752912399171058;0,0531931637846118
53,6443046158851;0,0751897430134785;0,0530665020477859
53,6915910113417;0,0750882461098511;0,0529398403109601
53,7389608443951;0,0749867492062238;0,0528131785741342
53,7864143360806;0,0748852523025964;0,0526865168373083
53,8339517082151;0,0747837553989691;0,0525598551004825
53,8815731834004;0,0746822584953417;0,0524331933636566
53,9292789850266;0,0745802817278079;0,0523080367103591
53,9770693372757;0,0744776689084623;0,0521848381997899
54,0249444651249;0,0743750560891167;0,0520616396892207
54,0729045943505;0,074272443269771;0,0519384411786516
54,1209499515311;0,0741698304504254;0,0518152426680824
54,1690807640512;0,0740672176310798;0,0516920441575133
54,2172972601052;0,0739646048117341;0,0515688456469441
54,2655996687005;0,0738619919923885;0,0514456471363749
54,3139882196612;0,0737593791730428;0,0513224486258057
54,362463143632;0,0736567663536972;0,0511992501152366
54,411024672082;0,0735541535343516;0,0510760516046674
54,4596730373076;0,073451540715006;0,0509528530940983
54,508408472437;0,0733489278956603;0,0508296545835291
54,5572312114337;0,0732463150763147;0,0507064560729599
54,6061414891001;0,073143702256969;0,0505832575623908
54,6551395410814;0,0730410894376234;0,0504600590518216
54,7042256038691;0,0729384766182778;0,0503368605412524
54,7533999148055;0,0728358637989321;0,0502136620306833
54,8026627120866;0,072732775316785;0,0500919767801649
54,8520142347666;0,0726291199641411;0,0499721366870207
54,9014547227618;0,0725254646114972;0,0498522965938765
54,9509844168539;0,0724218092588533;0,0497324565007324
55,0006035586945;0,0723181539062095;0,0496126164075882
55,0503123908087;0,0722144985535656;0,049492776314444
55,1001111565993;0,0721108432009217;0,0493729362212998
55,1500001003504;0,0720071878482778;0,0492530961281557
55,1999794672318;0,0719035324956339;0,0491332560350115
55,2500495033029;0,0717998771429901;0,0490134159418673
55,3002104555164;0,0716962217903462;0,0488935758487231
55,3504625717229;0,0715925664377023;0,048773735755579
55,4008061006747;0,0714889110850584;0,0486538956624348
55,4512412920298;0,0713852557324145;0,0485340555692906
55,5017683963562;0,0712816003797706;0,0484142154761465
55,5523876651361;0,0711779450271268;0,0482943753830023
55,6030993507698;0,0710742896744829;0,0481745352898581
55,6539037065802;0,070970634321839;0,0480546951967139
55,7048009868168;0,0708663366309505;0,0479373089736361
55,7557914466601;0,0707618289891734;0,0478207314343942
55,8068753422258;0,0706573213473964;0,0477041538951522
55,8580529305691;0,0705528137056193;0,0475875763559103
55,9093244696888;0,0704483060638422;0,0474709988166684
55,9606902185321;0,0703437984220652;0,0473544212774264
56,0121504369985;0,0702392907802881;0,0472378437381845
56,0637053859445;0,070134783138511;0,0471212661989425
56,1153553271877;0,070030275496734;0,0470046886597006
56,1671005235116;0,0699257678549569;0,0468881111204587
56,2189412386698;0,0698212602131798;0,0467715335812167
56,2708777373905;0,0697167525714028;0,0466549560419748
56,3229102853811;0,0696122449296257;0,0465383785027328
56,3750391493328;0,0695077372878487;0,0464218009634909
56,4272645969247;0,0694032296460716;0,046305223424249
56,4795868968292;0,0692987220042945;0,046188645885007
56,5320063187157;0,0691942143625175;0,0460720683457651
56,5845231332559;0,0690894543590413;0,0459565621904351
56,6371376121282;0,0689842087508092;0,0458431706793925
56,6898500280223;0,0688789631425771;0,0457297791683499
56,7426606546442;0,0687737175343451;0,0456163876573072
56,7955697667207;0,0686684719261129;0,0455029961462646
56,8485776400041;0,0685632263178808;0,045389604635222
56,9016845512771;0,0684579807096487;0,0452762131241793
56,9548907783579;0,0683527351014166;0,0451628216131367
57,0081966001044;0,0682474894931845;0,0450494301020941
57,0616022964199;0,0681422438849524;0,0449360385910514
57,115108148257;0,0680369982767204;0,0448226470800088
57,1687144376235;0,0679317526684882;0,0447092555689662
57,2224214475868;0,0678265070602561;0,0445958640579235
57,276229462279;0,067721261452024;0,0444824725468809
57,3301387669018;0,0676160158437919;0,0443690810358383
57,3841496477318;0,0675107702355598;0,0442556895247956
57,4382623921254;0,0674055246273278;0,044142298013753
57,4924772885239;0,067300129515695;0,0440295178463682
57,5467946264587;0,0671940962617021;0,0439192143216814
57,6012146965564;0,0670880630077091;0,0438089107969947
57,6557377905438;0,0669820297537162;0,0436986072723079
57,7103642012535;0,0668759964997232;0,0435883037476211
57,7650942226289;0,0667699632457303;0,0434780002229343
57,8199281497294;0,0666639299917373;0,0433676966982476
57,874866278736;0,0665578967377444;0,0432573931735608
57,9299089069564;0,0664518634837514;0,043147089648874
57,9850563328302;0,0663458302297585;0,0430367861241873
58,0403088559348;0,0662397969757655;0,0429264825995005
58,0956667769902;0,0661337637217726;0,0428161790748137
58,1511303978652;0,0660277304677796;0,042705875550127
58,2067000215821;0,0659216972137867;0,0425955720254402
58,2623759523228;0,0658156639597937;0,0424852685007534
58,318158495434;0,0657096307058008;0,0423749649760667
58,374047957433;0,0656035974518078;0,0422646614513799
58,4300446460133;0,0654971901736892;0,0421553498817701
58,4861488700501;0,0653900208926091;0,0420480431346385
58,542360939606;0,065282851611529;0,0419407363875069
58,598681165937;0,065175682330449;0,0418334296403753
58,6551098614977;0,0650685130493689;0,0417261228932437
58,7116473399476;0,0649613437682888;0,0416188161461121
58,7682939161567;0,0648541744872088;0,0415115093989804
58,8250499062113;0,0647470052061287;0,0414042026518488
58,88191562742;0,0646398359250486;0,0412968959047172
58,9388913983195;0,0645326666439685;0,0411895891575856
58,9959775386805;0,0644254973628885;0,041082282410454
59,053174369514;0,0643183280818084;0,0409749756633223
59,1104822130769;0,0642111588007283;0,0408676689161907
59,1679013928784;0,0641039895196482;0,0407603621690591
59,2254322336857;0,0639968202385681;0,0406530554219275
59,2830750615306;0,0638896509574881;0,0405457486747959
59,3408302037153;0,063782481676408;0,0404384419276642
59,3986979888187;0,0636753379556468;0,0403347285888088
59,4566787467026;0,06356818470256;0,0402323046301562
59,5147728085183;0,0634610314494733;0,0401298806715037
59,5729805067121;0,0633538781963865;0,0400274567128511
59,6313021750327;0,0632467249432998;0,0399250327541986
59,6897381485367;0,063139571690213;0,039822608795546
59,7482887635953;0,0630324184371263;0,0397201848368934
59,806954357901;0,0629252651840396;0,0396177608782409
59,8657352704739;0,0628181119309528;0,0395153369195883
59,9246318416681;0,0627109586778661;0,0394129129609358
59,9836444131784;0,0626038054247793;0,0393104890022832
60,0427733280471;0,0624966521716926;0,0392080650436307
60,1020189306701;0,0623894989186058;0,0391056410849781
60,1613815668043;0,0622823456655191;0,0390032171263256
60,2208615835737;0,0621751924124324;0,038900793167673
60,2804593294766;0,0620680391593456;0,0387983692090204
60,3401751543921;0,0619612235722558;0,0386971607674877
60,4000094095872;0,0618549232529959;0,0385977808344934
60,4599624477236;0,061748622933736;0,038498400901499
60,5200346228644;0,0616423226144761;0,0383990209685046
60,5802262904814;0,0615360222952162;0,0382996410355102
60,640537807462;0,0614297219759563;0,0382002611025158
60,7009695321162;0,0613234216566965;0,0381008811695214
60,7615218241837;0,0612171213374366;0,038001501236527
60,8221950448411;0,0611108210181767;0,0379021213035327
60,8829895567091;0,0610045206989168;0,0378027413705383
60,9439057238597;0,0608982203796569;0,0377033614375439
61,0049439118231;0,060791920060397;0,0376039815045495
61,0661044875959;0,0606856197411371;0,0375046015715551
61,1273878196474;0,0605793194218772;0,0374052216385607
61,1887942779278;0,0604730191026173;0,0373058417055664
61,2503242338754;0,0603667187833574;0,037206461772572
61,3119780604237;0,0602606173055115;0,0371079689994402
61,3737561320097;0,0601549395071363;0,0370113057827935
61,4356588245807;0,0600492617087611;0,0369146425661469
61,4976865156025;0,0599435839103858;0,0368179793495003
61,5598395840668;0,0598379061120106;0,0367213161328537
61,6221184104989;0,0597322283136354;0,036624652916207
61,6845233769657;0,0596265505152601;0,0365279896995604
61,7470548670831;0,0595208727168849;0,0364313264829138
61,8097132660244;0,0594151949185097;0,0363346632662671
61,8724989605277;0,0593095171201345;0,0362380000496205
61,9354123389041;0,0592038393217592;0,0361413368329739
61,9984537910459;0,059098161523384;0,0360446736163272
62,0616237084341;0,0589924837250088;0,0359480103996806
62,1249224841471;0,0588868059266335;0,035851347183034
62,1883505128685;0,0587811281282583;0,0357546839663874
62,2519081908955;0,0586754503298831;0,0356580207497407
62,3155959161468;0,0585700706483058;0,0355627066814753
62,3794140881713;0,0584649760841643;0,0354686974185299
62,4433631081565;0,0583598815200227;0,0353746881555844
62,5074433789364;0,0582547869558812;0,035280678892639
62,5716553050004;0,0581496923917396;0,0351866696296936
62,6359992925018;0,0580445978275981;0,0350926603667482
62,700475749266;0,0579395032634565;0,0349986511038028
62,7650850847997;0,057834408699315;0,0349046418408573
62,8298277102989;0,0577293141351734;0,0348106325779119
62,8947040386582;0,0576242195710319;0,0347166233149665
62,9597144844791;0,0575191250068903;0,0346226140520211
63,0248594640794;0,0574140304427488;0,0345286047890757
63,0901393955014;0,0573089358786073;0,0344345955261302
63,1555546985214;0,0572038413144657;0,0343405862631848
63,2211057946586;0,0570987467503242;0,0342465770002394
63,2867931071838;0,0569936521861826;0,034152567737294
63,3526170611288;0,0568892563538278;0,0340609759615654
63,4185780832956;0,0567849096746953;0,0339695370237129
63,4846766022657;0,0566805629955627;0,0338780980858605
63,550913048409;0,0565762163164302;0,0337866591480081
63,6172878538934;0,0564718696372976;0,0336952202101556
63,6838014526942;0,0563675229581651;0,0336037812723032
63,7504542806036;0,0562631762790325;0,0335123423344508
63,8172467752402;0,0561588295998999;0,0334209033965983
63,8841793760583;0,0560544829207674;0,0333294644587459
63,9512525243579;0,0559501362416348;0,0332380255208935
64,0184666632943;0,0558457895625023;0,0331465865830411
64,0858222378879;0,0557414428833697;0,0330551476451886
64,1533196950336;0,0556370962042372;0,0329637087073362
64,2209594835114;0,0555327495251046;0,0328722697694838
64,2887420539957;0,0554284028459721;0,0327808308316313
64,3566678590659;0,0553250478408824;0,0326908501038379
64,4247373532158;0,0552222760287379;0,032601745281246
64,4929509928644;0,0551195042165934;0,0325126404586541
64,5613092363655;0,0550167324044489;0,0324235356360622
64,6298125440186;0,0549139605923044;0,0323344308134703
64,6984613780786;0,0548111887801598;0,0322453259908784
64,7672562027666;0,0547084169680153;0,0321562211682865
64,8361974842803;0,0546056451558708;0,0320671163456946
64,9052856908043;0,0545028733437263;0,0319780115231027
64,9745212925213;0,0544001015315818;0,0318889067005108
65,0439047616218;0,0542973297194372;0,031799801877919
65,1134365723158;0,0541945579072927;0,0317106970553271
65,183117200843;0,0540917860951482;0,0316215922327352
65,2529471254839;0,0539890142830037;0,0315324874101433
65,3229268265708;0,0538862424708592;0,0314433825875514
65,3930567864985;0,0537834158228671;0,0313544007003448
65,4633374897357;0,0536805388706921;0,0312655274633303
65,5337694228363;0,0535776619185171;0,0311766542263158
65,6043530744499;0,0534747849663421;0,0310877809893013
65,6750889353341;0,053371908014167;0,0309989077522868
65,745977498365;0,053269031061992;0,0309100345152723
65,8170192585491;0,053166154109817;0,0308211612782579
65,8882147130348;0,053063277157642;0,0307322880412434
65,9595643611239;0,052960400205467;0,0306434148042289
66,0310687042832;0,052857523253292;0,0305545415672144
66,1027282461564;0,052754646301117;0,0304656683301999
66,1745434925761;0,052651769348942;0,0303767950931855
66,2465149515751;0,0525488923967669;0,030287921856171
66,318643133399;0,0524460154445919;0,0301990486191565
66,390928550518;0,0523431384924169;0,030110175382142
66,4633717176388;0,0522400722678928;0,0300230198115225
66,5359731517174;0,052136937689969;0,0299365514536057
66,6087333719708;0,0520338031120453;0,029850083095689
66,6816528998899;0,0519306685341215;0,0297636147377722
66,7547322592515;0,0518275339561976;0,0296771463798554
66,8279719761311;0,0517243993782738;0,0295906780219386
66,9013725789154;0,0516212648003501;0,0295042096640218
66,9749345983152;0,0515181302224263;0,029417741306105
67,0486585673779;0,0514149956445025;0,0293312729481882
67,1225450215008;0,0513118610665787;0,0292448045902714
67,1965944984434;0,0512087264886549;0,0291583362323546
67,2708075383412;0,0511055919107311;0,0290718678744378
67,3451846837183;0,0510024573328073;0,028985399516521
67,4197264795009;0,0508993227548835;0,0288989311586043
67,4944334730303;0,0507962232345642;0,0288127357280157
67,5693062140768;0,0506934461566548;0,0287286092444426
67,6443452548526;0,0505906690787454;0,0286444827608695
67,7195511500259;0,0504878920008359;0,0285603562772963
67,7949244567342;0,0503851149229265;0,0284762297937232
67,8704657345982;0,0502823378450171;0,0283921033101501
67,9461755457357;0,0501795607671077;0,0283079768265769
68,0220544547752;0,0500767836891982;0,0282238503430038
68,0981030288708;0,0499740066112888;0,0281397238594307
68,1743218377151;0,0498712295333794;0,0280555973758576
68,2507114535545;0,04976845245547;0,0279714708922844
68,327272451203;0,0496656753775605;0,0278873444087113
68,4040054080565;0,0495628982996511;0,0278032179251382
68,4809109041079;0,0494601212217417;0,027719091441565
68,5579895219611;0,0493573441438322;0,0276349649579919
68,6352418468459;0,0492552408106642;0,0275525426685378
68,712668466633;0,0491533513451464;0,0274706880165597
68,7902699718487;0,0490514618796287;0,0273888333645817
68,8680469556902;0,0489495724141109;0,0273069787126036
68,9460000140401;0,0488476829485931;0,0272251240606256
69,0241297454824;0,0487457934830754;0,0271432694086475
69,1024367513173;0,0486439040175576;0,0270614147566695
69,1809216355766;0,0485420145520398;0,0269795601046914
69,2595850050398;0,0484401250865221;0,0268977054527134
69,3384274692489;0,0483382356210043;0,0268158508007354
69,4174496405249;0,0482363461554866;0,0267339961487573
69,4966521339831;0,0481344566899688;0,0266521414967793
69,5760355675496;0,048032567224451;0,0265702868448012
69,6556005619766;0,0479306777589333;0,0264884321928232
69,7353477408596;0,0478295589382427;0,0264068684697969
69,8152777306527;0,0477289208250394;0,0263254966979988
69,8953911606855;0,0476282827118362;0,0262441249262008
69,9756886631799;0,047527644598633;0,0261627531544028
70,056170873266;0,0474270064854298;0,0260813813826048
70,1368384289993;0,0473263683722265;0,0260000096108067
70,2176919713776;0,0472257302590233;0,0259186378390087
70,2987321443579;0,0471250921458201;0,0258372660672107
70,3799595948734;0,0470244540326169;0,0257558942954127
70,4613749728507;0,0469238159194136;0,0256745225236146
70,5429789312274;0,0468231778062104;0,0255931507518166
70,6247721259692;0,0467225396930072;0,0255117789800186
70,7067552160877;0,046621901579804;0,0254304072082205
70,7889288636582;0,0465212634666007;0,0253490354364225
70,8712937338372;0,0464196749924269;0,0252676893450408
70,9538504948805;0,0463176985018877;0,025186361683706
71,0365998181613;0,0462157220113484;0,0251050340223713
71,1195423781887;0,0461137455208092;0,0250237063610365
71,2026788526252;0,04601176903027;0,0249423786997017
71,2860099223061;0,0459097925397307;0,0248610510383669
71,3695362712574;0,0458078160491915;0,0247797233770321
71,4532585867149;0,0457058395586522;0,0246983957156974
71,5371775591428;0,045603863068113;0,0246170680543626
71,6212938822531;0,0455018865775737;0,0245357403930278
71,705608253024;0,0453999100870345;0,024454412731693
71,79012137172;0,0452979335964952;0,0243730850703583
71,8748339419104;0,045195957105956;0,0242917574090235
71,9597466704897;0,0450939720046247;0,0242104561565631
72,0448602676966;0,0449909933703652;0,024131464988673
72,130175447134;0,0448880147361057;0,024052473820783
72,2156929257893;0,0447850361018462;0,0239734826528929
72,3014134240539;0,0446820574675867;0,0238944914850029
72,3873376657437;0,0445790788333272;0,0238155003171128
72,4734663781196;0,0444761001990677;0,0237365091492228
72,5598002919079;0,0443731215648082;0,0236575179813327
72,6463401413207;0,0442701429305487;0,0235785268134426
72,7330866640774;0,0441671642962893;0,0234995356455526
72,820040601425;0,0440641856620298;0,0234205444776625
72,9072026981593;0,0439612070277703;0,0233415533097725
72,9945737026465;0,0438582283935108;0,0232625621418824
73,0821543668445;0,0437552497592513;0,0231835709739924
73,1699454463243;0,0436524330714972;0,0231057978634976
73,2579477002918;0,043549758220811;0,0230290753512067
73,3461618916098;0,0434470833701248;0,0229523528389157
73,4345887868198;0,0433444085194386;0,0228756303266247
73,5232291561646;0,0432417336687523;0,0227989078143337
73,6120837736102;0,0431390588180661;0,0227221853020427
73,7011534168688;0,0430363839673799;0,0226454627897517
73,7904388674211;0,0429337091166936;0,0225687402774607
73,8799409105392;0,0428310342660074;0,0224920177651697
73,9696603353099;0,0427283594153212;0,0224152952528787
74,0595979346576;0,042625684564635;0,0223385727405877
74,1497545053679;0,0425230097139487;0,0222618502282967
74,2401308481109;0,0424203348632625;0,0221851277160058
74,3307277674649;0,0423178273395011;0,0221084509632832
74,4215460719407;0,0422157443326636;0,0220318993644815
74,5125865740051;0,0421136613258262;0,0219553477656798
74,6038500901052;0,0420115783189888;0,0218787961668781
74,6953374406933;0,0419094953121513;0,0218022445680764
74,787049450251;0,0418074123053139;0,0217256929692747
74,8789869473142;0,0417053292984765;0,021649141370473
74,9711507644977;0,041603246291639;0,0215725897716713
75,063541738521;0,0415011632848016;0,0214960381728696
75,156160710233;0,0413990802779641;0,0214194865740679
75,2490085246377;0,0412969972711267;0,0213429349752662
75,34208603092;0,0411949142642893;0,0212663833764645
75,4353940824715;0,0410928312574518;0,0211898317776628
75,5289335369168;0,0409901489172125;0,021113465823723
75,6227052561391;0,0408855137778441;0,0210377311078859
75,7167101063077;0,0407808786384758;0,0209619963920489
75,8109489579037;0,0406762434991075;0,0208862616762118
75,9054226857476;0,0405716083597391;0,0208105269603748
76,0001321690258;0,0404669732203708;0,0207347922445377
76,0950782913184;0,0403623380810025;0,0206590575287007
76,1902619406261;0,0402577029416342;0,0205833228128636
76,2856840093984;0,0401530678022658;0,0205075880970266
76,3813453945612;0,0400484326628975;0,0204318533811895
76,4772469975451;0,0399437975235292;0,0203561186653525
76,5733897243136;0,0398391623841608;0,0202803839495155
76,6697744853914;0,0397345272447925;0,0202046492336784
76,7664021958936;0,0396288636016662;0,0201298923877543
76,8632737755544;0,0395216340169906;0,0200566571694728
76,9603901487562;0,0394144044323149;0,0199834219511912
77,0577522445594;0,0393071748476393;0,0199101867329096
77,1553609967314;0,0391999452629637;0,0198369515146281
77,253217343777;0,039092715678288;0,0197637162963465
77,3513222289683;0,0389854860936124;0,0196904810780649
77,4496766003748;0,0388782565089367;0,0196172458597834
77,5482814108944;0,0387710269242611;0,0195440106415018
77,6471376182836;0,0386637973395854;0,0194707754232202
77,7462461851892;0,0385565677549098;0,0193975402049386
77,8456080791787;0,0384493381702342;0,0193243049866571
77,9452242727725;0,0383421085855585;0,0192510697683755
78,0450957434755;0,0382337806035048;0,0191797140637099
78,1452234738086;0,0381251054035807;0,0191089627178633
78,2456084513416;0,0380164302036566;0,0190382113720166
78,3462516687251;0,0379077550037325;0,01896746002617
78,4471541237236;0,0377990798038084;0,0188967086803234
78,5483168192483;0,0376904046038842;0,0188259573344768
78,6497407633903;0,0375817294039601;0,0187552059886302
78,7514269694541;0,037473054204036;0,0186844546427836
78,8533764559917;0,0373643790041119;0,018613703296937
78,9555902468357;0,0372557038041878;0,0185429519510904
79,0580693711349;0,0371470286042637;0,0184722006052438
79,1608148633874;0,0370383534043396;0,0184014492593972
79,2638277634768;0,0369293744497676;0,0183327335921454
79,367109116706;0,0368197755446499;0,0182682836089293
79,4706599738335;0,0367101766395322;0,0182038336257131
79,5744813911086;0,0366005777344144;0,0181393836424969
79,6785744303075;0,0364909788292967;0,0180749336592807
79,7829401587692;0,036381379924179;0,0180104836760645
79,8875796494324;0,0362717810190612;0,0179460336928483
79,992493980872;0,0361621821139435;0,0178815837096322
80,097684237336;0,0360525832088258;0,017817133726416
80,2031515087834;0,035942984303708;0,0177526837431998
80,3088968909213;0,0358333853985903;0,0176882337599836
80,414921485243;0,0357237864934726;0,0176237837767674
80,5212263990665;0,0356143117831457;0,0175594830134573
80,6278127455727;0,0355062094070906;0,0174968001500516
80,7346816438444;0,0353981070310355;0,0174341172866459
80,8418342189056;0,0352900046549804;0,0173714344232402
80,9492716017608;0,0351819022789253;0,0173087515598345
81,0569949294347;0,0350737999028703;0,0172460686964287
81,1650053450126;0,0349656975268152;0,017183385833023
81,2733039976806;0,0348575951507601;0,0171207029696173
81,3818920427666;0,034749492774705;0,0170580201062116
81,490770641781;0,0346413903986499;0,0169953372428059
81,5999409624585;0,0345332880225949;0,0169326543794001
81,7094041787997;0,0344251856465398;0,0168699715159944
81,819161471113;0,034317081513246;0,0168073672190393
81,9292140260573;0,0342089774664742;0,0167464099785481
82,0395630366848;0,0341008734197025;0,0166854527380569
82,1502097024836;0,0339927693729307;0,0166244954975658
82,261155229422;0,0338846653261589;0,0165635382570746
82,3724008299915;0,0337765612793872;0,0165025810165834
82,4839477232515;0,0336684572326154;0,0164416237760923
82,5957971348734;0,0335603531858437;0,0163806665356011
82,7079502971862;0,0334522491390719;0,0163197092951099
82,8204084492207;0,0333441450923002;0,0162587520546187
82,9331728367563;0,0332360410455284;0,0161977948141276
83,0462447123661;0,0331279369987567;0,0161368375736364
83,1596253354636;0,0330194890891529;0,0160762313341623
83,2733159723497;0,032909633633072;0,0160170782841018
83,3873178962593;0,0327997781769911;0,0159579252340413
83,5016323874093;0,0326899227209102;0,0158987721839808
83,6162607330465;0,0325800672648293;0,0158396191339203
83,7312042274955;0,0324702118087484;0,0157804660838597
83,8464641722079;0,0323603563526675;0,0157213130337992
83,9620418758111;0,0322505008965865;0,0156621599837387
84,077938654158;0,0321406454405056;0,0156030069336782
84,1941558303769;0,0320307899844247;0,0155438538836177
84,3106947349217;0,0319209345283438;0,0154847008335572
84,427556705623;0,0318110790722629;0,0154255477834967
84,544743087739;0,0317009990106974;0,0153684206567687
84,6622552340071;0,0315907345536632;0,0153130700732986
84,7800945046963;0,031480470096629;0,0152577194898285
84,8982622676592;0,0313702056395947;0,0152023689063584
85,0167598983854;0,0312599411825605;0,0151470183228884
85,1355887800545;0,0311496767255263;0,0150916677394183
85,2547503035901;0,0310394122684921;0,0150363171559482
85,3742458677141;0,0309291478114579;0,0149809665724781
85,4940768790013;0,0308188833544237;0,014925615989008
85,6142447519346;0,0307086188973895;0,0148702654055379
85,734750908961;0,0305983544403553;0,0148149148220679
85,855596780547;0,0304881067326383;0,0147596471531657
85,9767838052359;0,0303782742259721;0,0147057794036944
86,0983134297047;0,0302684417193059;0,0146519116542232
86,2201871088214;0,0301586092126397;0,014598043904752
86,3424063057033;0,0300487767059735;0,0145441761552807
86,4649724917755;0,0299389441993073;0,0144903084058095
86,5878871468299;0,0298291116926411;0,0144364406563383
86,711151759085;0,0297192791859749;0,014382572906867
86,8347678252454;0,0296094466793087;0,0143287051573958
86,9587368505631;0,0294996141726425;0,0142748374079246
87,083060348898;0,0293897816659762;0,0142209696584534
87,2077398427798;0,02927994915931;0,0141671019089821
87,3327768634703;0,0291689783771974;0,0141143357031271
87,4581729510257;0,0290576633554437;0,0140619143870909
87,58392965436;0,02894634833369;0,0140094930710546
87,7100485313089;0,0288350333119363;0,0139570717550183
87,8365311486941;0,0287237182901826;0,0139046504389821
87,9633790823879;0,0286124032684289;0,0138522291229458
88,0905939173792;0,0285010882466752;0,0137998078069096
88,2181772478388;0,0283897732249215;0,0137473864908733
88,3461306771866;0,0282784582031678;0,013694965174837
88,4744558181586;0,0281671431814141;0,0136425438588008
88,6031542928743;0,0280558281596604;0,0135901225427645
88,7322277329057;0,0279429841489369;0,0135386141859935
88,8616777793457;0,0278293186816687;0,0134875978967162
88,9915060828778;0,0277156532144005;0,0134365816074389
89,1217143038466;0,0276019877471323;0,0133855653181617
89,2523041123279;0,0274883222798641;0,0133345490288844
89,3832771882008;0,0273746568125959;0,0132835327396071
89,5146352212192;0,0272609913453278;0,0132325164503298
89,646379911085;0,0271473258780596;0,0131815001610525
89,7785129675209;0,0270336604107914;0,0131304838717753
89,9110361103444;0,0269199949435232;0,013079467582498
90,043951069543;0,026806329476255;0,0130284512932207
90,1772595853487;0,0266899585698513;0,0129786042347074
90,3109634083146;0,0265725198557733;0,0129292291727013
90,4450642993909;0,0264550811416952;0,0128798541106951
90,579564030003;0,0263376424276172;0,012830479048689
90,7144643821286;0,0262202037135392;0,0127811039866829
90,8497671483772;0,0261027649994612;0,0127317289246767
90,9854741320689;0,0259853262853832;0,0126823538626706
91,1215871473149;0,0258678875713051;0,0126329788006644
91,2581080190981;0,0257504488572271;0,0125836037386583
91,395038583355;0,0256330101431491;0,0125342286766522
91,5323806870575;0,0255155714290711;0,012484853614646
91,6701361882964;0,0253932095785753;0,0124372772130344
91,8083069563648;0,0252706069363349;0,01238979304357
91,9468948718432;0,0251480042940944;0,0123423088741056
92,0859018266841;0,025025401651854;0,0122948247046412
92,2253297242988;0,0249027990096135;0,0122473405351769
92,3651804796436;0,0247801963673731;0,0121998563657125
92,5054560193082;0,0246575937251326;0,0121523721962481
92,6461582816035;0,0245349910828922;0,0121048880267837
92,7872892166514;0,0244123884406517;0,0120574038573193
92,9288507864744;0,0242897857984113;0,0120099196878549
93,0708449650871;0,0241642409628369;0,0119628967934985
93,2132737385874;0,0240335021643909;0,0119166971715405
93,3561391052494;0,0239027633659449;0,0118704975495824
93,499443075617;0,023772024567499;0,0118242979276244
93,6431876725976;0,023641285769053;0,0117780983056664
93,7873749315582;0,0235105469706071;0,0117318986837084
93,9320069004205;0,0233798081721611;0,0116856990617504
94,0770856397587;0,0232490693737151;0,0116394994397923
94,2226132228969;0,0231183305752692;0,0115932998178343
94,3685917360076;0,0229875917768232;0,0115471001958763
94,5150232782123;0,0228568529783773;0,0115009005739183
94,6619099616812;0,0227118889500709;0,0114558752200636
94,8092539117351;0,0225660023209628;0,0114109303258369
94,9570572669482;0,0224201156918547;0,0113659854316102
95,1053221792509;0,0222742290627467;0,0113210405373836
95,2540508140349;0,0221283424336386;0,0112760956431569
95,4032453502583;0,0219824558045306;0,0112311507489302
95,552907980552;0,0218365691754225;0,0111862058547035
95,7030409113271;0,0216906825463145;0,0111412609604768
95,8536463628836;0,0215447959172064;0,0110963160662501
96,0047265695194;0,0213989092880984;0,0110513711720234
96,1562837796411;0,021230880716632;0,0110074817138892
96,3083202558757;0,0210525674820749;0,0109640865739114
96,4608382751827;0,0208742542475179;0,0109206914339336
96,6138401289681;0,0206959410129608;0,0108772962939558
96,7673281231993;0,0205176277784038;0,010833901153978
96,9213045785204;0,0203393145438468;0,0107905060140002
97,0757718303699;0,0201610013092897;0,0107471108740224
97,2307322290981;0,0199826880747327;0,0107037157340446
97,3861881400866;0,0198043748401757;0,0106603205940668
97,5421419438688;0,0196260616056186;0,010616925454089
97,6985960362511;0,0193826265290394;0,0105739972040108
97,8555528284359;0,0190937705699191;0,0105313880319628
98,0130147471452;0,0188049146107988;0,0104887788599148
98,1709842347459;0,0185160586516785;0,0104461696878668
98,3294637493757;0,0182272026925582;0,0104035605158188
98,4884557650712;0,0179383467334378;0,0103609513437708
98,647962771896;0,0176494907743175;0,0103183421717228
98,8079872760713;0,0173606348151972;0,0102757329996748
98,9685318001066;0,0170717788560769;0,0102331238276268
99,1295988829327;0,0167829228969566;0,0101905146555788
99,2911910800351;0,0162852937890304;0,0101454942607119
99,4533109635898;0,0156782625920907;0,0100991901930768
99,615961122599;0,0147535463717028;0,010090853425096
99,7791441630296;0,0134034953408947;0,0110178570722119
99,9428627079517;0,0132580596242268;0,0124363306991497
100,10711939768;0,0134405443158859;0,013148476194353
100,271916889915;0,0132709257245405;0,0135612402879352
100,437257859886;0,0128870277929592;0,0146589568288882
100,603145000498;0,0131916659183676;0,0159733616244902
100,769581022475;0,0139582446360363;0,017158947776757
100,93656865451;0,0153263686066745;0,0175437572992405
101,104110643412;0,0162000012296988;0,0174837148638221
101,272209754259;0,0168878017670923;0,0174726085331726
101,440868770547;0,0178668003255352;0,0173507519952215
101,610090494348;0,0185843927757913;0,0166356857315269
101,779877746461;0,01879881394122;0,0159152825413059
101,950233366571;0,0187992202516356;0,0153516838608555
102,121160213406;0,0186001055019516;0,0148707235310767
102,292661164899;0,0183336917522781;0,014654269461458
102,464739118348;0,0181161956602775;0,0146844288228741
102,637396990577;0,0183043685437309;0,0147485257119742
102,810637718106;0,0183883161187106;0,0144364325997339
102,984464257314;0,0182582508936025;0,014204369813274
103,158879584606;0,0182029865545064;0,0141738722577253
103,333886696587;0,0183006501421763;0,0139661596565489
103,509488610229;0,0181709229197166;0,0136299399645896
103,68568836305;0,0179232489429097;0,013456957840026
103,862489013281;0,0177330873667137;0,0134007167175563
104,039893640053;0,0176122004857143;0,0133215836342857
104,217905343566;0,0174405098539489;0,0131754481588011
104,396527245277;0,0172450677070851;0,0131292791742077
104,575762488079;0,0170427591643826;0,0130924457018735
104,755614236484;0,0168667638954489;0,0130504230004888
104,936085676813;0,0166311918872114;0,0130354502597691
105,117180017383;0,0164272036394596;0,0130501337485511
105,298900488693;-0,00684337949980847;0,01074871412795
105,481250343624;-0,00717481475724174;0,0109997302938016
105,664232857625;-0,00742585060139649;0,0114048802154066
105,847851328914;-0,00762810159205265;0,0119316417593344
106,032109078675;-0,00734760089795926;0,0124004700038821
106,217009451258;-0,00727306131804187;0,0125594607771916
106,402555814381;-0,00717946620273972;0,0128200340518113
106,588751559337;-0,00708163318219896;0,0130254508716754
106,775600101195;-0,0070018263626333;0,0132530640670835
106,963104879015;-0,00684383819557186;0,013458878432096
107,151269356056;-0,00674430844094477;0,0135602722541732
107,340097019989;-0,00662831424589655;0,0136181892969588
107,529591383112;-0,00659537713362329;0,0137254781814543
107,719755982572;-0,00648433623635787;0,0138703791464921
107,910594380578;-0,00645735941547701;0,0139846298197746
108,10211016463;-0,00634165962218592;0,0141563425077022
108,29430694774;-0,00619600219925589;0,0142670336383632
108,487188368661;-0,00609321586004879;0,0143359119300244
108,680758092116;-0,00594786737582409;0,014372010571956
108,875019809029;-0,00587969512331017;0,0144059770715499
109,069977236762;-0,00577763527433294;0,0143570105258054
109,26563411935;-0,00573919635435717;0,0143953138022725
109,461994227741;-0,00580409199274843;0,0143923771407977
109,65906136004;-0,00581285669963155;0,0144629891791739
109,856839341752;-0,00586877210586618;0,0145493307462007
110,055332026029;-0,00592711903790129;0,0146541645804247
110,254543293924;-0,00590393071171154;0,0147644200825741
110,45447705464;-0,00588074238552179;0,0148746755847234
110,655137245785;-0,0058484768818012;0,0150104223428119
110,856527833636;-0,00581355974421266;0,0151536156312073
111,058652813396;-0,005769199532343;0,0152906424317777
111,261516209456;-0,0057018208062609;0,0154126377517713
111,46512207567;-0,00563444208017881;0,0155346330717649
111,669474495616;-0,00556810353655324;0,0156216292306105
111,874577582876;-0,00550197776669835;0,0157014661613403
112,080435481307;-0,00543585199684346;0,0157813030920702
112,287052365326;-0,00536972622698857;0,0158611400228
112,494432440183;-0,00530360045713368;0,0159409769535299
112,702579942257;-0,00527450711614987;0,0159967114365117
112,911499139336;-0,00524639121796281;0,0160518097537152
113,121194330913;-0,00521827531977576;0,0161069080709188
113,33166984848;-0,0051901594215887;0,0161620063881223
113,542930055826;-0,00516204352340164;0,0162171047053258
113,754979349339;-0,00513392762521459;0,0162722030225293
113,96782215831;-0,00510581172702753;0,0163273013397329
114,181462945242;-0,00512251631247361;0,0164453346668534
114,395906206163;-0,00514711791476451;0,0165744566479365
114,61115647094;-0,00516407421180964;0,0167123790374503
114,827218303598;-0,00517388855777402;0,0168585224311597
115,044096302643;-0,0051715890353103;0,0170087766372798
115,261795101387;-0,00512204471443261;0,0171750632532619
115,480319368282;-0,00507250039355493;0,0173413498692441
115,699673807248;-0,00498794006475652;0,0175268835159832
115,919863158015;-0,00489996655893263;0,0177142932624576
116,140892196462;-0,00481199305310875;0,017901703008932
116,362765734963;-0,00472401954728487;0,0180891127554063
116,585488622737;-0,00463604604146098;0,0182765225018807
116,809065746199;-0,0045480725356371;0,018463932248355
117,033502029321;-0,00444261578737265;0,0186450050458741
117,25880243399;-0,00423813098662761;0,0187901842889885
117,484971960375;-0,00403364618588255;0,018935363532103
117,712015647298;-0,00384544376623204;0,0190628731281886
117,939938572606;-0,00365837825805728;0,0191891489474474
118,168745853553;-0,00345515832182974;0,0192535700853792
118,398442647177;-0,00324620856083369;0,0192960519454883
118,629034150695;-0,00305514706298767;0,0193653298589022
118,860525601888;-0,00287813262309774;0,0194556498215418
119,092922279504;-0,00268655481671787;0,0194956147992705
119,326229503653;-0,00247317101894757;0,0194601823496123
119,560452636217;-0,0022842515734942;0,019441549713537
119,79559708126;-0,00216541647475119;0,0194710444075688
120,031668285445;-0,00204658137600817;0,0195005391016007
120,268671738448;-0,00192774627726515;0,0195300337956325
120,506612973395;-0,00180891117852214;0,0195595284896643
120,74549756728;-0,00169007607977913;0,0195890231836961
120,98533114141;-0,00157124098103611;0,019618517877728
121,226119361843;-0,00145240588229309;0,0196480125717598
121,467867939833;-0,00134372350621674;0,0196776236679929
121,710582632282;-0,00116878818946969;0,0196897179100521
121,954269242197;-9,74738300702985E-4;0,0196990534277758
122,198933619155;-8,20640296519537E-4;0,0196846690959553
122,444581659767;-6,75685340268313E-4;0,0196648564414515
122,691219308156;-5,30730384017076E-4;0,0196450437869476
122,938852556431;-3,85775427765852E-4;0,0196252311324438
123,187487445178;-2,40820471514627E-4;0,0196054184779399
123,437130063947;-9,58655152634027E-5;0,0195856058234361
123,687786551752;2,86658754484123E-5;0,0195445908572631
123,939463097573;1,46382702380396E-4;0,0194965014894697
124,192165940863;2,54055062718699E-4;0,0194911484576982
124,44590137207;3,58573888224545E-4;0,0194992128157901
124,700675733152;4,88324959806026E-4;0,0194472771065484
124,956495418109;6,24852012803082E-4;0,0193792287080134
125,213366873517;7,10111104198104E-4;0,0193515724729111
125,471296599071;7,84968365806573E-4;0,0193321114614067
125,73029114813;8,59825627415035E-4;0,0193126504499022
125,990357128276;9,34682889023498E-4;0,0192931894383978
126,251501201874;0,00100954015063197;0,0192737284268934
126,513730086639;0,00108439741224043;0,0192542674153889
126,777050556214;0,00115925467384889;0,0192348064038845
127,041469440756;0,00123915015627734;0,0192131552508242
127,30699362752;0,00134599092180908;0,0191797908389834
127,573630061464;0,0014457184168848;0,0191572111479361
127,841385745849;0,00152685066137739;0,0191628244782093
128,110267742855;0,00160798290586997;0,0191684378084826
128,380283174201;0,00168911515036257;0,0191740511387558
128,651439221775;0,00177354085586208;0,0191753283099814
128,923743128268;0,00186056552007347;0,0191731837014109
129,197202197823;0,00194759018428486;0,0191710390928403
129,471823796684;0,00203461484849625;0,0191688944842698
129,74761535386;0,00216039718446423;0,0191996816313475
130,024584361793;0,00229181266545882;0,0192321649971565
130,302738377039;0,00243603253175158;0,0192441044861392
130,582085020952;0,00258025239804432;0,019256043975122
130,862631980385;0,00272447226433706;0,0192679834641047
131,144387008389;0,00286869213062981;0,0192799229530874
131,427357924931;0,00301291199692256;0,0192918624420701
131,711552617618;0,00319119122970024;0,01926609798607
131,996979042426;0,00338113344626657;0,0192274225295292
132,283645224448;0,00357107566283293;0,0191887470729884
132,57155925864;0,00376101787939926;0,0191500716164477
132,860729310589;0,0039509600959656;0,0191113961599069
133,151163617281;0,00415677683390233;0,0190350716867974
133,442870487882;0,00437719687615428;0,0189241130957015
133,735858304537;0,00455473238254133;0,0187575573648758
134,030135523164;0,00472191834666577;0,0185775840947038
134,325710674276;0,00488910431079023;0,0183976108245318
134,622592363798;0,00501320997365031;0,0182033002270709
134,920789273907;0,00507616448991799;0,0179886382398316
135,220310163877;0,00513911900618566;0,0177739762525924
135,521163870936;0,00520207352245334;0,0175593142653532
135,823359311136;0,00526502803872102;0,017344652278114
136,126905480233;0,00530687121756734;0,0171526118762285
136,431811454582;0,00531937299545427;0,0169920118797022
136,738086392037;0,00530189343886407;0,0168488822210565
137,045739532873;0,00527183956594111;0,0167062805835528
137,354780200712;0,00521891840411563;0,0165382589873912
137,665217803465;0,00517910365111992;0,0164297307520101
137,977061834289;0,00515079350819371;0,0163734249008375
138,290321872553;0,00512248336526749;0,0163171190496649
138,605007584819;0,00509417322234127;0,0162608131984922
138,921128725835;0,00506586307941505;0,0162045073473196
139,238695139545;0,00503755293648883;0,0161482014961469
139,557716760113;0,00501218070020792;0,0160943718138271
139,878203612952;0,0050000607879151;0,0160517116463518
140,20016581578;0,00500979853603715;0,0160299497751194
140,523613579684;0,00503435073081901;0,0160167063877872
140,848557210197;0,00507817196855875;0,015950953968553
141,175007108396;0,00512199320629849;0,0158852015493188
141,502973772007;0,0051654533875265;0,0158191215643155
141,832467796535;0,00517285579603662;0,0157203284397581
142,163499876403;0,00516617169049585;0,0156399602658289
142,496080806109;0,00514506991610555;0,0155784501880735
142,8302214814;0,0051212466978614;0,0154932286202545
143,165932900461;0,00509692493329168;0,0154554092029699
143,503226165122;0,00507212426538822;0,0154663044582207
143,842112482082;0,00504732359748476;0,0154771997134714
144,18260316415;0,00504323873334396;0,015472055921935
144,524709631506;0,00505704654599311;0,0154530588672828
144,868443412973;0,00507085435864226;0,0154340618126306
145,213816147315;0,00510575378498887;0,0154374365156659
145,560839584554;0,0051527162915387;0,0154428582342556
145,909525587294;0,00519546673021406;0,0153934277343762
146,259886132083;0,00523642334061798;0,0153762188414468
146,611933310774;0,00527783486448272;0,0153589078680296
146,965679331926;0,0053215558442368;0,0153173980398798
147,321136522206;0,00537699716676692;0,0153016829605251
147,678317327829;0,00542987210660722;0,0152643975468668
148,037234316005;0,00548050345024732;0,0152059109397373
148,397900176415;0,00554465034921032;0,0151745338763228
148,760327722707;0,00559193318326924;0,0151156563025226
149,124529894013;0,00563261279274371;0,015046010740856
149,490519756487;0,00567329240221818;0,0149763651791895
149,858310504872;0,00566915545493083;0,0148826789818052
150,227915464082;0,00563685922878593;0,0148301402240701
150,599348090813;0,00559604810172805;0,0148231309245592
150,972621975173;0,00557781866080369;0,0148696872601365
151,347750842344;0,00563136694880175;0,0149684903226809
151,724748554263;0,00575944897114815;0,0150423856162346
152,103629111327;0,00594079666666665;0,0150689707430059
152,484406654129;0,0061396677471264;0,0150221120919301
152,867095465215;0,00629210078878502;0,0148518264457842
153,251709970872;0,00644259703468328;0,014676393018058
153,638264742939;0,00653714670220663;0,0144826915511186
154,026774500648;0,00653132588153609;0,0142562164621379
154,417254112493;0,00652550506086555;0,0140297413731572
154,809718598125;0,00645880171162799;0,0138819803337366
155,204183130281;0,00636618297102667;0,0137814306621597
155,600663036734;0,00627223848407776;0,013713991545671
155,999173802285;0,00620087150942659;0,0136720268087684
156,399731070773;0,00614380100426119;0,0136827459291367
156,802350647127;0,00611906682606105;0,0136604813818741
157,20704849944;0,00610503288622759;0,0136272737943114
157,613840761083;0,00607890634760656;0,0136063669703944
158,02274373285;0,00602710545733653;0,0136204886052387
158,433773885134;0,0060659502630503;0,0136918984160474
158,846947860134;0,00609974575099395;0,0136455097550934
159,262282474112;0,00612472231905776;0,0136139661802758
159,679794719662;0,00614511661902493;0,0136041495178464
160,099501768037;0,00616712452957497;0,0136007057337664
160,521420971497;0,00619431680701517;0,0136177373604582
160,945569865705;0,00622150908445537;0,01363476898715
161,371966172154;0,00624870136189557;0,0136518006138418
161,800627800634;0,00627589363933577;0,0136688322405336
162,231572851743;0,00630308591677597;0,0136858638672254
162,66481961943;0,00635166001358607;0,0136968520617622
163,10038659359;0,00643503797447358;0,0136980031705186
163,538292462689;0,00651897746687175;0,013697486987642
163,978556116439;0,00660873762035314;0,0136796881779869
164,421196648515;0,00669849777383453;0,0136618893683319
164,866233359313;0,0067919879621089;0,0136135500720028
165,313685758758;0,00688627880417209;0,0135586552453033
165,763573569153;0,0069777369652576;0,0135121533396315
166,215916728078;0,00706719346189267;0,0134715821447557
166,670735391334;0,00713515463007233;0,0134000999410179
167,128049935938;0,00716881910967525;0,013329598857286
167,587880963165;0,00722657969881859;0,0133710108570405
168,050249301645;0,00737034139405104;0,0133166078326424
168,515176010502;0,0075141030892835;0,0132622048082443
168,982682382558;0,00765786478451596;0,0132078017838462
169,452789947577;0,00779080205605839;0,013118619345154
169,925520475576;0,00792333268145984;0,0130281303320876
170,400895980182;0,00805418169892568;0,0129007642937567
170,87893872205;0,00818471913981588;0,012766565499105
171,359671212338;0,00831525658070608;0,0126323667044533
171,843116216242;0,00840687576663165;0,0123783661150492
172,329296756587;0,00843729886574964;0,0122240935152361
172,818236117481;0,00847582202776665;0,0120782830660806
173,309957848039;0,00856479194327328;0,0119560749338511
173,804485766155;0,00863421386248646;0,011721563400634
174,301843962353;0,00864650004043691;0,0115073630814282
174,802056803698;0,00863112738298448;0,0113130894383019
175,305148937775;0,00859933355235426;0,0111314961061051
175,811145296738;0,00855975574060607;0,0109803100788049
176,320071101427;0,00850512979334845;0,0108133746812686
176,831951865562;0,00845997205119054;0,010664275264404
177,346813400004;0,00841151302973119;0,0105577310433552
177,864681817093;0,008356638226196;0,0104646797422752
178,385583535064;0,00832494962365656;0,010320462322511
178,909545282539;0,00823197213483142;0,0102179006741573
179,436594103101;0,00817118577292189;0,0101014219518726
179,966757359941;0,00803645894005525;0,0100959206175176
180,500062740601;0,00803953353719377;0,0100256481124521
181,036538261789;0,00804931802526224;0,00995174995867701
181,576212274285;0,0080591025133307;0,00987785180490195
182,11911346794;0,00806888700139916;0,00980395365112689
182,665270876756;0,00807867148946763;0,00973005549735184
183,214713884063;0,00806579211078357;0,00965716555649637
183,767472227788;0,00803587820543904;0,0095850334046822
184,323576005823;0,00800596430009452;0,00951290125286802
184,883055681484;0,00797605039474999;0,00944076910105385
185,445942089078;0,00794613648940546;0,00936863694923967
186,012266439563;0,00791921106018398;0,00929685560533518
186,582060326321;0,00790033734254155;0,00922601942678991
187,155355731032;0,00788146362489912;0,00915518324824464
187,732185029656;0,00786258990725668;0,00908434706969937
188,312580998529;0,00784371618961425;0,0090135108911541
188,896576820574;0,0078248774924523;0,00894266979787949
189,48420609162;0,00780666637941004;0,00887174063025383
190,075502826849;0,00778845526636778;0,00880081146262819
190,670501467356;0,00777024415332552;0,00872988229500254
191,269236886839;0,00775203304028326;0,00865895312737689
191,871744398411;0,007733821927241;0,00858802395975124
192,478059761544;0,00771459395215703;0,0085187467508963
193,088219189142;0,00769527854044402;0,00844961158855339
193,702259354752;0,00767596312873101;0,00838047642621048
194,320217399912;0,007656647717018;0,00831134126386757
194,942130941641;0,00763733230530499;0,00824220610152466
195,568038080068;0,0076170703965462;0,00817457605264549
196,197977406217;0,00759666437670367;0,00810717516827705
196,831988009937;0,00757625835686115;0,00803977428390861
197,470109487989;0,00755585233701862;0,00797237339954017
198,112381952287;0,0075354463171761;0,00790497251517173
198,758846038305;0,00751327300176164;0,00783909499575847
199,409542913647;0,00749089734488211;0,00777339188967018
200,064514286785;0,00746852168800258;0,0077076887835819
200,723802415975;0,00744614603112304;0,0076419856774936
201,387450118338;0,00742376032993087;0,00757630371047045
202,055500779135;0,00739965085024281;0,00751424957416169
202,727998361223;0,00737554137055475;0,00745219543785293
203,404987414694;0,00735143189086669;0,00739014130154417
204,086513086715;0,00732732241117864;0,00732808716523541
204,772621131567;0,0073034314305013;0,00726654213418033
205,463357920882;0,00728046044648283;0,00720714070611391
206,158770454088;0,00725748946246436;0,0071477392780475
206,858906369076;0,00723451847844589;0,00708833784998108
207,563813953072;0,00721154749442741;0,00702893642191467
208,273542153743;0,00718880660293192;0,00697015990102134
208,988140590521;0,00716634220413806;0,00691213430532249
209,707659566177;0,00714387780534421;0,00685410870962364
210,432150078613;0,00712141340655035;0,00679608311392479
211,16166383292;0,0070989490077565;0,00673805751822593
211,896253253677;0,00707651909165144;0,0066810923273414
212,635971497505;0,00705409827180732;0,00662440686287127
213,380872465896;0,00703167745196321;0,00656772139840114
214,1310108183;0,0070092566321191;0,00651103593393101
214,8864419855;0,0069871783954624;0,00645461626855646
215,647222183262;0,00696644415429935;0,0063992393653483
216,413408426282;0,00694570991313631;0,00634386246214013
217,18505854243;0,00692497567197326;0,00628848555893197
217,962231187298;0,00690424143081022;0,0062331086557238
218,744985859064;0,00688447956989082;0,00617776247074716
219,533382913674;0,00686515791433465;0,00612243019219276
220,327483580357;0,00684583625877848;0,00606709791363837
221,127349977478;0,00682651460322231;0,00601176563508399
221,933045128734;0,00680668985656234;0,00595516633892093
222,74463297971;0,00678532049806602;0,00589467699107458
223,562178414793;0,0067639511395697;0,00583418764322822
224,385747274469;0,00674258178107338;0,00577369829538186
225,215406372994;0,00672121242257706;0,0057132089475355
226,051223516469;0,00669676357403768;0,00565423922633711
226,893267521305;0,00667186512491751;0,005595491368179
227,741608233119;0,00664696667579735;0,0055367435100209
228,596316546043;0,00662206822667718;0,00547799565186279
229,457464422471;0,00659608502119379;0,00542021341044454
230,32512491326;0,00656928457714179;0,00536315864965611
231,199372178388;0,00654248413308978;0,00530610388886767
232,08028150808;0,00651568368903778;0,00524904912807923
232,967929344426;0,00648845506525391;0,00519254855252351
233,86239330349;0,0064603819452858;0,00513714099300651
234,763752197937;0,00643230882531768;0,0050817334334895
235,672086060183;0,00640423570534956;0,0050263258739725
236,587476166079;0,00637600326806757;0,00497119044027798
237,510005059156;0,00634699200144691;0,00491738530502491
238,43975657544;0,00631798073482626;0,00486358016977184
239,376815868845;0,0062889694682056;0,00480977503451877
240,321269437173;0,006259918579981;0,00475607574085326
241,273205148731;0,00623032729830568;0,00470382000562642
242,232712269582;0,00620073601663037;0,00465156427039958
243,19988149145;0,00617114473495505;0,00459930853517274
244,174804960294;0,00614157003181857;0,00454710245185096
245,157576305573;0,00611248111239826;0,0044963512667679
246,148290670224;0,00608339219297797;0,00444560008168485
247,147044741365;0,00605430327355766;0,00439484889660179
248,153936781752;0,00602515532505014;0,00434404009320861
249,169066662002;0,00599512586595734;0,00429237084706311
250,192535893621;0,00596509640686455;0,0042407016009176
251,224447662838;0,00593506694777176;0,00418903235477209
252,264906865287;0,00590475066444834;0,00413755319102548
253,314020141554;0,00587286592145755;0,00408711346727141
254,371895913607;0,00584098117846675;0,00403667374351735
255,438644422155;0,00580909643547596;0,00398623401976328
256,514377764941;0,00577688551844077;0,00393628111572428
257,599209936009;0,00574394368554301;0,00388741911471106
258,693256865979;0,00571100185264525;0,00383855711369785
259,796636463338;0,00567806001974749;0,00378969511268463
260,909468656807;0,00564471746605583;0,00374163948989404
262,031875438791;0,00561101179678764;0,0036943145716181
263,163980909965;0,00557730612751945;0,00364698965334215
264,305911325009;0,00554360045825125;0,0035996647350662
265,45779513955;0,0055094493814177;0,00355352472469368
266,61976305833;0,00547518696664218;0,00350768090418779
267,791948084648;0,00544092455186667;0,00346183708368189
268,97448557111;0,00540660439883996;0,00341618858293586
270,167513271731;0,00537191635793276;0,00337178459117658
271,371171395426;0,00533722831702555;0,00332738059941731
272,585602660948;0,00530254027611834;0,00328297660765803
273,81095235329;0,00526767629779766;0,00323931019094132
275,047368381635;0,00523265563194862;0,00319630064878083
276,295001338867;0,00519763496609958;0,00315329110662034
277,554004562717;0,00516261430025054;0,00311028156445985
278,82453419859;0,00512737100586077;0,00306859547563779
280,106749264119;0,00509212314230015;0,00302693654903123
281,400811715512;0,00505687527873954;0,00298527762242468
282,70688651575;0,00502156276552919;0,00294425386487412
284,025141704685;0,0049861821269783;0,00290389942430258
285,355748471115;0,00495080148842741;0,00286354498373105
286,698881226895;0,00491541937562058;0,00282325394823551
288,054717683144;0,00488000925392097;0,00278416752446286
289,423438928629;0,00484459913222136;0,00274508110069022
290,8052295104;0,00480918901052175;0,00270599467691757
292,200277516733;0,00477394016827699;0,00266772679636291
293,608774662484;0,00473877161411966;0,00262986640273527
295,030916376915;0,00470360305996232;0,00259200600910764
296,466901894094;0,00466845063123456;0,00255432740620737
297,916934345936;0,00463332963133651;0,00251700311757769
299,381220857997;0,00459820863143847;0,00247967882894801
300,859972648105;0,00456306994680234;0,00244239813437486
302,353405127928;0,00452766820448018;0,00240576589450778
303,861738007578;0,00449226646215801;0,00236913365464069
305,385195403372;0,00445686471983585;0,00233250141477361
306,924005948836;0,00442109331707688;0,00229688313936888
308,4784029091;0,00438525149627891;0,00226145801795613
310,04862429877;0,00434940967548094;0,00222603289654337
311,634913003428;0,00431350557556655;0,00219138572927174
313,237516904882;0,00427757044386772;0,0021571261928241
314,856689010291;0,00424163531216888;0,00212286665637646
316,492687585326;0,00420568587421628;0,0020892217931198
318,145776291501;0,00416972453956933;0,00205608807549204
319,816224327825;0,00413376320492237;0,00202295435786428
321,504306576948;0,00409783826488222;0,00199033949083976
323,210303755955;0,00406195365603438;0,0019582995953646
324,934502571989;0,00402606904718653;0,00192625969988945
326,677195882881;0,00399023509827941;0,00189469395615123
328,438682862973;0,0039544628757706;0,00186370594066459
330,219269174345;0,00391869065326179;0,00183271792517795
332,019267143628;0,00388299178320916;0,00180221517317034
333,838995944647;0,00384737371689748;0,00177224697864705
335,678781787089;0,0038117556505858;0,00174227878412376
337,538958111455;0,00377626082141538;0,00171285151971697
339,41986579052;0,00374086748248669;0,00168386973081957
341,321853337581;0,003705474143558;0,00165488794192218
343,245277121726;0,00367025878156646;0,00162654223650047
345,190501590442;0,00363513214088719;0,00159851361800911
347,157899499827;0,00360000550020792;0,00157048499951776
349,147852152714;0,00356516730472697;0,00154322446867971
351,160749645044;0,00353038728448993;0,00151611885006359
353,196991120804;0,00349562758318739;0,0014890509399009
355,256985035883;0,0034613274134289;0,00146283584137721
357,341149431224;0,00342702724367042;0,00143662074285351
359,449912215643;0,00339299968651254;0,00141066236179202
361,583711458718;0,00335961778507872;0,00138531199040639
363,742995694182;0,00332623588364491;0,00135996161902077
365,928224234243;0,0032931629662491;0,00133398196609164
368,139867495302;0,00326030052822488;0,00130757364770562
370,378407335567;0,00322743809020066;0,0012811653293196
372,644337405042;0,00319381663893924;0,00125521207212525
374,938163508457;0,0031601434239205;0,00122928984953734
377,260403981677;0,00312629627152617;0,0012036802340669
379,611590082188;0,00309207871223583;0,00117873632849157
381,992266394278;0,0030578611529455;0,00115379242291624
384,402991249561;0,00302363024703787;0,00112954838710879
386,84433716352;0,00298939476180215;0,00110554448205606
389,316891288797;0,00295517647121507;0,00108173054029629
391,821255885978;0,00292102273709019;0,00105862980637232
394,358048812661;0,00288686900296532;0,00103552907244834
396,927904031654;0,00285281424533223;0,00101305323348831
399,531472139163;0,00281879857344554;9,9082416510624E-4
402,169420913921;0,00278483292682217;9,68815387713057E-4
404,842435888193;0,00275100744429734;9,47423836213904E-4
407,551220941727;0,0027171819617725;9,26032284714752E-4
410,296498919696;0,00268355894931817;9,05324612816392E-4
413,079012275787;0,00264997223273461;8,8473953684322E-4
415,899523741642;0,00261651118017248;8,64520482591699E-4
418,758817023905;0,00258319084284826;8,44711289755254E-4
421,657697530225;0,00254990965332953;8,25001615118386E-4
424,596993125627;0,00251688313731567;8,05939349662474E-4
427,577554920734;0,00248385662130181;7,86877084206562E-4
430,600258093426;0,00245110101212159;7,68413022266752E-4
433,6660027456;0,00241840020208415;7,50069965173711E-4
436,775714796788;0,00238588797353073;7,32118393941581E-4
439,930346916502;0,00235351977218125;7,14465816082141E-4
443,13087949728;0,00232128167425238;6,97038453894156E-4
446,378321670507;0,00228929811380889;6,80051709104352E-4
449,673712367246;0,00225737481162286;6,63157758339331E-4
453,018121426395;0,00222580701987911;6,46811271875084E-4
456,412650752675;0,00219423922813536;6,30464785410837E-4
459,858435527064;0,00216316857530381;6,14624871378899E-4
463,35664547249;0,00213210461345878;5,9879177529911E-4
466,908486177725;0,00210127855955507;5,83135258022179E-4
470,515200482647;0,00207049036423634;5,67506839948571E-4
474,178069928201;0,00203981903646028;5,52355697135528E-4
477,898416274621;0,00200918210086412;5,37345008517466E-4
481,677603091688;0,001978726984127;5,22757382549206E-4
485,517037425037;0,0019483441153342;5,08337865692005E-4
489,418171542806;0,00191818650250711;4,94312505753921E-4
493,382504767168;0,00188812939899421;4,80463018812151E-4
497,411585395601;0,00185831216518641;4,66995540483791E-4
501,507012717076;0,00182859793260121;4,53692098519297E-4
505,670439128673;0,00179914162347272;4,40776200695858E-4
509,903572358502;0,00176977628886249;4,27996997076134E-4
514,20817780123;0,00174071356939388;4,15627814942199E-4
518,58608097291;0,00171172162769133;4,03354531528486E-4
523,039170092284;0,00168306649645897;3,91521693236976E-4
527,569398796238;0,00165446058865189;3,79751811114531E-4
532,1787889976;0,00162621893683515;3,68427479878817E-4
536,86943389408;0,00159805769540544;3,57194887551098E-4
541,643501137738;0,00157020739869754;3,46317047019451E-4
546,503236175087;0,00154251138549674;3,35609424786866E-4
551,450965768623;0,00151505019330161;3,25160876469051E-4
556,4891017114;0,00148783681865744;3,14966370969885E-4
561,620144747101;0,00146077781107558;3,04930110290209E-4
566,846688708998;0,0014340803971516;2,95236061258493E-4
572,171424892182;0,00140750740088724;2,85649136033219E-4
577,597146674568;0,00138134923178046;2,7638954497058E-4
583,126754403326;0,00135537059293955;2,67190740616449E-4
588,763260564707;0,00132961730429055;2,5806823702621E-4
594,509795256627;0,00130406462698678;2,49126581385511E-4
600,369611984893;0,00127860305104166;2,40286311451281E-4
606,34609380563;0,00125335739112732;2,31768900775758E-4
612,442759838266;0,00122826569530378;2,23434405747537E-4
618,663272175434;0,00120331976121557;2,15273081632264E-4
625,011443218287;0,00117868880777651;2,07426649475809E-4
631,491243468112;0,00115420070318506;1,99723037786896E-4
638,106809807691;0,00112992262104254;1,92229410770285E-4
644,86245430872;0,00110593289502702;1,84991880276626E-4
651,762673604672;0,00108210890890173;1,77901880355781E-4
658,812158871927;0,00105852043921128;1,71021827380409E-4
666,015806465725;0,00103520672836517;1,64373657129521E-4
673,378729261604;0,0010120775859889;1,57874489090445E-4
680,906268757544;9,89180708933042E-4;1,51558127108435E-4
688,604007997013;9,66473474759112E-4;1,45477236076353E-4
696,477785378604;9,43953320092658E-4;1,39624521566512E-4
704,533709424077;9,21652505452797E-4;1,34018367738444E-4
712,778174583282;8,99802688154413E-4;1,28698253101011E-4
721,217878161925;8,78246740784777E-4;1,23522713906639E-4
729,859838466355;8,56947126794167E-4;1,18478994918038E-4
738,711414268675;8,35897114341859E-4;1,13569240940278E-4
747,780325705665;8,15218639838266E-4;1,08850678206285E-4
757,074676736245;7,94796385480253E-4;1,04260359317682E-4
766,602979294795;7,74627850259705E-4;9,97981833288048E-5
776,374179291639;7,54717041843109E-4;9,54646866359991E-5
786,397684627635;7,35130897894148E-4;9,12801157750795E-5
796,683395407263;7,15915262765912E-4;8,71875860841756E-5
807,241736554175;6,96897393191126E-4;8,31184948985082E-5
818,083693055083;6,78064017564494E-4;7,91303048129158E-5
829,220848082439;6,59435397092614E-4;7,52787464682614E-5
840,665424274044;6,4104155520756E-4;7,15618822073059E-5
852,430328478841;6,22902834705088E-4;6,79911442766377E-5
864,529200313279;6,05043343366509E-4;6,4558630571966E-5
876,976464912284;5,87431613921349E-4;6,12510257397746E-5
889,787390303763;5,70103258554051E-4;5,80664391197017E-5
902,978149886449;5,53063516900906E-4;5,49367187589233E-5
916,56589054862;5,36245514214151E-4;5,18486631710201E-5
930,568807030965;5,19608959317334E-4;4,88565174474574E-5
945,006223211714;5,03186003075793E-4;4,59948581787029E-5
959,898681077659;4,86993658241104E-4;4,32600933177576E-5
975,268038242489;4,71039657752026E-4;4,06485120753836E-5
991,137574986036;4,55334263590963E-4;3,81559370479158E-5
1007,53211191681;4,39875135218814E-4;3,57777223684713E-5
1024,47813950857;4,24660586336982E-4;3,3510368783465E-5
1042,00396093285;4,09689170328285E-4;3,13516750832712E-5
1060,13984980737;3,9495969036465E-4;2,92980965309555E-5
1078,91822470961;3,80465171600245E-4;2,73457783742778E-5
1098,37384257209;3,66188500929642E-4;2,5538865881058E-5
1118,54401338615;3,5220795770801E-4;2,38840243918144E-5
1139,46883900492;3,38520301895037E-4;2,23190599031053E-5
1161,19147926114;3,25135026342013E-4;2,08359912913887E-5
1183,75844911603;3,12013589368271E-4;1,94242808490012E-5
1207,21995114413;2,99148491485096E-4;1,80800983296257E-5
1231,63024835572;2,86522793287179E-4;1,6800599798576E-5
1257,04808318417;2,74158533221909E-4;1,55901693119857E-5
1283,53714944769;2,62056772346767E-4;1,44468829650603E-5
1311,16662526794;2,50168692764901E-4;1,33597280340818E-5
1340,01177633268;2,38519069046789E-4;1,23310351728413E-5
1370,15464057886;2,27106281696301E-4;1,13640786912876E-5
1401,68480741169;2,15881975612021E-4;1,04481997736594E-5
1434,70030704697;2,04879143831512E-4;9,58972333337678E-6
1469,30862857133;1,94042915143049E-4;8,77994375257103E-6
1505,62788899273;1,83371660860006E-4;8,01943227571416E-6
1543,78818006918;1,72806498818556E-4;7,29344283595019E-6
1583,93312527646;1,62289258857053E-4;6,61927312426127E-6
1626,22168618769;1,51716190683553E-4;5,98967842195157E-6
1670,83026615556;1,40905206970114E-4;5,4056828089921E-6
1717,9551699942;1,29395440911652E-4;4,86589296728901E-6
1767,81549198609;1,15923670754273E-4;4,3577190215722E-6
1820,65652183413;8,10474973958785E-5;3,88902725262401E-6
1876,75378026989;9,75652696110596E-5;3,952552947782E-5
1936,41782443995;1,03952094017172E-4;3,55438832404534E-5
2000;1,03324986031331E-4;3,18506134821101E-5
